:020000040800F2
:1000000000000220CD4300081944000819440008EC
:1000100019440008194400081944000800000000B1
:10002000000000000000000000000000194400086B
:100030001944000800000000194400081944000891
:10004000194400081944000819440008194400081C
:10005000194400081944000819440008194400080C
:1000600019440008194400081944000819440008FC
:1000700019440008194400081944000819440008EC
:100080001944000819440008194400082D2C0008E0
:10009000312C000819440008212C000819440008DC
:1000A00019440008194400081944000819440008BC
:1000B00019440008194400081944000819440008AC
:1000C000194400081944000819440008194400089C
:1000D000194400081944000819440008194400088C
:1000E000194400081944000819440008194400087C
:1000F000194400081944000819440008194400086C
:10010000194400081944000819440008194400085B
:10011000194400081944000819440008194400084B
:10012000194400081944000819440008194400083B
:10013000194400080000000000000000412C0008E5
:10014000452C000819440008352C00081944000803
:10015000194400081944000819440008194400080B
:1001600019440008194400081944000819440008FB
:100170001944000819440008194400080000000050
:10018000000000001944000800000000000000000A
:100190001944000800000000000000001944000895
:1001A00000000000000000000000000019440008EA
:1001B00019440008194400081944000819440008AB
:1001C000194400080348044B834202D0034B03B197
:1001D00018477047600D0020600D002000000000EF
:1001E0000548064B1B1AD90F01EBA301491002D099
:1001F000034B03B118477047600D0020600D0020CD
:100200000000000010B5064C237843B9FFF7DAFF71
:10021000044B13B10448AFF300800123237010BDD9
:10022000600D0020000000001C1C020808B5054BF2
:100230001BB105490548AFF30080BDE80840FFF752
:10024000CFBF00BF00000000640D00201C1C02088E
:10025000A3F5803A704700BF174B002B08BF134B24
:100260009D46FFF7F5FF00218B460F461348144AC1
:10027000121A0CF0ADFF0E4B002B00D098470D4B1F
:10028000002B00D098470020002104000D000D48ED
:10029000002802D00C4803F0E2F80DF039F92000F4
:1002A000290003F06BFB03F0D7F800BF0000080043
:1002B000000000006D39000800000220600D0020E1
:1002C000F82300205F3400080000000010B5094B3F
:1002D000036003F1200280330446C0F8BC20C0F85C
:1002E000C030BC3007F0C6FB204606F0A1FE204619
:1002F00010BD00BFDCA80108A0F1BC00E6E7A0F13A
:10030000C000E3E710B5094904460DF039F918B902
:10031000BDE8104000F0C8BE20460DF091FB20B1B2
:100320002046BDE8104000F081BE10BDA488010841
:1003300013B5002401A96846CDE9004400F0E8FDAA
:100340000F49104807F0BAFB019BABB90E490D48A5
:1003500007F0B4FB0D490B4807F0B0FB02B010BD2D
:10036000009A0B49074802EBC40312F83420B3F992
:10037000023007F0A3FB0134019BA342F0DCE9E764
:10038000A9880108EC0E0020CB880108398B0108F0
:10039000DE88010830B5204985B005460DF0F0F83B
:1003A00020B905B0BDE83040FFF7C2BF1B490522A8
:1003B00028460CF05BFF044618BB0190184901AABF
:1003C000681D0CF011FB012815D103A902A8CDE985
:1003D000024400F09DFDDDE90213019A9C4204DB1A
:1003E0001049114807F06AFB09E011F83400904207
:1003F0000ED00134F2E70D490B4807F05FFB05B062
:1004000030BD0B49084805B0BDE8304007F056BB89
:10041000D0B200F08DFDF2E7FB88010800890108E9
:100420000689010867890108EC0E00200989010886
:100430003289010838B5234C234806F029FD23787A
:10044000D8B1DBB9214807F027FB214AC0B20A28FE
:10045000136801D00D2809D100201E498342C854D9
:10046000C4BF0123237000231360E5E7622BDFBFC5
:10047000591C1160174AD054DEE79BB100F042FED0
:10048000A0B1144D28460DF0DBFA012804D12878DC
:10049000A0F13003012B06D90F490C4807F00EFBE1
:1004A0000023237038BD00F075FDF9E700F024FE4D
:1004B0000228084802D1FFF725FFF1E7FFF76AFF9E
:1004C000EEE700BFC00D0020300E0020EC0E002033
:1004D000C40D0020C80D00208D89010807B54B48C8
:1004E0004B4C4FF4E13106F0BFFC4A494A4807F053
:1004F000E5FA4A49484807F0E1FA4949464807F011
:10050000DDFA2378002B4DD0404806F0C1FC0028CE
:1005100077D1444C207800F073F9434B2078197858
:10052000424C00F0F7FD3B493B4807F0C7FA404911
:10053000394807F0C3FA3F49374807F0BFFA3E4948
:10054000354807F0BBFA3D49334807F0B7FA3C4954
:10055000314807F0B3FA3B492F4807F0AFFA3A4960
:100560002D4807F0ABFA394805F076FF384805F01A
:1005700073FFB7EE008A00F095F9344805F0ACFF40
:1005800007EE900AF4EEC87AF1EE10FA04DD00F0FE
:10059000BFFD2E4805F0B9FFFFF74CFF204607F0DE
:1005A00037F8E8E72B491C481E4D07F087FA2A491F
:1005B00019486A4607F09FFA9DF800302B70013BFE
:1005C000DBB2FD2B04D92549134807F077FA98E7E9
:1005D0002349114807F072FA01AA1F490E4807F093
:1005E0008AFA9DF80430104A13705A1ED2B2FD2ABE
:1005F000E9D82A789A4201D11A49E5E70123237004
:100600007FE7054807F048FA7EE700BF300E00207C
:100610002C0E0020C6890108EC0E0020F18901088B
:10062000C78901082E0E00202D0E00200AD7233C7A
:100630009B8A0108B48A0108CC8A0108D78A01087C
:10064000F88A0108148B0108318B0108A00D0020E5
:10065000800D00200A8A0108068901082A8A0108FB
:100660004B8A0108758A010810B50446FFF72EFE73
:10067000204603F05CF8204610BDA0F1BC00F3E773
:10068000A0F1C000F0E7000007B54FF41653009347
:100690000322002302210D4806F03AF80C4A0D49C6
:1006A0000A4802F0D7FE0C4805F040FF084A0B4903
:1006B000094802F0CFFE0A4805F038FF044A07490E
:1006C000074803B05DF804EB02F0C4BE300E002012
:1006D000C8010020CD020008A00D002039640008E8
:1006E000800D002008B5074A074B12781B7893420B
:1006F00006D1064906481A4607F0E0F9012008BD70
:100700000020FCE79D180020CC0100205C8B010834
:10071000EC0E0020024B1870062000F06FB900BFED
:10072000080F002038B50546FFF7DCFF0128044616
:1007300006D1054905482A4607F0C0F9204638BDCC
:10074000034B1D70FAE700BF9B8B0108EC0E0020E5
:100750009D18002070B50D4E0D4D3478844228BF91
:10076000044622460B4829460DF0CAF832780A4B57
:10077000121BD2B21C7032702AB1291928460DF012
:10078000BFF8012070BD1046FCE700BF9C1400209C
:100790009D1400200C1300200B13002038B50546D3
:1007A00010460C46FFF7BEFF01280FD0192C13D9B5
:1007B000224629460E480DF0A3F80E4B1A201C7055
:1007C000FFF7C8FF072000F019F90CE0072000F040
:1007D00031F90028EAD038BD0748224629460DF0F5
:1007E0008FF8064B1C70BDE83840042000F006B9B5
:1007F0009D1400209C1400200C1300200B130020DB
:1008000010B50A4B0A4C00221A70207000F00CF947
:10081000FFF768FF207800F07BF9064800F036FD0E
:10082000BDE81040044800F037BD00BF9D1800200F
:10083000CC0100209D070008150700082DE9F341B1
:10084000164D1F4695F80080154B144698440E46E9
:1008500000F0D1F82246014640460DF051F82B78C1
:10086000023B1C44E4B2012F2C7003D09DF82030D1
:10087000012B10D100F08EF9074600F085F93B46B8
:10088000009022460648314600F014FD00202870F2
:1008900002B0BDE8F0810120FAE700BF0A0F002096
:1008A0000B0F0020F7B5394E394D32782C78A24223
:1008B00006D023463749384807F000F92C783470C1
:1008C0001CB1012C56D003B0F0BD062000F0B2F8E8
:1008D00070B1324B187800F037F9B0FA80F0400967
:1008E00000F0FEFC062003B0BDE8F04000F090B838
:1008F000032000F09FF8C0B100F036F9054600F083
:1009000039F9044600F03AF9064600F049F907467D
:10091000204600F056F8C0B200903B4632462946C9
:100920002046FFF78BFF0320DDE7042000F082F86C
:100930000028C8D01A4C1B4B26781F78072000F0DF
:1009400079F8B0FA80F04009174900903B463246EA
:10095000164800F040F8164B01461A78134800F08C
:10096000E9F8237804200133237000F051F80123C3
:100970002B70A8E7002000F05DF80028A3D0002627
:1009800020462E7000F0A4FC3046ACE79E180020F4
:100990009F180020C08B0108EC0E0020080F0020DB
:1009A000090F00200B1300200C130020D41300208B
:1009B0009D1800200078013801288CBF00200120FC
:1009C00070470078431E5842584170470078B0FA8B
:1009D00080F04009704710B51C469DF80830427001
:1009E000012B18BF02230370224602300CF088FF4F
:1009F000A01CC0B210BD023070470000034A0123A2
:100A0000116883400B431360704700BFA01800209B
:100A1000044A012303FA00F0136823EA0003136079
:100A2000704700BFA0180020014B00221A607047D9
:100A3000A0180020024A0123834010681840704724
:100A4000A0180020054B1B785A1E012A02D800204E
:100A5000FFF7D4BF0BB90120FAE77047DC1800207C
:100A6000F7B501931E460B780093074613460C46D4
:100A700015461E4902461E4807F020F807F0B6F852
:100A800007EE900AFAEEE07AF5EEC07AF1EE10FA8F
:100A900022DD2A46214617480CF032FF164B1F7004
:100AA000164B1D7001F0DCFF154B187001F0D2FFE2
:100AB000144B1880144B20461E70FFF77BFF28B1A3
:100AC000032003B0BDE8F040FFF798BF2046FFF7D2
:100AD0007DFF40B10220F4E70C49054803B0BDE8B2
:100AE000F04006F0EBBF03B0F0BD00BFE58B01089E
:100AF000EC0E0020AA180020A9180020A818002039
:100B0000A5180020A6180020A41800201E8C01089B
:100B100010B50446002006F095FE07F05FF8204669
:100B2000024A0349BDE8104001F036BF610A0008DF
:100B3000450A000810B5044601F050FF014B227829
:100B40001A7010BDDC18002010B501F08FFF0446AC
:100B500020B102460249034806F0B0FF204610BD0E
:100B60002D8C0108EC0E0020014B1878704700BF57
:100B7000A918002000487047AA180020014B1878D7
:100B8000704700BFA8180020014BB3F90000704760
:100B9000A6180020014B93F900007047A51800200B
:100BA000014B1878704700BFA4180020036818474D
:100BB0000B68036070477047C36810B504460BB1FB
:100BC0009B689847204610BD38B50546064B45F84A
:100BD000283B044605F0E9FC2846FFF7EDFF2046D8
:100BE00005F020FC204638BD90A8010810B5044649
:100BF000FFF7EAFF204602F09AFD204610BD0000F4
:100C000010B5034B03600446FFF7DEFF204610BD1E
:100C1000A4A8010810B50446FFF7F2FF204602F031
:100C200086FD204610BD000008B50C4805F0D2FB3B
:100C30000A480B4B40F8283B102200210CF0C8FA60
:100C4000064A08490548012382F83830064B1360EC
:100C5000BDE80840054A02F0FDBB00BFE0180020D7
:100C600090A80108010C0008A4A80108C8010020F0
:100C700070470000F8B51348134F05F03DFC002104
:100C80003B68DFF848C005460C4642F2107E9C42A5
:100C900002DB01B13B60F8BD0CEBC4025068281ABE
:100CA00070450DD92646013BB34202F1080201DC32
:100CB0000121ECE792E80300013602E90300F3E7C3
:100CC0000134E4E720190020801900208419002055
:100CD00028B9034B03491A78034806F0EFBE704762
:100CE000D81900205F8C0108EC0E0020F0B59BB0F5
:100CF0000446BDF980600F46154652B1007822289F
:100D000000F09A8007D8202853D021287ED01028C0
:100D100019D01BB0F0BD302800F0A1804028F8D1D8
:100D2000022AF6D95D4D2B78022BF2D163785C4C08
:100D300022789A42EDD15B495B4806F0BFFE002362
:100D40002B702370E5E7022AE3D9584BA2781B7871
:100D50009A42DED116F11E0FDBDB554B6578554A02
:100D60001C680021A14216DB0A2CD2D0621C52481A
:100D70001A6005F0C1FB4F4901F8345001EBC40182
:100D8000334648604E8048484C492A461BB0BDE86F
:100D9000F04006F093BE12F83100A84202EBC10702
:100DA00005D145487E8005F0A7FB7860B1E70131A9
:100DB000D8E7022AADD93D4B1A78A3789342A8D13F
:100DC0003F4A364910780978647801430CD1147091
:100DD0003C493548224606F071FE3B4932481BB07B
:100DE000BDE8F04006F06ABE22228DF8042001A87A
:100DF000224603218DF805308DF8064000F052FAA6
:100E000032492948224606F059FE82E7022A80D953
:100E1000224B1A78012A7FF47CAF214A117862783C
:100E20008A427FF476AF0221197029491E481BB00F
:100E3000BDE8F04006F042BE022A7FF66AAF1748CE
:100E40000378012B7FF465AF154B61781A788A42DD
:100E50007FF45FAF0021017019701E49E6E7032A95
:100E60007FF657AF0D4B1B78022B7FF452AF0C4B24
:100E700062781B789A427FF44CAF6422002101A86B
:100E80000CF0A6F9EA1EE11C01A80CF039FD12498C
:100E9000054801AB3A4606F011FE3AE7D6190020A4
:100EA000D5190020638D0108EC0E0020D819002010
:100EB0008019002084190020201900207D8C010851
:100EC000D4190020A78C0108CC8C0108E78C0108FC
:100ED000108D0108358D0108518D010807B51023CB
:100EE0008DF80430074B1B788DF80530064BFF2238
:100EF0001B788DF80630032101A800F0D3F903B068
:100F00005DF804FBD8190020D7190020FFF7E6BFD1
:100F100038B505460C46FFF7ADFE034B2B60034B7F
:100F20001B68236038BD00BF841900208019002091
:100F300013B5124B1A78044632B11149114802B068
:100F4000BDE8104006F0BABD20228DF804200E4AFC
:100F50008DF8060012788DF8052001221A700B4BCF
:100F600002461870032101A800F09CF908490548C1
:100F7000224606F0A3FD02B010BD00BFD619002026
:100F8000898D0108EC0E0020D8190020D519002009
:100F9000A18D010813B51D4C2278D2B131281AD188
:100FA00021238DF804301A4B8DF806201B788DF81C
:100FB0000530184B02211970174B032101A81A7034
:100FC00000F070F922781549154806F077FD0023E6
:100FD000237002B010BD302811D122238DF80430C7
:100FE0000B4B8DF806201B788DF8053001A80321E6
:100FF00000F058F90B490A4806F060FDE7E70A4996
:10100000074802B0BDE8104006F058BDD4190020D2
:10101000D8190020D6190020D5190020CB8D010841
:10102000EC0E0020F18D0108088E010870B5194BF7
:101030001B78022B9AB0054606D0174917481AB0FC
:10104000BDE8704006F03ABD612200210DF10700B5
:101050000CF0BEF830238DF80430114B114E1B7884
:101060008DF80530284633788DF806300CF0E8FC12
:101070006028A8BF60200446024629460DF10700FB
:101080000CF03EFCE11C3278C9B201A800F00AF96C
:101090001AB070BDD61900202D8E0108EC0E00206C
:1010A000D8190020D519002037B50E4D2B78022B0A
:1010B00016D140230C4C8DF804300C4B22781B7851
:1010C0008DF80530032101A88DF8062000F0EAF81C
:1010D00022780749074806F0F1FC00232B702370A3
:1010E00003B030BDD6190020D5190020D819002032
:1010F000488E0108EC0E0020014B1878704700BFA5
:10110000D6190020014B1878704700BFD419002071
:10111000FFF7B0BD70B52C4B2C4D2D4E002488B080
:101120001C702C4B28701C702B4B2C481C602C4BBB
:1011300031701C7000F098F82A4800F09BF82A489B
:1011400000F09EF8294805F087F921461022284C26
:1011500068460CF03DF8274B009303941CB1694698
:1011600004A8FFF725FD0794234C05F0AFFF636B40
:1011700023B994F838300BB105F02CFD1F48FFF768
:101180001BFD079B1BB15B681C4804A99847079B84
:101190001B4A19486363002305F0EFF905F0ACFF23
:1011A00004A8FFF709FD6846FFF706FD1549164834
:1011B00006F084FC33782A781449134808B0BDE857
:1011C000704006F07BBC00BFD6190020D819002063
:1011D000D7190020D519002080190020ED0C000837
:1011E000D4190020710C0008D10C0008201900202F
:1011F000E0A301080D0F0008401900206819002025
:10120000C0C62D006B8E0108EC0E00208C8E0108EC
:1012100008B50F4805F0DEF80D480E4B40F8283BA6
:10122000102200210BF0D4FF094A0B490848012382
:1012300082F83830094A02F00DF9094805F076F9CC
:10124000BDE80840054A0749054802F003B900BF58
:101250004019002090A80108C90B0008C80100200F
:101260002019002039640008014B1860704700BF46
:10127000E0190020014B1860704700BFDC19002006
:10128000014B1860704700BFE8190020014B18603F
:10129000704700BFE4190020014B1860704700BF81
:1012A000EC190020024B1B6803B11847704700BFC0
:1012B000E419002030B4054CBDF9085024681CB175
:1012C0000295A44630BC604730BC7047E01900204E
:1012D000024B1B6803B11847704700BFDC190020A0
:1012E000024B1B6803B11847704700BFE819002084
:1012F0000FB407B5064B04AA1B6852F8041BD86844
:10130000019208F025FE03B05DF804EB04B07047CD
:10131000EC070020002000F05BBF00002DE9F04149
:10132000BDF81C50B5F5806F06460C4690461F462A
:1013300006D322482946FFF7DBFF0620BDE8F081EF
:10134000022000F0A1FC08B10720F7E73146022097
:1013500000F0F6FC4FFA88F1022000F02DFD39462E
:10136000022000F047FD0699022000F061FD2146B1
:10137000022000F0C7FC8EB90B3C012C12D80121D1
:10138000022000F0A1FC7DB90121022000F06EFDD9
:1013900000F0D6FD0130D7D00020CFE7012E01D1DB
:1013A0000C2CECD00021EBE70021022000F05EFDC8
:1013B0002946022000F078FDEAE700BFA68E01086A
:1013C0007047000084B038B504AC84E80F000220F8
:1013D000DDE9085400F058FC20B10720BDE8384092
:1013E00004B070470C2C15D921461148FFF780FF37
:1013F0000C21022000F086FCA5B90B3C012C15D86D
:101400000121022000F060FC00F09AFD0130E4D0E0
:101410000020E3E7052CEFD821460548FFF768FFD9
:101420000621E6E7012D01D10C2CE9D00021E8E7E7
:10143000368F01080FB407B5064B07491B6805AA8C
:10144000D868019208F084FD03B05DF804EB04B0A5
:10145000704700BFEC0700205F8F010884B010B513
:1014600002AC84E80F009DF80D10012905D0BDE8FD
:101470001040254804B0FFF7DDBF9DF82930332028
:101480005BB301F009F840F04101C9B2332000F02C
:10149000F8FF19213B2000F0F4FF9DF827309DF85C
:1014A0002A402BB31D21112000F0EBFF402000F05B
:1014B000F3FF00F03301402000F0E3FF00210F2094
:1014C00000F0DFFF00210D2000F0DBFFD4B105208C
:1014D000BDE8104004B001F017B800F0DDFF00F0E7
:1014E000BE0141F00101332000F0CBFF1D21D1E707
:1014F0001F21112000F0C5FF402000F0CDFF00F0BB
:101500003F01D8E70620E3E75F8F010884B02DE9AB
:10151000F04106AC84E80F000898BDF832609DF8F1
:101520003450BDF842700B9CDDF8288000F0CCFFF1
:101530001D2000F0B1FF9DF831309DF8301041EAD8
:10154000C3019DF8363041EA881141EA430141EA7E
:101550008501C9B21D2000F094FF1E2000F09CFF01
:10156000C7F3012100F00C0041EA04110143C9B2A4
:101570001E2000F086FFF9B21F2000F082FF310A22
:10158000202000F07EFFF1B2212000F07AFF25B18B
:101590009DF83510222000F074FF9DF837306BB1B4
:1015A0004B2000F079FF60F07F01C9B24B2000F0C2
:1015B00068FF9DF83810242000F063FF062C4FF0E0
:1015C00031000FD100F068FF00F0F80141F0050193
:1015D000312000F056FF0C21BDE8F041372004B067
:1015E00000F04FBF00F058FF00F0F80141F0030198
:1015F000312000F046FF0A21EEE78021122000F0A2
:1016000040BF4021122000F03CBF07B5122000F07F
:1016100043FF8DF807009DF80700C0F3401003B0AA
:101620005DF804FB2021122000F02BBF08B5192023
:1016300000F032FF030643BF4042C0F38500404242
:1016400040F3870008BD84B010B502AC84E80F00F9
:101650009DF938401A2000F01FFF002CB8BF8B3CCA
:101660004FEA2013B8BF0019BDE81040A8BF8B385F
:10167000184400B204B0704738B50546132000F096
:101680000BFF04460146284600F016FF204638BDF1
:101690000FB407B5064B04AA1B6852F8041BD868A0
:1016A000019208F055FC03B05DF804EB04B07047FC
:1016B000EC07002008B528B90848FFF7E9FF4FF00C
:1016C000FF3008BD402905D90548FFF7E1FF6FF05D
:1016D0000100F6E7BDE8084000F0CEBD9E8F01088E
:1016E000CA8F0108F8B5074601200D4614461E466C
:1016F00000F0CAFA08B10720F8BD3946012000F011
:101700003DFB2946012000F01BFB71B2012000F0D7
:1017100053FBBDF81810012000F06CFB0799012065
:1017200000F086FB2146012000F0ECFA65B90B3C85
:10173000012C0DD80121012000F0C6FA00F0D2FBE7
:101740000130D8D00020D7E7012D01D10C2CF1D0E9
:101750000021F0E784B038B504AC84E80F00012024
:10176000DDE9085400F090FA20B10720BDE83840C8
:1017700004B070479DF91C0000F010FC50BB012024
:1017800000F082FA0028F0D10C2C15D9214612481D
:10179000FFF77EFF0C21012000F0B4FAA5B90B3C45
:1017A000012C15D80121012000F08EFA00F09AFBDF
:1017B0000130DAD00020D9E7052CEFD821460648C1
:1017C000FFF766FF0621E6E7012D01D10C2CE9D0D9
:1017D0000021E8E70120C9E7368F01080FB407B5FB
:1017E000064B07491B6805AAD868019208F0B0FBB0
:1017F00003B05DF804EB04B0704700BFEC070020B5
:101800000490010884B070B504AC84E80F0009208E
:101810009DF9404000F040FE06465A2000F03CFE94
:101820009DF8103003F0FD03012B14BF002380232B
:10183000054606F07F001843030600F0F00127D5A7
:10184000112CCBBF45F0070505F0F805EDB245F0CA
:10185000040505F00703072B12D1142CA8BF14248C
:10186000052CB8BF0524631F1943C9B2092000F035
:1018700008FE2946BDE870405A2004B000F001BEC1
:10188000112CA8BF1124022CB8BF0224A31EEBE721
:101890000E2CA8BF0E2444EAE47401342143E4E78B
:1018A00084B008B50DF1080C8CE80F009DF80D1000
:1018B000012905D0BDE80840124804B0FFF78EBFEB
:1018C0009DF827309BB1F521112000F0DAFD402072
:1018D00000F0E2FD00F03301402041F0400100F053
:1018E000D0FDBDE80840032004B000F00DBEF72194
:1018F000112000F0C6FD402000F0CEFD00F03F01B9
:10190000EAE700BF0490010884B02DE9F0418AB0F5
:1019100010AC84E80F009DF94C30089314AD0FCD46
:101920006C46159EBDF85A70DDF850800FC495E8DE
:101930000F0084E80F0010AB0FCBFFF763FF129886
:1019400000F0C2FD9DF85F306BB14B2000F0A4FDAC
:1019500060F07F01C9B24B2000F093FD9DF860104C
:10196000242000F08EFD1D2000F096FD9DF85930DA
:101970009DF8581041EAC3019DF85C3041EA881196
:1019800041EA83019DF85E3041EA4301C9B21D205E
:1019900000F077FD1E2000F07FFD00F00F0141EA0E
:1019A0000611C9B21E2000F06CFD390A202000F09B
:1019B00068FD2120F9B200F064FD062E4FF03100E1
:1019C00010D100F069FD00F0F80141F0050131206F
:1019D00000F057FD0C2137200AB0BDE8F04104B0FB
:1019E00000F04FBD00F058FD00F0F80141F0030198
:1019F000312000F046FD0A21EDE70821122000F019
:101A000040BD08B568B1332000F046FD00F0BE01CE
:101A1000332000F036FD19213B20BDE8084000F0DE
:101A200030BD332000F038FD00F0BE0141F001016F
:101A3000332000F026FD1D21EEE738B504462220B4
:101A40000D4600F01EFD00210E2000F01AFD0021C1
:101A50000D2000F016FD012000F01EFD30F0F8030F
:101A600004D100F07FFD012005F0E0FD294620466D
:101A7000BDE8384000F01BBD0FB407B5064B04AA03
:101A80001B6852F8041BD868019208F061FA03B091
:101A90005DF804EB04B07047EC07002010B50A4C69
:101AA00021788142024605D00848FFF7E5FF4FF054
:101AB000FF3004E0022001F003F808B9207010BDE7
:101AC0000348FFF7D9FFF2E7681A002038980108A9
:101AD0008E98010808B5044804F067FD00F045FD44
:101AE000024B01221A7108BDF8190020381A002093
:101AF00013B5174C2379022B03D0032B19D002B056
:101B000010BDFFF75DFCFFF7E5FF032000F0D8FFF5
:101B1000012808D000230F4A0093146819461A467A
:101B20000120A047EBE70C4802B0BDE81040FFF7EA
:101B3000A3BF204600F05CFD94F8280000F049FDAA
:101B40000123237102B0BDE8104000F0E9BF00BFDF
:101B5000381A00206C1A00200E9801082DE9F04177
:101B6000354C267988B046B134483146FFF784FFBA
:101B70004FF0FF3008B0BDE8F081314B1860314BB9
:101B800031481960FFF778FF4FF4807006F016F8BF
:101B90002E4B186028B92E48FFF76EFF6FF001003A
:101BA000E8E74FF4FA6262620E2222730B22294B9D
:101BB000626108224FF00108A360628304230522BA
:101BC000204684F820306285237084F805802677CB
:101BD000E67784F81E8084F82160266184F81980F5
:101BE000667784F8228084F8288000F001FD25467D
:101BF000014605F8100B1848FFF73EFF0FCD6F4662
:101C00000FC795E80F0087E80F0094E80F00FFF773
:101C1000A1FDA5F1100CBCE80F006F460FC795E8B9
:101C20000F0087E80F0094E80F00FFF7CBFB84F864
:101C3000048030469EE700BF381A00200591010855
:101C4000701A00206C1A002056910108F01900202B
:101C5000839101082021F636BD91010808B50420C2
:101C600000F02EFF012805D10648FFF705FF4FF0D1
:101C7000FF3008BDFFF72EFF022000F021FF0020FB
:101C8000F7E700BFD391010838B5054618B90A48EF
:101C9000FFF7F2FE05E0094C217829B10848FFF76B
:101CA000EBFE4FF0FF3004E0084600F009FF08B9F2
:101CB000257038BD0348EBE7E3950108681A00205A
:101CC000209601086396010838B504460D4600F0D9
:101CD00021FF0128084B06D11A78A24203D1074BF5
:101CE00000201D7638BD06481A782146FFF7C4FE4D
:101CF0004FF0FF30F6E700BF681A0020381A0020C6
:101D00008495010838B504460D4600F003FF01280C
:101D1000084B06D11A78A24203D1074B00205D611F
:101D200038BD06481A782146FFF7A6FE4FF0FF306F
:101D3000F6E700BF681A0020381A00202595010830
:101D400038B504460D4600F0E5FE0128084B06D1E3
:101D50001A78A24203D1074B00201D6138BD064806
:101D60001A782146FFF788FE4FF0FF30F6E700BFF4
:101D7000681A0020381A00209796010838B50446E2
:101D80000D4600F0C7FE0128084B06D11A78A24282
:101D900003D1074B00201D7338BD06481A78214631
:101DA000FFF76AFE4FF0FF30F6E700BF681A002029
:101DB000381A0020A993010838B504460D4600F0F2
:101DC000A9FE0128084B06D11A78A24203D1074B7D
:101DD00000205D7638BD06481A782146FFF74CFE94
:101DE0004FF0FF30F6E700BF681A0020381A0020D5
:101DF000C694010838B504460D4600F08BFE012854
:101E0000084B06D11A78A24203D1074B00205D830C
:101E100038BD06481A782146FFF72EFE4FF0FF30F6
:101E2000F6E700BF681A0020381A0020F096010873
:101E300038B504460D4600F06DFE0128084B06D16A
:101E40001A78A24203D1074B00209D6038BD064896
:101E50001A782146FFF710FE4FF0FF30F6E700BF7B
:101E6000681A0020381A0020B097010838B50446D7
:101E70000D4600F04FFE0128084B07D11A78A24208
:101E800004D1074B002083F8225038BD05481A784A
:101E90002146FFF7F1FD4FF0FF30F6E7681A00200A
:101EA000381A00205297010838B504460D4600F054
:101EB00031FE0128084B06D11A78A24203D1074B04
:101EC00000205D8538BD06481A782146FFF7D4FD0D
:101ED0004FF0FF30F6E700BF681A0020381A0020E4
:101EE00069940108F0B589B000F014FE0128114B87
:101EF00018D11F78012F15D10F4E06F1100500F0F3
:101F000037FB0FCD6C460FC495E80F0084E80F0037
:101F100096E80F00FFF7F8FC3846FFF7BFFD0020FA
:101F200009B0F0BD05481978FFF7A6FD4FF0FF3066
:101F3000F6E700BF681A0020381A00204593010810
:101F4000F0B589B000F0E6FD0128114B18D11F78DB
:101F5000022F15D10F4E06F1100500F009FB0FCD31
:101F60006C460FC495E80F0084E80F0096E80F0058
:101F7000FFF7CCFA3846FFF791FD002009B0F0BD1D
:101F800005481978FFF778FD4FF0FF30F6E700BFFE
:101F9000681A0020381A0020E1920108F0B58BB0D1
:101FA000044600F0B7FD0128104B17D11F78012F10
:101FB00014D10F4E089406F110050FCD6C460FC4D6
:101FC00095E80F0084E80F0096E80F00FFF71AFC71
:101FD0003846FFF763FD00200BB0F0BD05481978C7
:101FE000FFF74AFD4FF0FF30F6E700BF681A002008
:101FF000381A0020059401080E4B1B79022B13B5EB
:1020000010D1FFF7FAFAFFF765FD032000F058FD45
:10201000012809D00023084A0093146819461A467B
:102020000120A04702B010BD044802B0BDE8104036
:10203000FFF722BD381A00206C1A0020FB9101081E
:102040002DE9F041454E3479022C8AB067D1FFF773
:10205000D8FAFFF7DAFA012829D1FFF7E3FA96F860
:102060002250ADB9FFF736FD032000F029FD01280D
:1020700008D03B4B00951E682A462B462946204631
:10208000B04711E037480AB0BDE8F041FFF7F4BCB3
:1020900000F040FD0328F5D10023314A0093156874
:1020A00019461A462046A8470AB0BDE8F081FFF756
:1020B000BDFA06F11005089007460FCD6C460FC417
:1020C00095E80F0084E80F0096E80F00FFF7BBFAD1
:1020D000254C80462068FFF7CFFA96F82260054627
:1020E0008EB9FFF7F7FC032000F0EAFC012808D0C6
:1020F0001B4B00971F68216843462A463046B84765
:10210000D2E71A48BFE700F005FD0328F9D1144BC8
:1021100000971E68216843462A460020B0E7032C3A
:1021200014D1134804F041FAFFF767FCFFF7D2FC23
:10213000204600F0C5FC012806D00E4B1B6800208D
:102140000AB0BDE8F04118470B489CE70B48214610
:102150000AB0BDE8F041FFF78FBC00BF381A00207D
:102160006C1A00203E900108F01900207A900108B6
:10217000F8190020701A0020B5900108E9900108B4
:102180002DE97043044699460D46904604F09EFFA3
:10219000636B23B994F838300BB104F01BFD04F1E4
:1021A0002806AE420BD03046FEF706FD3EB1EB6886
:1021B0001BB15B68294630469847EB68636342462B
:1021C0004B46204604F0D9F9BDE8704304F094BFB3
:1021D000F0B506468DB0012000F072FC012806D152
:1021E0001E48FFF749FC4FF0FF300DB0F0BD1C4B0F
:1021F0001C4F18684FF48072002107F110050AF097
:10220000E7FF0FCD6C460FC495E80F0084E80F0080
:1022100097E80F00FFF722F902233B71E6B1102285
:10222000002108A80AF0D4FF0F4B089330460F4B4B
:102230000B9314F06BFF00220D4B14F0E1FF15F02F
:1022400057FB02460B460B4808A9FFF799FF08A861
:10225000FEF7B2FC0020C8E73046C6E72A92010824
:10226000F0190020381A0020F11A0008E0A3010834
:1022700000408F40F8190020F0B5304C2379032B33
:102280008FB006460D4606D12D48FFF7F5FB4FF0FF
:10229000FF300FB0F0BD042000F012FC0128F3D095
:1022A000FFF718FC0A2005F0C1F9022000F008FC35
:1022B000012000F005FC012801D12248E5E76379FF
:1022C0001BB1012B03D000270CE01F48DDE794F879
:1022D0002100FFF796FB2946304684F82E50FFF781
:1022E000ACFB676A194E08970FCE6D460FC596E88E
:1022F0000F0085E80F0094E80F00FFF7D1FA0323E1
:10230000102200210AA823710AF062FF104B0A93E1
:102310003846104B0D9314F0F9FE00220E4B14F0CA
:102320006FFF15F0E5FA02460B460C480AA9FFF7C5
:1023300027FF0AA8FEF740FC0020AAE7381A002071
:102340005192010881920108A8920108481A0020C0
:10235000F11A0008E0A3010800408F40F81900209E
:1023600010B50C4C204604F035F820460A4B40F8D6
:10237000283B102200210AF02BFF012384F838307B
:10238000064B23602046064A0649BDE8104001F08E
:1023900061B800BFF819002090A80108A4A801089E
:1023A000C8010020010C000810B50446044B40F899
:1023B000B83BD4F8C4300BB19B689847204610BD99
:1023C0007CA901080FB407B5064B07491B6805AA8D
:1023D000D868019207F0BCFD03B05DF804EB04B0CF
:1023E000704700BFEC070020BE980108F8B50D4CFF
:1023F0000D4F23681646E2681B040D46136040F03B
:102400008001094804F014FB013D2E44B54205D07B
:1024100015F8011F384604F00BFBF7E7A3682268A4
:102420001A60F8BD301B0020681B0020F8B50E4C68
:102430000E4F23681646E2681B040D46136000F039
:102440007F010A4804F0F4FA013D2E44B54206D05B
:102450000021384604F0ECFA05F8010FF6E7A3680E
:1024600022681A60F8BD00BF301B0020681B0020E6
:1024700010B50446FFF798FF204601F058F92046B2
:1024800010BD07B502AB012203F8011D1946FFF785
:10249000ADFF03B05DF804FB07B501220DF10701A4
:1024A000FFF7C4FF9DF8070003B05DF804FB0A4680
:1024B00001460020FFF79ABF0A4601460020FFF7B9
:1024C000B5BF00000000000010B514F01FFE0CA303
:1024D000D3E9002314F0BEFF15F06AF90446C0F3F7
:1024E00007410620FFF7CDFFC4F307210720FFF7C0
:1024F000C8FFE1B20820BDE81040FFF7C2BF00BF2F
:102500000000000080844E40144910B50A7804464B
:1025100090B932B901230B70114BDA681B681B04A8
:1025200013600120FFF7B8FF00F0F80121430120FC
:10253000BDE81040FFF7A5BF094B2AB11A6800207B
:102540000870D96812040A60032C1A6803D0DB688B
:1025500012041A60E5E79B68FBE700BF441C0020FB
:10256000141B00200120FFF7CFBF0020FFF7CCBFD6
:1025700010B504460120FFF78FFFC0F3C01084425E
:1025800026D0012C13D0FFF7F0FF0120FFF784FFC6
:1025900000F07F010120FFF774FF00214020FFF7CA
:1025A00070FF30214120BDE81040FFF76ABFFFF700
:1025B000DCFF2046FFF770FF60F07F01C9B22046C4
:1025C000FFF75FFF00214020FFF75BFF0021E9E7F5
:1025D00010BD10B504460120FFF7CAFF2CB134210D
:1025E0003920BDE81040FFF74CBF1221F8E700008A
:1025F0002DE9FF47594C054604F068FD01212046AE
:1026000000F000FC04F078FD2368E2681B0413600E
:10261000012005F00BF804F059FD2046002100F0E0
:10262000F1FB04F069FD062005F000F82E784C4C13
:10263000042E1CD104F04AFD0021204600F0E2FBEC
:1026400004F05AFD012004F0F1FF63681A68236862
:102650001A4214BF0126002604F038FD204601214D
:1026600000F0D0FB04F048FD012004F0DFFF2368F8
:10267000E2683C483C4C1B0413603C4B9A681B6866
:1026800013600821002204F0B1F9394804F0C0FFBA
:102690000020FFF739FF1022ACBB214668460AF044
:1026A00097FD69463348344C04F0AFF86846FEF7AE
:1026B00083FA10227CBB214668460AF089FD6946F0
:1026C0002E48DFF8C8802E4C04F09FF86846FEF7CD
:1026D00073FA4FF0030900235F1CDBB2D8F8002027
:1026E000B2FBF9F29A421ED903EB430304EB030A4F
:1026F000E05CFFF73DFF9AF802109AF80100FFF73F
:10270000C0FE3B46E8E7002168460AF061FD1D4B2C
:1027100000940393C5E7002168460AF059FD194B60
:1027200000940393CBE76879174CFFF721FF95F8E6
:102730002800FFF74EFF4220FFF7AEFE38B92046D3
:10274000FFF740FE4FF07E5004F062FFF3E7A86809
:10275000FFF7BAFE304604B0BDE8F0874C1B0020FE
:10276000141B0020681B002041200008301B0020A3
:10277000CDCCCC3D741A0020F91F0008C41A0020EB
:10278000ECA30108E0A30108BE980108D0010020D5
:1027900073B5224D224C234E0A21284603F0DAFF5E
:1027A0002846214D2246314600F054FE132128468A
:1027B00003F0D0FF2246314628461C4D00F04AFE69
:1027C0004FF0FF330093062205230721284604F02B
:1027D00061F922461649284600F03CFE154B1C24A0
:1027E0002246184600210AF0F3FC162103F068FF88
:1027F000114B2246184600210AF0EAFC002103F0A2
:102800004CFF0E4B2246002118460AF0E1FC212124
:1028100002B0BDE8704003F040BF00BF741A002052
:10282000C8010020AD670008C41A0020681B002002
:10283000A9230008301B00204C1B0020141B002083
:102840000FB407B5064B04AA1B6852F8041BD868DE
:10285000019207F07DFB03B05DF804EB04B0704714
:10286000EC07002013B5084B0024CDE90034012209
:10287000082307212046FEF751FDFEF74BFD034BD1
:102880001C7002B010BD00BF2021F636451C002090
:1028900010B5044648B9FFF7E1F9FFF7E3FF084B2D
:1028A0001B682046BDE810401847012807D1FFF7F4
:1028B000D5F9FFF7D7FF024B02201B68F2E710BDE6
:1028C000881C00202DE9F041884615461F469DF9D9
:1028D000186000283BD1202A03D92648FFF7B0FF13
:1028E0002025254C2A46414620460BF009F8234B6B
:1028F0001F80234B1E7026782746FEB9214BA478F3
:102900001B78A34201D0FF2C1BD1A4F1FF035C4232
:102910005C4101261C4B1B78ABB9FFF79FF9FFF711
:10292000A1FF012E24D1194B787819492A1F1D685F
:10293000D2B22346AC46BDE8F041604700242646AB
:10294000E8E73446E6E71348FFF77AFFE9E701389E
:1029500001280DD80C4B1B782BB9FFF77FF9BDE888
:10296000F041FFF77FBF0B48BDE8F041FFF768BFBC
:10297000BDE8F081CB990108461C0020921C002084
:10298000901C0020941C0020451C00208C1C002062
:102990004A1C0020109A01080A4B10B518700A4B07
:1029A00019600A4B0A491A6004460A48FFF7D6F82C
:1029B000094B00225C701A70FFF750F9BDE8104017
:1029C000FFF750BF941C0020881C00208C1C0020A6
:1029D000C528000891280008661C0020F7B5184F8C
:1029E0003C7834B117482146FFF72AFF012003B095
:1029F000F0BD1C2905D914482022FFF721FF032030
:102A0000F5E7124D0E1DAA70F6B20A460146281DC2
:102A10002C70EE700AF074FFFFF720F90C4A0823BF
:102A2000CDE900322146012307220E20FEF75AFE8F
:102A300031462846FEF73EFE01233B702046D6E78E
:102A4000451C0020E098010821990108661C00201F
:102A50002021F636014BB3F900007047921C00208C
:102A6000014B93F900007047901C002010B5074BF4
:102A70001C78012C05D106482146FFF7E1FE2046CF
:102A800010BD044B18700020FAE700BF451C002061
:102A90006B990108941C00200FB407B5064B074939
:102AA0001B6805AAD868019207F052FA03B05DF8D6
:102AB00004EB04B0704700BFEC0700205D9A0108EA
:102AC00037B501460D480E4A037803EB83052A44C7
:102AD000545C012C06D00B4B2B445B5C03702046EE
:102AE00003B030BD0848642202FB03000090074891
:102AF00002FB01020648FFF7CFFFF0E7951C00201C
:102B000033A401081FA40108C8030020D401002039
:102B10005D9A0108014B1878704700BF951C002092
:102B2000014B00221A707047951C002043692DE963
:102B3000F0410D46D907044628D58168334F826895
:102B4000334E836833483940B94202EA060204BF73
:102B50000127A760B24203EA000304BF4FF4807666
:102B6000A660834204BF4FF48030A06027488142B2
:102B700005D027498A4202D0264A934206D1264BE5
:102B8000264A1B6852F8250001219847E2686369CC
:102B9000920708D09F0706D51F4B204A1B6852F8A2
:102BA000250000219847A169626963698E070AD5EB
:102BB000900508D5190406D5174B184A1B6852F81A
:102BC000250005219847A7696669626917F004071F
:102BD00006F4806609D046B1120406D50E4B0F4AA2
:102BE0001B6852F825000721984763695FB156B109
:102BF0001B0408D5084B094A1B6852F8250002211E
:102C0000BDE8F0411847BDE8F08100BF03000004B3
:102C10000003000800000310A01C0020981C0020E6
:102C200000210148FFF782BF00640040FFF7F8BFB2
:102C3000FFF7F6BF01210148FFF778BF00680040A9
:102C4000FFF7F8BFFFF7F6BF30B5036891FAA1F4BC
:102C5000B4FA84F491FAA1F10325B1FA81F1640088
:102C600005FA04F4490023EA040302FA01F11943C6
:102C7000016030BD00B5002389B007286FD8DFE8B8
:102C800000F00413202D3A4754610093364B374827
:102C90001A6B42F001021A631B6B03F001030093ED
:102CA000009B09B05DF804FB01932F4B30481A6B71
:102CB00042F002021A631B6B03F002030193019BB3
:102CC000EFE70293284B2B481A6B42F004021A6379
:102CD0001B6B03F004030293029BE2E70393224B76
:102CE00025481A6B42F008021A631B6B03F00803B5
:102CF0000393039BD5E704931B4B20481A6B42F0C8
:102D000010021A631B6B03F010030493049BC8E7C3
:102D10000593154B1A481A6B42F020021A631B6B7D
:102D200003F020030593059BBBE706930E4B154864
:102D30001A6B42F040021A631B6B03F040030693C8
:102D4000069BAEE70793084B0F481A6B42F08002D0
:102D50001A631B6B03F080030793079BA1E70B48E3
:102D600004F01CFD00209CE70038024000000240F7
:102D70000004024000080240000C02400010024023
:102D80000014024000180240001C02409C9A0108F6
:102D9000431C10B5044604D176220649064803F0C8
:102DA00059FF2046002100F00DFE04F00F04012021
:102DB000A04010BDBD9A0108179B010870B50446DC
:102DC0004B1C0E46218216D0C1F30310FFF752FFB1
:102DD00005463046FFF7DCFF238A074A656103F0AA
:102DE0000F03206052F82330A36105F1100318355A
:102DF0006360A560E56070BD04A80108B0F910002B
:102E000000F078BE0A4619B981694069FFF71CBF16
:102E10000122F9E74C23F0B54343224E224F1A1DFD
:102E2000324400244FF0010E1E448C4205D101466D
:102E3000BDE8F0401D4804F0B1BC33680EFA04F55B
:102E40001D422BD0136B7D690EFA03F32B4225D064
:102E5000D2F818C07B61156805B3FA6833EA02023C
:102E600003D1BA6833EA020214D10F4A916833EAF7
:102E7000010103D1D26833EA02020DD1DCF810203F
:102E8000134214BF01210221094B28461B68BDE8EB
:102E9000F04018470221F7E70121F5E70134043239
:102EA000C3E700BFA41C0020003C0140519B010867
:102EB000B81E002006210846FFF7ACBF05210846D2
:102EC000FFF7A8BF01210420FFF7A4BF01210320C1
:102ED000FFF7A0BF01210220FFF79CBF0121084698
:102EE000FFF798BF01210020FFF794BF012910B51B
:102EF00018D11B4C838952B1A26803F00F0399408B
:102F00001143A160836843F00103836010BDA26890
:102F100003F00F03994022EA0101A160836823F0C6
:102F20000103F2E70229F1D10D4983895AB1CC6836
:102F300003F00F03012202FA03F32343CB608368FB
:102F400043F00203E1E7CA6803F00F03012404FA27
:102F500003F322EA0303CB60836823F00203D4E780
:102F6000003C0140B0F90C3099B270B501F00F0689
:102F700006F00C0404F1804404F59C3401F00301D4
:102F8000A56889000F228A40C3F3031325EA0205CE
:102F90008B402B43A3600F4B01221968B2401143B1
:102FA00019608468E50742BF996811439960A107D9
:102FB00042BFD9680A43DA6090F90030002B08DB81
:102FC0005909012203F01F0302FA03F3024A42F8EF
:102FD000213070BD003C014000E100E02DE9F04FE0
:102FE00092464A1C85B080460C4666D00022039269
:102FF000334A344F516C41F480415164526C02F4B5
:1030000080420392039A04F00F090C2202FB09721A
:10301000C4F303105568062D47D8DFE805F0043ADD
:103020003C3E40424400284E0193FFF723FE0C2112
:1030300001FB09F17A1857F801E0244FA8F80C4079
:103040004C21694301247B5892F90820C8F80450A8
:1030500004FA0EF44FF0000B1C4388F80020C8F867
:1030600008B07C50132101FB05E507EB8501019BAE
:103070004B60174BC861C3F800A0164BC1F83490E1
:103080009B681032404643F82260FFF76BFF5846BA
:1030900010E0114EC8E7114EC6E7114EC4E7114EBD
:1030A000C2E7114EC0E7114EBEE7114804F076FBAF
:1030B0004FF0FF3005B0BDE8F08F0846FAE700BFDB
:1030C00000380240DCA60108E52E0008A41C002000
:1030D000B81E002000ED00E0DD2E0008D52E00080F
:1030E000CD2E0008C52E0008BD2E0008B52E000804
:1030F0002A9B01088389184A03F00F03012110B5A8
:1031000001FA03F39468DB431C409460D4681C40CC
:10311000D46014682340136090F90030002B0CDB5E
:103120005A0903F01F0301FA03F320320B4941F857
:103130002230BFF34F8FBFF36F8F90F90030002B19
:1031400009DB5A09012103F01F0301FA03F360327E
:10315000024941F8223010BD003C014000E100E08E
:10316000838903F00F020C235343104A70B544685F
:10317000D658FFF7BFFF4C210D4A6143012000FAEA
:1031800006F55058132303FB046320EA0500505052
:1031900002EB830000214160981D0C3302EB80009C
:1031A00002EB83034160596070BD00BFDCA60108DB
:1031B000A41C002008B503F07DF8002008BD000025
:1031C00008B50A4B1B684BB103F07EFA04F0A3F973
:1031D0004FF47A72002314F05BFB08BD03F0BEF8D5
:1031E0004FF47A73B0FBF3F008BD00BFBC1E0020A3
:1031F00010B588B003F06AFF052101A803F060FA5A
:103200000424039B019A1A60962004F00FFA019B94
:10321000049A1B041360962004F008FA013CF0D1D4
:103220000424039B019A1A604FF4C87004F0FEF95D
:10323000019B049A1B0413604FF4C87004F0F6F964
:10324000013CEED1DCE7000070B50D46A0B00446AD
:1032500003F03CFF2B4622468021684609F006FD1C
:10326000051E03DC03F048FF20B070BD094B1B684E
:1032700023B903220221084800F090FE064E0024E4
:103280001DF804103046013401F06AF8A542F7D168
:10329000E8E700BF041F0020E42100200FB407B5B9
:1032A00004A951F8040B0191FFF7CEFF03B05DF8BC
:1032B00004EB04B07047000008B502F0A9FF01F06C
:1032C000ADF802F095FF02F0A3FF024B01221A6055
:1032D00008BD00BFBC1E002000207047036801220B
:1032E0001B6900211847036800221B691146184713
:1032F00003681B69184703689B69184703689B6A42
:10330000184700290CBF6FF01800002070470120FB
:1033100070471120704770476FF01C0070476FF0C6
:10332000150070470120704700207047704700006B
:10333000F8B5074E15460C468F18BC4205D014F858
:10334000011B304601F00CF8F7E72846F8BD00BF36
:10335000E421002038B58DB215F0010405D00848ED
:1033600000F098FD041C18BF0124EB0605D50448A5
:1033700000F0A6FD08B144F01004204638BD00BF9F
:10338000E421002010B5044604F020FC204610BDC6
:1033900010B50C462AB1044800F0D0FF207001207F
:1033A00010BD104610BD00BFE421002038B51D46F9
:1033B000074B0360074B1B68044633B9064800F00F
:1033C000EDFD2946044800F0B1FD204638BD00BFA0
:1033D000A4A70108041F0020E4210020002070475A
:1033E0000020704708B5012000F036F80C4A136839
:1033F00010B51844EFF30881884205D3094B0C221D
:103400001A604FF0FF3010BD07490C6824B107491E
:10341000096821448842F1D21060184610BD00BFEF
:1034200058060020A8210020D01E0020D41E002015
:10343000074C08B523680546986808F05BFC2368CC
:10344000D86808F057FC0DB1FFF7D2FEFEE700BFC9
:10345000EC0700200120704708B5FFF7E9FF0120C5
:103460007047002109F0C4B908F07EBC704770476E
:1034700008B5FFF7FBFF08BD08B5FFF7F8FF08BD6B
:1034800010B5037803F00303012B04460CD02BB1D5
:1034900040F2A9520549064803F0DCFB237843F0CB
:1034A00002032370012010BD002010BDEE9B010817
:1034B000459C010810B5037803F00303022B044672
:1034C00005D040F2B1520549054803F0C3FB23780B
:1034D00023F0030343F00103237010BDEE9B0108AA
:1034E0006B9C01083F2870B504462FDC184D55F839
:1034F00020305A1C13D1022811DCFFF771FF03465C
:1035000058B92046FFF76AFF034630B9114E3378A9
:10351000BFF35B8FDB0704D50F4B45F8243018460B
:1035200070BD3046FFF7ACFF0028F5D04FF41653BE
:10353000032202210848FFF739FF3046FFF7BAFFA0
:10354000064A07490448FFF785FFE5E70023E6E759
:1035500058050020C01E0020CC1E0020C8010020FD
:103560002D33000838B50546FFF7BCFF0B4B002490
:1035700043F8254030B909F0C5FF092303604FF037
:10358000FF3038BD03685B699847051E04DA09F00F
:10359000B9FF6D420560F2E7204638BD58050020AE
:1035A000FFF7E0BF38B50C461546FFF79BFF38B96B
:1035B00009F0A8FF092303604FF0FF34204638BD0F
:1035C00003682146DB682A469847041EF6DA09F0AC
:1035D00099FF64420460EFE708B5131E06DA09F0AC
:1035E00091FF162303604FF0FF3008BD04D0FFF7B2
:1035F000D9FF40EAE07008BD184608BD38B50C4652
:103600001546FFF76FFF38B909F07CFF0923036007
:103610004FF0FF34204638BD036821469B682A4698
:103620009847041EF6DA09F06DFF64420460EFE784
:10363000002A08B503DBBDE80840FFF7DFBF09F04B
:1036400061FF162303604FF0FF3008BD10B5FFF790
:1036500049FF044628B909F055FF092303602046B5
:1036600010BD0368DB699847041EF8DA09F04AFFC9
:10367000644204600024F2E71FB504220C46402394
:103680000DEB020101900DF109008DF808300AF0F0
:1036900037F9214602A808F029FD044630B1019807
:1036A000FFF7D4FF10B12046FFF7DBFE204604B041
:1036B00010BDFFF7CBBF38B50C461546FFF712FF1C
:1036C00038B909F01FFF092303604FF0FF3420468B
:1036D00038BD036821461B692A469847041EF6DA5E
:1036E00009F010FF64420460EFE7FFF7E4BF38B56C
:1036F0000D46FFF7F7FE044630B909F003FF092332
:1037000003604FF0FF3038BD0368DB69984700283D
:1037100014BF4FF400534FF400436B6023682046FE
:103720009B6A98472861002038BDFFF7E0BF04F08E
:103730004DBA0000034610B553F8042B044602B9F5
:10374000036022689A4204D05E220349034803F0D2
:1037500081FA206810BD00BF7B9B0108DA9B01083D
:1037600010B504460948FFF7E5FF0023084A19464B
:1037700052F82300A04208BF42F823100133402B27
:10378000F6D10248FFF7D6FF10BD00BFC41E0020CF
:103790005805002010B50F48FFF7CCFF0E4B03244F
:1037A00053F824206AB10134402CF9D109F0AAFE63
:1037B000182303600748FFF7BDFF4FF0FF34204692
:1037C00010BD4FF0FF32034843F82420FFF7B2FF4B
:1037D000F5E700BFC41E00205805002010B50446C0
:1037E000FFF7D8FF0028A4BF014B43F8204010BDCD
:1037F0005805002070B506460C46FFF7EFFF05465A
:1038000090B12146FFF738FF044630B9074B53F813
:103810002520964203D143F82500204670BD09F0CB
:1038200071FE09230360F8E70446F6E75805002017
:103830000EB42DE9F04185B00546FFF7ABFF041E3D
:1038400013DB0023294602A8019303F07BFE02A8A4
:1038500003F0CAFE1B4D064668B909F053FE132358
:10386000036045F824604FF0FF34204605B0BDE802
:10387000F04103B0704702A803F0A4FE074602A877
:1038800037B103F0A8FE0190019B45F82430ECE726
:1038900003F08FFE06460028DFD0036802A8D3F8A5
:1038A000088003F07BFE0B9B024601A93046C0470F
:1038B00006460028E8D009F025FE7642066045F865
:1038C0002470D0E75805002073B50E461849054608
:1038D00009F056FE044620B9FFF704FE204602B068
:1038E00070BD1449284609F04BFE20B90120FFF7AE
:1038F000F9FD0124F2E71049284609F041FE20B9FC
:103900000220FFF7EFFD0224E8E72B78402B07D1D8
:103910000422691C0DEB020009F0F2FF019CDDE7B7
:1039200026F400412846FFF783FF0446D6E700BF90
:10393000F4A70108FBA70108ECA70108704770472E
:10394000074B08499A68084810B5043A52F8044FE2
:1039500041F8044F8142F9D14FF000529A6010BDF6
:1039600000ED00E0FCFFFF1FC001002008B5FFF7DD
:10397000E7FFFFF7A1FCFFF7E2FF08BD08B5FFF77F
:10398000DDFFBDE80840FCF7A9BD30B5C36891FA7A
:10399000A1F4B4FA84F491FAA1F10325B1FA81F10A
:1039A000640005FA04F4490023EA040302FA01F171
:1039B0001943C16030BD012A02D0022A18BF00227B
:1039C000FFF7E3BF2DE9F0410E46411C044604D148
:1039D0003E224449444803F03DF904F00F08434BAC
:1039E000C4F3031053F82850FFF744F906F0070713
:1039F0000446836895FAA5F1B1FA81F195FAA5F22A
:103A00000320490000FA01F1B2FA82F223EA01032D
:103A10005200022101FA02F21343A36087425AD8EE
:103A2000DFE807F05E1D021DB8F1070FC6F30320A3
:103A30003BD9626A2B0A93FAA3F1B1FA81F193FAA6
:103A4000A3F34FF00F0EB3FA83F389000EFA01F1DE
:103A50009B0022EA010200FA03F3134363623B4630
:103A6000226895FAA5F0B0FA80F095FAA5F14FF02A
:103A7000030EB1FA81F140000EFA00F0490022EA8B
:103A800000028B40013F1343012F236005D8636878
:103A900032074CBF2B43AB436360C6F30112294688
:103AA0002046BDE8F041FFF786BF226A95FAA5F3EC
:103AB000B3FA83F395FAA5F14FF00F0EB1FA81F145
:103AC0009B000EFA03F3890022EA030200FA01F3D5
:103AD00013432362C3E767220249054803F0BAF89B
:103AE0000023BDE7AA9C0108179B010804A8010850
:103AF000D3A10108431C70B506460D4604D18822A7
:103B00001B491C4803F0A6F806F00F021A4BC6F337
:103B1000031053F82240FFF7ADF804FB04F20168EC
:103B200002EB42030B40B3FBF2F3013B012B05D840
:103B3000EB1E022B436809D823434360032D08D1B1
:103B400001222146BDE87040FFF735BF23EA040398
:103B50004360012DF4D0052D01D0022D01D10222A8
:103B6000EFE721460022BDE87040FFF70EBF00BF1F
:103B7000AA9C0108179B010804A8010870B5A6B00B
:103B80003422002102A809F023FB5C2200210FA8A7
:103B900009F01EFB2A4B1D68002D4FD1294C0195C1
:103BA00001261E60236C43F080532364236C03F0D2
:103BB00080530193019B00F05DFC042302A8029353
:103BC0000895049600F0C0FF10B11F4803F0E6FD11
:103BD000A36823F4F813A360A36823F4F813A36085
:103BE000236F43F48073236720230F930FA84FF4B0
:103BF00080731F9300F058FD10B1144803F0CEFD00
:103C0000134B144801221A60134B03600322002354
:103C1000826041F6FF7243774360C2600361436193
:103C2000836101F05EF910B10C4803F0B7FD09485B
:103C300001F089FA10B10A4803F0B0FD26B070BD5A
:103C4000E01E002000380240029D0108229D01086C
:103C50003C0E4742E41E0020002800404B9D010816
:103C6000659D0108F0B51F4B1F491C681F4A5D6820
:103C70008BB00C4015401E460F4618680840844221
:103C80002BD158681040854227D105F03F0001F044
:103C900051FA0490C5F3042001F04CFA0138059064
:103CA000280C01F047FA44300690C4F3054001F0B7
:103CB00041FA0390C4F3062001F03CFA029004F0AC
:103CC0007F0001F037FA01220190694601A802F055
:103CD000DFFF00B100980BB0F0BD346875683C4060
:103CE0001540CAE7002800407F7F7F003FFFFF00AC
:103CF000024BD868C0F30010704700BF0028004096
:103D0000214B224A2DE9F0411D691C689E6AC5F3CA
:103D10000E05144018461746196811408C422ED1E2
:103D2000996A8E422BD1C4F3054001F003FA07468D
:103D3000C4F3062001F0FEF9804604F07F0001F094
:103D4000F9F9134A13493C2313FB08004FF461634C
:103D500003FB07001368146898420B683CBF03F527
:103D6000A83303F5C0731B1B03440B601060086885
:103D7000013DC00305EB9000801BBDE8F0810468A5
:103D8000866A3C40C8E700BF002800407F7F7F0074
:103D9000DC1E0020D81E002030B591B00021142276
:103DA000044602A8019109F013FA03F08FF92A4B97
:103DB0002A4A1A6007A90122204602F0B9FF00280A
:103DC00048D00D9B03B907238DF804300B9B0133BA
:103DD0008DF805300A9B8DF806300C9B443B8DF81E
:103DE0000730099B8DF80830089B8DF809300024B6
:103DF000079B8DF80A308DF80B4005940694FFF769
:103E00007FFF9DF809109DF80A2013483C2313FBFF
:103E100001229DF808304FF4616101FB0323104A31
:103E200013600E4B224601A99D6A01F0B3F810B150
:103E30000C4803F0B3FC002202A9074801F00AF97C
:103E400010B1094803F0AAFC044A936A9D42FCD1D0
:103E500003F052F911B030BDE41E002000280040EC
:103E6000DC1E00207E9D0108959D01080FB407B55A
:103E7000064B07491B6805AAD868019206F068F846
:103E800003B05DF804EB04B0704700BFEC070020FE
:103E9000AC9D01084368094A9B0182B0D3581A6857
:103EA000120706D5002201921A6801925A680192FF
:103EB000019A1868C0F3401002B070473022002009
:103EC0004368034A9B01D3581868C0F3C010704779
:103ED0003022002042681449920110B40468545002
:103EE000531882685A60C2689A600269DA6042694F
:103EF0001A61026A9A610022DA84DA619A84DA85A8
:103F00009A85B0F91A20013206D108225A61184662
:103F10005DF8044B01F0B1BEB0F9182001320CBFBE
:103F200004220C22F2E700BF3022002010B581608D
:103F30000C46FFF7CFFF28B121460348BDE81040EB
:103F4000FFF794BF10BD00BFAC9D0108124B984213
:103F500017D0A3F54C43984215D003F580639842DF
:103F600013D003F58063984211D003F58063984223
:103F70000FD003F5444398420CBF05204FF0FF30AB
:103F800070470020704701207047022070470320CF
:103F900070470420704700BF00100140F0B50E4686
:103FA00087B004465B493046154602F0C5FC5A49C5
:103FB0000746284602F0C0FC0146384602F096FC4F
:103FC0002060013004D13D225449554802F042FEA0
:103FD000022E0CD0032D0AD04E49022002F0ACFC78
:103FE000874202D14F4803F0D9FB002700E00127A8
:103FF0004D4B206898424FF000031AD100934B4B71
:104000005A6C42F010025A645B6C03F01003009388
:10401000009B474B984229D100230593434B5A6C90
:1040200042F020025A645B6C03F020030593059B69
:104030001CE0404A90420BD101933C4B1A6C42F475
:1040400000321A641B6C03F400330193019BE0E718
:10405000394A904240D10293344B1A6C42F4802288
:104060001A641B6C03F480230293029BFFF76EFF1C
:104070000028606004DAA4222849304802F0EAFDF2
:104080002449304602F00EFC2349284602F00AFC7F
:10409000721C03D001213046FFF72CFD6B1C03D0AE
:1040A00001212846FFF726FD4FF41653A360002395
:1040B000E360236163612362268365832046FFF703
:1040C00009FF3FB11E4B1F4801221A6021464C22B6
:1040D00009F016FC07B0F0BD1B4A90420BD10393C8
:1040E000124B1A6C42F400221A641B6C03F4002376
:1040F0000393039BBAE7154A90428AD104930B4B72
:104100001A6C42F480121A641B6C03F4801304933B
:10411000049BABE764A60108ECA50108D69D010845
:10412000329E01084E9E01080010014000380240F6
:10413000001401400044004000480040839E0108F4
:10414000041F0020E4210020004C004000500040EB
:10415000002808DB4209012300F01F0003FA00F0E9
:10416000014B43F82200704700E100E000280DDB1E
:104170004309012200F01F0002FA00F02033044A34
:1041800042F82300BFF34F8FBFF36F8F704700BF1C
:1041900000E100E0F7B5FFF7D9FE071E26DB144E5D
:1041A00056F8270010B3134CBD0163591A68120664
:1041B00006D5DB68190603D50F4B01211B6898470C
:1041C00063591A68920608D5DB68980605D50A4B2C
:1041D00056F827001B680021984763591A68110791
:1041E00004D55A69D20744BF5B68019303B0F0BDA0
:1041F0000C1F002030220020081F00200148FFF77C
:10420000C9BF00BF001401400148FFF7C3BF00BF92
:10421000005000400148FFF7BDBF00BF004C004008
:104220000148FFF7B7BF00BF004800400148FFF753
:10423000B1BF00BF004400400148FFF7ABBF00BF63
:1042400000100140034B19604168034B43F82120E3
:10425000704700BF081F00200C1F002030B490E8FA
:1042600018002C48834233D00AD8A0F5006083425E
:1042700028D000F58060834227D0002318460FE045
:10428000254883420AD000F58060834223D0A0F500
:1042900044408342F1D1214B352001E0204B2520C1
:1042A000204DA401FAB1C9B92959CA6842F02002C7
:1042B000CA601D4A00F11001926830BC42F82130FA
:1042C000FFF746BF194B2620EAE7194B2720E7E7FF
:1042D000184B3420E4E7184B4720E1E72959CA6816
:1042E00042F08002E4E72B59DA6849B922F0200253
:1042F000DA60DB6813F0800F09D130BCFFF736BFFE
:1043000022F08002DA60DB6813F0200FF4E730BCA3
:10431000704700BF004C00400010014009420008F7
:10432000394200083022002000ED00E02D42000854
:104330002142000815420008FD41000838B54468D4
:1043400005462846FFF7A6FD0028FAD0A401034B36
:104350001B595868C0F3080038BD00BF3022002048
:1043600070B5456806460C463046FFF7A9FD0028A3
:10437000FAD0AD01024B5B59C4F308045C6070BD18
:104380003022002008B50E4AC36D934214D008D8DD
:10439000A2F5806293420FD00A4803F0FFF9002093
:1043A00008BD094A934203D002F580629342F3D1DB
:1043B000BDE8084000F04AB9BDE8084000F036B951
:1043C000003C0040959E010800300140DFF830D0ED
:1043D000002103E00B4B5B58435004310A480B4B60
:1043E00042189A42F6D30A4A02E0002342F8043BFC
:1043F000084B9A42F9D301F01FFEFBF72DFF7047DF
:1044000000000220281C0208C8010020600D0020C6
:10441000600D0020F8230020FEE7704708B50B4B25
:104420001A6842F400721A601A6842F480621A60D4
:104430001A6842F480721A60032000F009F80F2015
:10444000FEF7B8FEFFF7E9FF002008BD003C024080
:10445000074AD36823F4E0631B041B0C43F0BF63DB
:10446000000243F4003300F4E0600343D36070477C
:1044700000ED00E0014B01221A60704720000E425F
:1044800037B500230193184B184C1A6C42F0805238
:104490001A641B6C03F080530193019B144B01229F
:1044A0001A60FEF78DFE05466368DA030BD5114BE3
:1044B0000E4C01221A60FEF783FE054663689B03DB
:1044C0000AD5002006E0FEF77BFE401BB0F57A7FA0
:1044D000EAD9032003B030BDFEF772FE401BB0F5F1
:1044E0007A7FEBD9F5E700BF00380240007000404A
:1044F00040000E4244000E422DE9F0410D460446B4
:1045000010B90120BDE8F081444B1A6802F00F0297
:104510008A4228D321688F072DD4C80740D43F4B47
:104520001A6802F00F02954266D3226851076CD4D4
:10453000130707D53A4A2169936823F4604343EA95
:10454000C103936000F0B8FA354B364A9B68C3F359
:104550000313D35CD840344B18600F20FEF72AFEBB
:104560000020BDE8F081CAB21A701B6803F00F0387
:104570009942C6D1CEE72A4B11F0040F1EBF9A68AC
:1045800042F4E0529A600E0742BF9A6842F46042D9
:104590009A609A68A06822F0F00202439A60BCE731
:1045A00062681F4B012A1DD11B6813F4003FA8D07D
:1045B0001B4EB36823F003031343B360FEF700FE02
:1045C00041F288380746B368626803F00C03B3EB26
:1045D000820FA4D0FEF7F4FDC01B4045F3D90320A1
:1045E000BDE8F081911E01291B6802D813F0007FFD
:1045F000DDE713F0020FDAE7EAB21A701B6803F086
:104600000F039D427FF47DAF8FE70549E0688B681B
:1046100023F4E05303438B608AE700BF003C024071
:104620000038024054A801085C060020044B054AEB
:104630009B68C3F38223D35C034A1068D840704759
:104640000038024064A801085C060020044B054ABB
:104650009B68C3F34233D35C034A1068D840704769
:104660000038024064A801085C0600200F230360A4
:104670000B4B9A6802F0030242609A6802F0F00263
:1046800082609A6802F4E052C2609B68DB0803F41F
:10469000E0530361034B1B6803F00F030B6070478B
:1046A00000380240003C024003682DE9F74313F054
:1046B000010604460BD0AA49866BD1F88C2022F063
:1046C000C0623243B6FA86F6C1F88C2076099D079F
:1046D0000BD5A348E16BD0F88C2022F0C0520A43DE
:1046E0000029C0F88C2008BF012613F0040512D061
:1046F0009B49256BD1F88C20B5F5801F22F4401220
:1047000042EA050218BFB5FA85F5C1F88C2012BF40
:104710006D090025012618070FD59148616BD0F867
:104720008C2022F440020A43B1F5800FC0F88C209F
:1047300000F00981002908BF0125990633D500231F
:104740000193874B874F1A6C42F080521A641B6C9E
:1047500003F080530193019B3B6843F480733B60FB
:10476000FEF72EFD80463B68DA0540F1EE807C4F77
:104770003B6F13F4407340F0FB80236C03F44072F2
:10478000B2F5407F764A40F01681916823F0704080
:1047900021F4F81120F4407001439160116FC3F3CC
:1047A0000B030B4313672368D90642BF6E4B94F883
:1047B00058201A6023681A0608D56949E06CD1F8B8
:1047C000942022F440020243C1F894205F0608D5E9
:1047D0006349A06CD1F8942022F080620243C1F8B2
:1047E0009420D8050CD55E48616DD0F8942022F055
:1047F00000620A43B1F1006FC0F8942008BF0125A0
:10480000990508D55649606CD1F8942022F0805261
:104810000243C1F894205A0500F1D180012E40F0E6
:10482000DC80524E4E4F00233360FEF7C9FC8046B9
:104830003B681B0100F125812268D00701D5A36BDD
:104840001BB1910715D5E36B9BB94549D1F884306D
:10485000D1F8840003F4403300F0706003436068D3
:104860000343A06843EA8013606943EA0073C1F818
:104870008430530703D5236BB3F5801F05D017078A
:1048800020D5636BB3F5800F1CD13549D1F8843046
:10489000D1F8840003F4403300F0E0400343606843
:1048A0000343A06843EA8013206943EA0063C1F828
:1048B0008430D1F88C00A36A20F01F00013B034331
:1048C000C1F88C3050051BD5236DB3F1005F17D1B3
:1048D00023486768D0F88410D0F8843003F0E043B0
:1048E0003B43A768C1F30141013143EA871343EA1F
:1048F0004163E1684908013943EA0143C0F8843063
:10490000110511D52369A2681B0643EA8213626868
:104910001343626943EA0273E2685208013A43EAC8
:1049200002430F4AC2F8843001233360FEF748FC8B
:104930000B4E074633681A0153D4FEF741FCC01BE7
:104940000228F7D908E00126F7E6FEF739FCA0EBCC
:10495000080002287FF607AF032003B0BDE8F0830C
:104960000038024000700040E011474268004742B2
:10497000226C02F4407293423FF4FFAE3B6F4B4A0D
:104980000121116023F44073002111603B673B6FEC
:10499000DB077FF5F2AEFEF713FC41F28839804663
:1049A0003B6F98073FF5E9AEFEF70AFCA0EB080065
:1049B0004845F5D9D0E7916821F4F811EDE63C4877
:1049C000216DD0F8942022F000520A43B1F1005F2B
:1049D000C0F894207FF422AF23E7B3F5006F3FF4D3
:1049E00020AF012D4BD1334D314E00232B60FEF70C
:1049F000E7FB074633689B004BD421684E0701D57F
:104A0000236B1BB108071AD5636BC3B9284AA06989
:104A1000D2F8883003F440330343E06943EA80135B
:104A2000606A43EA0063C2F88830D2F88C30E06AEA
:104A300023F4F853013843EA0023C2F88C30CA0546
:104A400014D5636DB3F1006F10D11949A269D1F883
:104A5000883003F070631343E26943EA8213226AE9
:104A60005208013A43EA0243C1F8883001232B601F
:104A7000FEF7A6FB0E4C054623689B000FD50020D1
:104A80006BE7FEF79DFBA0EB080002287FF6D0AE97
:104A900062E7FEF795FBC01B0228ABD95CE7FEF787
:104AA0008FFB401B0228E7D956E700BF400E474264
:104AB0000038024070004742204908B58B6803F077
:104AC0000C03082B07D00C2B20D01D4A1D48042BAB
:104AD00018BF104608BD4A684B68496813F4800344
:104AE00014BF18481648C1F3881118BF002302F0FC
:104AF0003F02A1FB000112F0CBFE104B5B68C3F339
:104B0000014301335B00B0FBF3F008BD4A684B681A
:104B1000496813F4800314BF0A480948C1F3881197
:104B200018BF002302F03F02A1FB000112F0B0FE0B
:104B3000024B5B68C3F30273E5E700BF0038024035
:104B40000024F40000127A0003682DE9F341DF0726
:104B5000044610D423689E0767D423681A0700F11F
:104B6000B28023685B0700F1D080A269002A40F080
:104B7000398100201EE0974B9A6802F00C02042A4B
:104B800010D09A6802F00C02082A02D15B685D021C
:104B900008D4904B9A6802F00C020C2A0DD15A6886
:104BA00050020AD58B4B1B689903D3D56368002B41
:104BB000D0D1012002B0BDE8F0816268B2F5803F3B
:104BC00011D11A6842F480321A60FEF7F9FA814D69
:104BD00006462B689A03BDD4FEF7F2FA801B6428C0
:104BE000F7D90320E6E77B4DB2F5A02F2B6807D15C
:104BF00043F480232B602B6843F480332B60E4E77D
:104C000023F480332B602B6823F480232B60002A4D
:104C1000DBD1FEF7D5FA06462B689B039AD5FEF743
:104C2000CFFA801B6428F7D9DBE76A4B9A6812F049
:104C30000C0F10D09A6802F00C02082A02D15B68AF
:104C40005F0208D5634A936803F00C030C2B11D163
:104C500053685E020ED45F4B1A68950702D5E2686E
:104C6000012AA6D11A68216922F0F80242EAC1029B
:104C70001A6072E7E268584BB2B101221A60FEF77F
:104C80009FFA544D06462B68980707D52B68226972
:104C900023F0F80343EAC2032B605EE7FEF790FAC5
:104CA000801B0228EFD99CE71A60FEF789FA494D6C
:104CB00006462B6899077FF550AFFEF781FA801BF7
:104CC0000228F6D98DE76269444B7AB101221A6055
:104CD000FEF776FA3F4D06466B6F9F073FF541AFF3
:104CE000FEF76EFA801B0228F6D97AE71A60FEF703
:104CF00067FA384D06466B6F98077FF532AFFEF7BF
:104D00005FFA801B0228F6D96BE7324B1A6C12F05F
:104D1000805228D101921A6C42F080521A641B6CA6
:104D200003F080530193019B01262D4D2B68D9057B
:104D30001BD5A368274D012B27D12B6F43F001030F
:104D40002B67FEF73DFA234D074641F288382B6F5B
:104D50009B0739D5002E3FF408AF1E4A136C23F091
:104D60008053136401E70026DFE72B6843F4807368
:104D70002B60FEF725FA07462B68DA05D9D4FEF733
:104D80001FFAC01B0228F7D92BE7052B04D12B6F84
:104D900043F004032B67D0E72A6F22F001022A6751
:104DA0002A6F22F004022A67002BCAD1FEF708FA04
:104DB00041F2883807462B6F9807CBD5FEF700FAEB
:104DC000C01B4045F7D90CE7FEF7FAF9C01B404578
:104DD000BDD906E70038024000004742800E474236
:104DE00000700040234DAB6803F00C03082B3FF428
:104DF000E0AE214E0023022A33602DD1FEF7E0F908
:104E000007462B68990121D4226AE3691343626A39
:104E100043EA8213E26A43EA0263226B43EA0273C3
:104E2000A26A144C5208013A43EA02436B60012320
:104E30003360FEF7C5F9054623689A013FF599AE40
:104E4000FEF7BEF9401B0228F6D9CAE6FEF7B8F90C
:104E5000C01B0228D5D9C4E6FEF7B2F904462B6878
:104E60009B017FF586AEFEF7ABF9001B0228F6D951
:104E7000B7E600BF00380240600047427047026852
:104E800038B5D36823F0A003D3600446FEF798F941
:104E900005462368DB689B0601D5002038BDFEF778
:104EA0008FF9401BB0F57A7FF3D9032038BD38B5B0
:104EB0000368DA685206044601D5002038BD4FF079
:104EC000FF32DA60FEF77CF905462368DB685B0693
:104ED000F3D4FEF775F9401BB0F57A7FF5D90320BE
:104EE00038BD38B50446B8B1437F03F0FF0213B9AB
:104EF0000277FFF7C3FF022363772368CA225A624F
:104F000053225A622046FFF7D2FF2368054628B194
:104F1000FF225A620423637701252EE09A682069F4
:104F200022F4E00222F040029A606268996802432B
:104F3000606902430A439A60E2681A611A69A168CB
:104F400042EA01421A61DA6822F08002DA609B6864
:104F50009B0605D42046FFF792FF08B12368D7E7E8
:104F60002368A1691A6C22F480221A641A6C0A431D
:104F70001A64FF225A6201236377284638BD002352
:104F8000092803D840EA0310C0B270470A38013339
:104F9000C0B2F5E7F8B5037F012B05464FF00206D6
:104FA00030D00123037746774B78C8788E780C7819
:104FB000002A48D1DA0603D523F010030A334B70D8
:104FC000FFF7DDFF07464878FFF7D9FF0246304676
:104FD000FFF7D5FF40EA443040EA074040EA0224A8
:104FE0002B68CA225A6253225A622846FFF75FFF93
:104FF0002B68064640B1FF225A6204236B770023D8
:105000002B7701263046F8BD24F07F4424F0C004FD
:105010005C60DA6822F08002DA609B689B060AD442
:105020002846FFF72CFF30B12B68FF225A62042379
:105030006B772E77E5E72B68FF225A6201236B77A7
:1050400000232B77DEE71B0243EA0040304340EAAF
:105050004434C5E7F8B5037F012B06460F464FF0F1
:1050600002052FD0012303770368457708784D7830
:105070008C789B6842BB13F0400308BFCB70FFF7EE
:105080007EFF01462846FFF77AFF02462046FFF7DB
:1050900076FFFB7840EA034040EA014040EA022400
:1050A0003368CA225A6253225A623046FFF7FFFE23
:1050B00033680546A8B1FF225A62042373770023A0
:1050C000337701252846F8BD13F040034FEA052544
:1050D00008BFCB7045EA00402043CC7840EA044446
:1050E000DEE704F07F3424F0FE441C609A683869DF
:1050F00022F480229A60FA68996802430A439A600F
:10510000DA6822F08002DA609B689B060AD4304697
:10511000FFF7B5FE30B13368FF225A62042373777C
:105120003577CEE73368FF225A6201237377002375
:105130003377C7E7030903EB830300F00F0000EBAD
:105140004300C0B27047037F012B4FF002030FD022
:1051500043770368CA225A6253225A629A6842F01D
:1051600020029A60FF225A620123437700230377CB
:105170001846704703685A6822F0E0025A60426895
:10518000B2F5827F0AD18268B2F5004F02D0B2F543
:10519000806F03D11A6822F040021A60826AB2F569
:1051A000005F09D11A6822F400521204120C1A602E
:1051B0001A6842F400521A60012380F8513000232B
:1051C00080F850300320704770B505460C461646EF
:1051D00029688B689B0701D5002070BD621CF8D040
:1051E00024B92846BDE87040FFF7C4BFFDF7E8FFCB
:1051F000801B8442ECD8F4E72DE9F041DDF81880FB
:1052000005460F4616461C462B6898683840B04243
:1052100002D10020BDE8F081621CF6D024B92846F6
:10522000BDE8F041FFF7A6BFFDF7CAFFA0EB0800FD
:105230008442E9D8F3E713B50B460092802100229F
:105240000446FFF7D9FF20B1636D43F02003636587
:10525000032002B010BD704738B5044600283BD08B
:1052600090F8513003F0FF021BB980F85020FFF78F
:10527000F2FF2168A568A06AA269022384F8513070
:105280000B6823F040030B6063682B43E5682B43F6
:1052900025692B4365692B43E5692B43256A2B431D
:1052A000034302F400752B430B60120C636AB0F5E4
:1052B000005F02F0040242EA030208BFE36A4A60A8
:1052C00008BF0B61CB6923F40063CB61002001238D
:1052D000606584F8513038BD012038BD2DE9F341B7
:1052E0001E4690F85030012B04460D46904600F0C3
:1052F000BA80012380F85030FDF762FF074694F82A
:105300005100C0B2012840F0AC80002D5FD0B8F150
:10531000000F5CD0032384F8513000236365A3633E
:10532000A4F83680A387E38763642364A3682268B4
:105330002563B3F5004F08BF1368A4F8348004BF99
:1053400043F480431360A36AB3F5005F09D1136887
:1053500023F400531B041B0C1360136843F4005325
:10536000136013685B065EBF136843F0400313606D
:10537000E368B3F5006F63683AD11BB1E38E9BB26B
:10538000012B06D135F8023BD360E38E013B9BB283
:10539000E386E38E9BB283B93A4631462046FFF757
:1053A00013FF98B93A4631462046FFF744FF0028DC
:1053B00040D020236365012009E023689A689007A4
:1053C00003D535F8022BDA60DFE74EB9032001235D
:1053D00084F85130002384F8503002B0BDE8F081E9
:1053E000711CD6D0FDF7ECFEC01B8642D1D8EDE78C
:1053F0001BB1E38E9BB2012B06D115F8013B137351
:10540000E38E013B9BB2E386E38E9BB2002BC3D0BD
:1054100023689A68920703D515F8012B1A73EFE7F2
:10542000002ED3D0731CEFD0FDF7CAFEC01B8642FE
:10543000EAD8CBE7A36833B901932368DA6801920D
:105440009B680193019BA36AB3F5005F01BF2268CB
:10545000136843F480531360606D003018BF01205F
:10546000B5E70220B3E70220B7E72DE9F04385B0A6
:1054700099460023ADF80A3090F850300C9E012B6D
:1054800004460D46904600F04581012380F85030D7
:10549000FDF796FE94F851306168DBB2012B0746A8
:1054A0000AD0B1F5827F40F03381A268002A40F033
:1054B0002F81042B40F02C81002D00F01B81B8F1CE
:1054C000000F00F01781B9F1000F00F0138194F87C
:1054D0005130C4F83880012B04BF052384F85130C3
:1054E0000023636523646364A36AA4F83E90B3F564
:1054F000005FA4F83C902563A4F83690A4F834909B
:10550000236809D11A6822F400521204120C1A609E
:105510001A6842F400521A601A6850065EBF1A6890
:1055200042F040021A60E268B2F5006F6BD119B127
:10553000E28E92B2012A06D135F8022BDA60E38EB0
:10554000013B9BB2E3864FF00109E38E9BB2B3B9F6
:10555000E38F9BB29BB9A36AB3F5005F40F0AE80C6
:1055600001220097334611462046FFF745FE0028EA
:1055700000F09D80636D43F00203636535E0B9F18F
:10558000000F1BD0E38E9BB2C3B1226893689907CA
:1055900014D535F8023BD360E38E013B9BB2E38622
:1055A000E38E1FFA83F9B9F1000F29D1A16AB1F591
:1055B000005F03D1116841F480511160E38F9BB209
:1055C00063B123689A68D20708D5DB6828F8023BE4
:1055D000E38F013B9BB2E3874FF00109701CB4D00D
:1055E000FDF7EEFDC01B8642AFD80325012384F8EA
:1055F0005130002384F85030284605B0BDE8F083D0
:105600004FF00009DAE719B1E28E92B2012A06D111
:1056100015F8012B1A73E38E013B9BB2E3864FF022
:105620000109E38E9BB21BB9E38F9BB2002B92D092
:10563000B9F1000F21D0E38E9BB2F3B123689A68D1
:1056400091071AD529781973E38E013B9BB2E38643
:10565000E38E1FFA83F96A1CB9F1000F0AD1A16A1F
:10566000B1F5005F04D12068016841F48051016008
:10567000154602E015464FF00009E38F9BB273B167
:1056800023689A68D2070AD5DB6888F80030E38F70
:10569000013B9BB2E38708F101084FF00109731C3D
:1056A000BFD0FDF78DFDC01B8642BAD89DE72368A9
:1056B000DB689BB2ADF80A30BDF80A302268956805
:1056C00015F0100507D0636D43F0020363654FF6D4
:1056D000EF73936001253A4631462046FFF774FD8B
:1056E000002882D13A4631462046FFF7A4FD18B182
:1056F00020236365012579E7A368002B7FF476AF4B
:1057000003932368DA6803929B680393039B6DE716
:1057100002256BE702256FE72DE9FF411D460023B7
:10572000ADF80E304368B3F5827F04460E469046CE
:105730000CD1836853B9042380F851301346009587
:105740000A46FFF792FE04B0BDE8F08194F85030AD
:10575000012B00F0CD80012384F85030FDF730FD9F
:10576000074694F85100C0B2012840F0BF80002ED7
:105770007DD0B8F1000F7AD0042384F85130002393
:1057800063652363A4F83E80A386E3862364636491
:10579000A36AA663B3F5005FA4F83C8023680DD12B
:1057A0001A6822F400521204120C1A601A6842F4A9
:1057B00000521A60E28F013A92B2E287A268B2F513
:1057C000004F02BF1A6822F480421A601A6851061C
:1057D0005EBF1A6842F040021A60E368CBB1E38F03
:1057E0009BB2D3B123689A68D0074FD5DB6826F8FF
:1057F000023BE38F013B9BB2E387F0E723689A68A3
:10580000D20732D51B7B06F8013BE38F013B9BB2ED
:10581000E387E38F9BB2002BF0D1A36AB3F5005F5F
:1058200045D12268136843F4805313600122009726
:105830002B4611462046FFF7DFFCB8B9E368B3F505
:10584000006F23684FF001020BBFDB681B7B3380C6
:10585000337000972B4611462046FFF7CDFCF8B178
:10586000636D43F00203636500E03DB9032001234B
:1058700084F85130002384F8503064E76B1CC8D0A2
:10588000FDF79EFCC01B8542C3D8EFE7002DEDD08D
:10589000691CA4D0FDF794FCC01B85429FD8E5E7A6
:1058A0002368DB689BB2ADF80E30BDF80E3063683C
:1058B000B3F5827F23680AD1A268B2F5004F02D007
:1058C000B2F5806F03D11A6822F040021A609A681C
:1058D000D20606D5626D42F0020262654FF6EF72A3
:1058E0009A60606D003018BF0120C0E70220BEE75B
:1058F000022028E7704700002E4A0368904212D029
:10590000B0F1804F0FD0A2F57C4290420BD002F54F
:105910008062904207D002F58062904203D002F587
:10592000784290421DD14A6823F070031343214A04
:10593000904204D1CA6823F44073134328E0B0F1C5
:10594000804FF7D01C4A9042F4D002F5806290421A
:10595000F0D002F580629042ECD002F5784290429D
:10596000E8D0164A9042E5D002F580629042E1D03C
:1059700002F580629042DDD0A2F598329042D9D0F3
:1059800002F580629042D5D002F580629042D1D07B
:1059900003608B68C3620B688362064B984206D033
:1059A00003F58063984202D00123436170470B697D
:1059B0000363F9E70000014000040040004001409B
:1059C00010B50446A0B190F8393003F0FF021BB9BE
:1059D00080F83820FFF78EFF022384F839302068E2
:1059E000211DFFF789FF012384F83930002010BD05
:1059F000012010BD036A10B501248C4023EA040382
:105A00000362036A8A401A43026210BD10B504465D
:105A100001220068FFF7EEFF2368084A934203D093
:105A200002F58062934203D15A6C42F400425A64F8
:105A30001A6842F001021A60002010BD0000014007
:105A4000FFF7E4BF2DE9F0470668C2683369C16912
:105A500023F4405313433361044683680069F268BA
:105A60000343606922F41642034322F00C020B4305
:105A70001343F3607369A26923F440731343B1F5D0
:105A8000004F73617A4B7CD19E4203D003F5806353
:105A90009E4244D1FEF7DAFD192505FB00F360684C
:105AA0004FF064094000B3FBF0F3B3FBF9F34FEAA6
:105AB0000318FEF7CBFD636868435B00B0FBF3F7A8
:105AC000FEF7C4FD636868435B00B0FBF3F3B3FB10
:105AD000F9F309FB1373DB003233B3FBF9F35B001B
:105AE00003F4F877FEF7B2FD626868435200B0FB3A
:105AF000F2FAFEF7ABFD636868435B00B0FBF3F3BB
:105B0000B3FBF9F309FB13A3DB003233B3FBF9F367
:105B100003F0070343443B44B360BDE8F087FEF75E
:105B200085FD192505FB00F360684FF0640940000E
:105B3000B3FBF0F3B3FBF9F34FEA0318FEF776FD7E
:105B4000636868435B00B0FBF3F7FEF76FFD6368C3
:105B500068435B00B0FBF3F3B3FBF9F309FB13738A
:105B6000DB003233B3FBF9F35B0003F4F877FEF7A5
:105B70005DFD626868435200B0FBF2FAFEF756FD25
:105B8000B9E79E4202D03B4B9E4240D1FEF75EFDFC
:105B9000676819254FF0640905FB00F3BF00B3FBEC
:105BA000F7F3B3FBF9F31F01FEF750FD6368684399
:105BB0009B00B0FBF3F8FEF749FD636868439B0068
:105BC000B0FBF3F3B3FBF9F309FB13831B0132338F
:105BD000B3FBF9F303F0F008FEF738FD62686843A1
:105BE0009200B0FBF2FAFEF731FD636868439B0058
:105BF000B0FBF3F3B3FBF9F309FB13A31B0132333F
:105C0000B3FBF9F303F00F0343EA080383E7FEF75E
:105C10000DFD676819254FF0640905FB00F3BF000F
:105C2000B3FBF7F3B3FBF9F31F01FEF7FFFC636867
:105C300068439B00B0FBF3F8FEF7F8FC6368684329
:105C40009B00B0FBF3F3B3FBF9F309FB13831B01D8
:105C50003233B3FBF9F303F0F008FEF7E7FC6268B8
:105C600068439200B0FBF2FAFEF7E0FCBDE700BF2C
:105C70000010014000140140704710B5044640B3C5
:105C800090F8393003F0FF021BB980F83820FFF795
:105C9000F3FF2268242384F83930D36823F40053B7
:105CA000D3602046FFF7CEFE23681A6922F49042A3
:105CB0001A615A6922F02A025A61DA6842F40052E3
:105CC000DA6000202023E06384F8393084F83A3029
:105CD00010BD012010BD00000FB407B5064B0749E9
:105CE0001B6805AAD868019204F032F903B05DF888
:105CF00004EB04B0704700BFEC070020AF9E010822
:105D00000268136823F0400310B513600446FFF7E0
:105D1000A3FA10B1054801F041FDA36823B9226838
:105D2000136843F04003136010BD00BFE89E0108F4
:105D30002DE9F04F884687B004465949BDF94060C7
:105D4000404615461F4600F0F7FD56498146284655
:105D500000F0F2FD54490190384600F0EDFD534942
:105D60008246304600F0E8FD019B834619464846CE
:105D700000F0BCFD59468146504600F0B7FD014693
:105D8000484600F0B3FDE065013004D16F22484978
:105D9000484800F05FFF484BE26D9A424FF0000325
:105DA0004BD10293454B5A6C42F480525A645B6C5F
:105DB00003F480530293029B232384F8583038491C
:105DC000404600F06FFD3749284600F06BFD36492C
:105DD000384600F067FD731CA4F86050A4F8628098
:105DE000A4F86470A4F8666057D03049304600F0DB
:105DF00059FD4FF48023A361E36D236001354FF417
:105E0000827308BF4FF4004263604FF03803E361D0
:105E100008BFA2604FF000034FF0070218BFA36055
:105E200063612361A362E262E360236263622046EE
:105E3000FFF766FF07B0BDE8F08F21498A420CD119
:105E400003931E4B1A6C42F480421A641B6C03F4D9
:105E500080430393039B2423AFE71A498A420CD162
:105E60000493164B1A6C42F400421A641B6C03F440
:105E700000430493049B33239FE713498A429ED136
:105E800005930E4B5A6C42F400525A645B6C03F457
:105E900000530593059B54238FE74FF40073AAE743
:105EA0009CA4010848A4010820A501088CA50108AC
:105EB000FE9E01085B9F010800300140003802404F
:105EC00000380040003C00400034014010290CBF65
:105ED0004FF400610021012A10B50446C16023D0AF
:105EE000022A24D032BB02616261A269B2F5007F4E
:105EF00005D0002B14BF00224FF48022A261002B9A
:105F000014BF00234FF48273636008D0A368B3F515
:105F1000004F04D10948FFF7DFFE0023A3602046AD
:105F2000BDE81040FFF7ECBE00210161DCE7026133
:105F30000022D9E7022202610122D5E7AF9E0108C3
:105F400070B504460E46FEF71DFA0023022290FBB0
:105F5000F2F0B042DDB203DD0133082B09D1072591
:105F6000054B33F81530E3612046BDE87040FFF77C
:105F7000C7BE90FBF2F0ECE744A8010807B58368C0
:105F80000191B3F5004F024607D10A23012201A96E
:105F9000FFF7A4F903B05DF804FBC36D99688907A6
:105FA000FCD5D168019AB1F5006F0CBF92B2D2B2A4
:105FB000DA609A68D207FCD5D868B1F5006F0CBFDB
:105FC00080B2C0B2E6E72DE9F84F0A9E84689DF8DA
:105FD0002CB09642354680468A4617469946B8BF49
:105FE000154694B9AC4202DB2846BDE8F88FBC42A6
:105FF000B4BF1AF8041059464046FFF7BFFFB44239
:10600000B8BF09F804000134ECE73AB10A2353435E
:1060100092B2FFF763F9002818BF0025002EE3D0E5
:106020000A237343B2B249464046FFF775FB002886
:1060300018BF0025D8E700000D4AD2F8883043F495
:106040007003C2F888300B4B1A68002142F001023D
:106050001A6099601A6822F0847222F480321A6001
:10606000054A5A601A6822F480221A60D960704783
:1060700000ED00E00038024010300024F0B5ADB073
:106080002C4B002101911A6C42F080521A641B6C57
:1060900003F080530193019B274B02911A6842F44D
:1060A00040421A601B6803F440430293029B0123A1
:1060B0000893002839D14FF4803309934FF48003BB
:1060C0000F934FF4B47302250826119308A80723F1
:1060D0000E951096129513931495FEF735FD38BB67
:1060E000FEF7CEF9074618BB4FF4C0731C934FF46C
:1060F0008073159315A84FF000632A931B961D9685
:10610000FEF7D2FA0F2303934FF4A0530693052111
:106110004FF4805303A8049505970793FEF7ECF915
:10612000B0FA80F040092DB0F0BD4FF4A023C4E7D1
:106130000020F8E7003802400070004030B5ADB0F4
:106140000023294A0193116C41F080511164126CB3
:1061500002F080520192019A244A0293116841F49C
:10616000404111601268099302F440420292029A7F
:106170000F9303224FF4B4730892012202240B926E
:1061800011931022062308A80C920E9410921294D8
:106190001393FEF7D9FC10B100202DB030BDFEF7EF
:1061A0006FF905460028F7D108231B931D934FF480
:1061B0008073C022159315A84FF000631C922A9398
:1061C000FEF772FA0F2303934FF4A05306930521B1
:1061D0004FF4805303A8049405950793FEF78CF9B8
:1061E000B0FA80F04009D8E7003802400070004063
:1061F00008B50120FFF742FF38B9FFF79FFF20B92C
:106200000248BDE8084001F0C9BA08BD769F010800
:10621000174A1849936803F00C03042B10B50DD0EE
:10622000082B0DD0144B0B60114B144A9B68C3F321
:106230000313D25C0B68D3400B6010BD104BF2E728
:106240005468506852686302C2F3881200F03F003D
:106250004CBF0B4B084BB3FBF0F35343044A52685B
:10626000C2F3014201325200B3FBF2F3DBE700BF9D
:10627000003802405C0600200024F40054A8010805
:1062800000127A00074B084A13601A69910707D574
:10629000DA68920704D56FF002021A6100F018BAAA
:1062A000704700BF000C0040B42300200048704736
:1062B0006CA8010830B589B001A903A8FEF7D6F98A
:1062C000FEF7B4F9002302931E4B01901A6C1E4C8A
:1062D00042F008021A641A6C02F008020292029A52
:1062E0001A6A42F008021A621A6A22F008021A6256
:1062F000069AA3F50B3323604FF0FF33E360134B93
:10630000F2B9B0FBF3F00138002560600E4825615A
:10631000A5606561FFF754FB0D4B0E4A9B680A4868
:10632000C3F808210C4B4FF480225A602946FFF72E
:1063300087FB2268D36823F00203D36009B030BD25
:106340004000DEE700380240B423002040420F0046
:1063500000ED00E08562000800E100E0014B586AB2
:10636000704700BF000C0040054B1B686FF0020235
:1063700058631A61DA6842F00202DA60704700BFBF
:10638000B4230020064B1B686FF002021A615A69A1
:1063900042F002025A61DA6842F00202DA607047A3
:1063A000B4230020034B1A68D36823F00203D360A0
:1063B000704700BFB4230020FFF7F4BF024B1B68F7
:1063C0006FF002021A617047B423002003689B68D3
:1063D00018470000094B10B5002203600023C0E9F4
:1063E0000223002303614361044600F06DF9044970
:1063F000A06101F00DF8204610BD00BF7CA8010887
:10640000CD63000807B5009000F10801806901F034
:106410003EF803B05DF804FB00F10801806901F06B
:106420005FB8000010B5034B03600446FFF7F4FFAC
:10643000204610BD7CA8010810B5044600F046FEB9
:1064400023681BB1237F0BB100F0E6FB0023236020
:1064500000F052FE204610BD10B5044600F036FE96
:10646000236853B9237F0BB100F0B4FBA06901F09E
:1064700052F8C4E9020101232360BDE8104000F096
:106480003BBE38B5044600F021FE236863B1A06925
:1064900001F041F8D4E90245041B61EB050500F069
:1064A0002BFE2046294638BD00240025F7E770B5AD
:1064B000064600F00BFE3046D6E90445FFF7E1FF43
:1064C00024184D4100F018FE2046294670BD08B53D
:1064D000FFF7EDFF08BD000008B5FFF7F8FF07EE76
:1064E000900AB8EEE77ADFED037AC7EE276A16EE78
:1064F000900A08BD0024744908B5FFF7D8FF4FF48F
:106500007A72002311F0C4F908BD10B5044600F0FA
:10651000DDFDA06900F0FFFF00220023C4E90201B5
:10652000C4E90423BDE8104000F0E6BD002310B527
:10653000002203600023C0E90223C0E904230446CB
:1065400000F0C2F80123A06123772046FFF7DDFFAA
:10655000204610BD70B5D0E90823D0E902450646B3
:1065600012196B41FFF74EFF736B2BB106F1280038
:106570001B68BDE87040184770BDD0B5044616468C
:106580001F4600F0A3FD2046FFF746FFC4E9086759
:10659000A06900F0C0FF321847EB01032046FFF767
:1065A00031FFBDE8D04000F0A7BD7FB5044600F044
:1065B0008DFD2046FFF730FF636B13B194F8383040
:1065C000E3B904F128066D4610220021684606F062
:1065D000FFFDAE420BD03046FAF7EEFA3EB1039B18
:1065E0001BB15B68694630469847039B6363284646
:1065F000FAF7E2FA00F080FD04B070BD00F00CFB89
:10660000DFE700001FB5436B044600F1280113B11A
:106610005B6868469847636B03932046FFF7C5FFA6
:10662000039B2BB940F239220649074800F012FBC0
:10663000039B68461B6898476846FAF7BDFA04B0A2
:1066400010BD00BF8A9F0108E59F010870B50E4686
:1066500004461546FCF7B2FB013609D0204600215E
:10666000FCF7D0FB29462046BDE87040FCF7C6BBCE
:1066700070BD38B504460D4603685AB18268136090
:1066800020460121FCF7BEFB29462046BDE83840E4
:10669000FCF7B4BBC2681B04F1E70022FFF7D6BFCA
:1066A00070B50E4604461546FCF788FB013606D049
:1066B0002A4620460021BDE87040FFF7DABF70BDD2
:1066C0000022FFF7EDBF000000487047B0A80108A6
:1066D000024B1B680BB10248184770476006002048
:1066E000B0A801087047A0F1BC00FFF7FBBFA0F104
:1066F000BC00FFF7F7BF00F0DCBBA0F1BC00FFF768
:10670000FABF00F0D9BBA0F1BC00FFF7FABF000050
:1067100038B504461D46049B00F0D6FB294604F11B
:10672000BC0001F07BF9064B03F10802226003F183
:1067300028028833C4F8BC20C4F8C030204638BDD5
:10674000D4A801080346024A2030FCF747BC00BF2A
:1067500081680008F8B50546134B45F8043B04462C
:106760000F4610261C220021284606F031FD324635
:10677000002104F1200006F02BFD3246002104F137
:10678000300006F025FD3246002104F1400006F0FD
:106790001FFD39462046FFF7D5FF28463946FFF74B
:1067A0007CFF2046F8BD00BF6CA9010810B5084B5E
:1067B000044640F8203BFCF7D3FC04F14000FAF714
:1067C000FBF904F13000FAF7F7F9204610BD00BFDD
:1067D0006CA9010810B50446FFF7E8FF2046FCF756
:1067E000A6FF204610BD884238B504460D460AD0A3
:1067F000FAF7E2F93CB1EB681BB15B682946204629
:106800009847EB68E360204638BDF0B50F4685B089
:10681000044600F05BFCFD6804F13006203465B1ED
:1068200039463046FFF7DFFF012201212046FCF701
:106830005DFB00F061FC05B0F0BD10222946684602
:1068400006F0C6FC69463046FFF7CDFF6846FAF70A
:10685000B3F92A46E9E70000C36810B504462BB92E
:1068600040F239220449054800F0F4F9E368204673
:106870001B68BDE8104018478A9F0108E59F010882
:10688000012908B502D0022906D008BDC36B13B197
:106890003030FFF7E1FF08BDC36C002BFBD0403068
:1068A000F7E7000013B5044601300FD102B010BD68
:1068B0009C420AD120468968FDF784F800212046D1
:1068C00002B0BDE81040FDF715B90C31B1F9003048
:1068D0005A1CEDD10023009322460249024800F0E1
:1068E0007FFFE3E71BA0010830010180884207B564
:1068F00002460BD0431C09D001310BD000230649BE
:106900000093064800F06CFF4FF0FF31084603B0DB
:106910005DF804FB0146F9E7EA9F010830010180B8
:10692000B1F900305A1C01D118467047834201D199
:10693000486870470C31F3E7421C13B504460BD08E
:10694000FFF7EEFF431C044606D1002302460093E6
:106950000349044800F044FF204602B010BD00BFC8
:10696000FB9F01083001018010B480B114685368A6
:106970000CB9DA070BD513F0010F4FEA63031CBF04
:10698000C2581459184423465DF8044B18475DF863
:10699000044B7047064B19681A1D01B91A601B6831
:1069A000934204D05E220349034800F053B9704774
:1069B000CC1F00207B9B0108DA9B010870B50A4DB3
:1069C0002B68834204460ED0061DD0F8D020D0F8A4
:1069D000CC1000233046FFF779FAD4F8D4103046B3
:1069E000FFF7AEFA2C6070BDD41F0020036870B5AD
:1069F0009B6804460D46164698470C4BC4F8CC508D
:106A00001B68C4F8D0609C420BD100233246294653
:106A1000201DFFF75BFA23682046DB68BDE8704065
:106A200018472046FFF7CAFFF5E700BFD41F002034
:106A300038B5036804469B680D4698472046FFF723
:106A4000BDFF2946201DFFF799FA23680546DB683C
:106A500020469847284638BDF7B51F4603680446C8
:106A60009B680D46164698472046FFF7A7FF94F807
:106A7000D8300193089B009329463B463246201D9F
:106A8000FFF7A1FA23680546DB68204698472846A9
:106A900003B0F0BD2DE9F04306469946274B46F872
:106AA000043B85B0044600250F4690460021902205
:106AB000304606F08DFB04AB0295039513E9030005
:106AC00004F198021E4B82E80300C4F8A03048F29B
:106AD0000703C4F8A4301B4BC4F8AC50C4F8A8405A
:106AE000C4F8B020C4F8B430BFF36F8FBFF34F8F3A
:106AF0001022294604F1B80006F06AFB0823C4F806
:106B0000CC30114BC4F8D430FF2384F8D830BDF911
:106B10003030009342464B463946304684F8C850E0
:106B200084F8C950C4F8D050FFF702F92046FFF7A7
:106B300045FF204605B0BDE8F08300BF7CA90108F1
:106B400001A090E86969000840420F00C36810B5D1
:106B500004460BB19B689847204610BD38B50446E3
:106B600048B15830A04206D0A0F12C051438FFF7E8
:106B7000EDFF2846F6E7204638BD38B50025044627
:106B8000294640F8045B282206F022FB1022294601
:106B900004F1180006F01CFB204638BD10B50A4C65
:106BA0002046FFF7EAFF04F12C00FFF7E6FF002381
:106BB000A3652046E365054A84F860300449BDE8D2
:106BC0001040FCF747BC00BF681F0020C801002030
:106BD0005D6B000813B50D4C00F078FA22884FF673
:106BE000FF739A4208D100F087FA002322880093AD
:106BF0000749084800F0F4FD0121044800F08AFA32
:106C000002B0BDE8104000F077BA00BFD81F0020E6
:106C10002CA001082301048037B50B4D00F056FA73
:106C20002C8844B900F068FA2A8800942346074962
:106C3000074800F0D5FD0121034800F075FA03B0C4
:106C4000BDE8304000F058BAD81F002051A001081C
:106C50002401048070B504460D46164600F036FA4D
:106C600033462A4621460348FCF718FBBDE870402E
:106C7000FCF7BEBA6FA0010809B9C82805D010F00A
:106C8000030F0CBF0120002070470846704700002A
:106C9000F8B507460E4641B338B34469A4F146053A
:106CA000882D22D80368416880684FF4616E0EFB1E
:106CB00000F04FF03C0E0EFB01011944FB68184830
:106CC000013B00FB031311462046FFF7D5FF3F6948
:106CD0000C2101FB0070134951F82010CE2C0B44FD
:106CE00009D122B910498B4207D90020F8BD012AE9
:106CF00003D10E49F7E7462C0FD0611E8910A1F190
:106D000011001AB9C82CC8BFA1F1120040F26D12CF
:106D100002FB0505024A02FB053333600120F8BD82
:106D20008051010094A901087F223100FFD02F007B
:106D300070B50B4600295AD03C21B0FBF1F501FBA0
:106D400015041C60B5FBF1F401FB145118255960C2
:106D50004FF46161B0FBF1F1B1FBF5F405FB1411E7
:106D60009960244CB0FBF4F40721201DB0FBF1F135
:106D7000C1EBC101411A9961462159615D69114612
:106D80002846FFF779FF38B1B4F5B77F0DD3013549
:106D90005D61A4F5B774F1E7B4F5B67F05D90135A7
:106DA0006FF4B6715D610C44E8E7124A1249DC6188
:106DB000302554430B221A6105FB0015002255F8BB
:106DC0002260B4420FD2013A1A611A690C2505FB00
:106DD0000020084A51F82000241AB4FBF2F40134D0
:106DE000DC60012070BD01320C2AE8D1EDE70846D5
:106DF00070BD00BF8051010094A901087047704721
:106E000010B480B1146853680CB9DA070BD513F0CD
:106E1000010F4FEA63031CBFC2581459184423469C
:106E20005DF8044B18475DF8044B7047090170B5D5
:106E300001F198050544EB6883B14418D4F8A430F7
:106E40002BB940F2392206490648FFF703FFD4F870
:106E5000A43028461B68BDE87040184770BD00BFCD
:106E60008A9F0108E59F010870B50546044655F85C
:106E70004C3B0E461B68984728463146FDF756F8AE
:106E80002368C4F8B86020465B68BDE870401847C6
:106E900038B50546044655F84C3B1B6898472846CC
:106EA000FCF7F8FF236805465B68204698472846AC
:106EB00038BD4C30FDF742BA10B54C300C46FDF7EA
:106EC0004FFA204610BD00002DE9F04F87B0002595
:106ED0009246009502460195044689469B469DE8E8
:106EE0000300324B42F8083B314B82E80300236138
:106EF00048F2070363612F4BE561A461226263627C
:106F0000BFF36F8FBFF34F8F102284F8285084F89F
:106F1000295004F12C0006F05BF904F14C062946D7
:106F2000102204F13C0006F053F904F198082946B8
:106F30004C22304606F04CF904F1A80729461022ED
:106F4000404606F045F929461022384606F040F939
:106F500010222946C4F8B8B002A806F039F902A9EF
:106F60004046FFF740FC02A8F9F726FE102229460A
:106F700002A806F02DF902A93846FFF734FC02A852
:106F8000F9F71AFE524649463046FDF707F8D4F89D
:106F9000B8103046FCF7CAFF304622460649FDF7D6
:106FA00051F9204607B0BDE8F08F00BFFCA90108E9
:106FB00001A090E8016E00082D6E00082DE9FF4148
:106FC0000646884656F84C3B17461B6805463C016A
:106FD000984700F07BF8D8F80C3098342C44ABB1CB
:106FE000E3680BB9FFF7F6FD41462046FFF7FBFBD0
:106FF000012239463046FDF731F900F07DF82B6863
:1070000028465B68984704B0BDE8F081E3680BB19F
:10701000FFF702FE10220021684606F0D9F8694603
:107020002046FFF7E0FB6846F9F7C6FD0022E0E7DF
:107030007FB51A4B0360044610220021684606F013
:10704000C7F8002269462046FFF7B8FF6846F9F7FF
:10705000B3FD10220021684606F0BAF80122694605
:107060002046FFF7ABFF6846F9F7A6FD14F1980636
:1070700008D004F1B805B54204D0103D2846F9F710
:107080009BFDF8E704F13C00FFF760FD04F12C00E4
:10709000FFF75CFD204604B070BD00BFFCA90108ED
:1070A00010B50446FFF7C4FF2046FCF740FB20461E
:1070B00010BDEFF31080C04300F001007047EFF304
:1070C0000580003018BF01207047000010B5074C44
:1070D0002368013304D1552205490648FFF7BAFD5C
:1070E00000F026FD23680133236010BDDC1F002063
:1070F000A0A00108F5A00108054B1A6832B11A6872
:10710000013A1A601B680BB900F024BD704700BF3C
:10711000DC1F0020D0E85F3F0B449BB2C0E8523F29
:10712000002AF7D118467047D0E85F3F5B1A9BB240
:10713000C0E8523F002AF7D1184670472DE9F74FB3
:1071400090E8080404465B68984763681B6A9842A5
:107150003FD0DAF82030DAF80840CAF82000A0EB77
:107160000308DAF80C30314808EA0308844246463E
:107170004FF0000727D0DAE90A239AF83AB0A8FBC3
:107180000089CDE900230025BBF1000F2BD05A4622
:10719000404649460FF060FEDDE9002312EB08028D
:1071A00043EB090390465A46994606460F460FF0B0
:1071B0005FFEB8EB000069EB0101A94208BFA042E5
:1071C0000AD2CAE90A01DAE90C23B6185F41CAE912
:1071D0000C6703B0BDE8F08F013647F10007001BD4
:1071E00061EB0501EDE722462B464046494610F08B
:1071F0004FFB224606460F46404649462B4610F0B6
:1072000047FBDDE9008918EB020849EB0309A945B2
:1072100008BFA04502D2CAE90A89D4E7013647F17E
:107220000007B8EB040869EB0509F4E740420F00DA
:10723000824206D98A420BD9884294BF002001209D
:107240007047884206D98A428CBF002001207047CF
:1072500001207047002070472DE9F047466896F8F6
:1072600039300746002B5BD1FFF768FF7D68D7F800
:1072700000A06B68002B49D0D5E90C89D3E9000147
:10728000894508BF804504D3DAF81430BDE8F047DB
:107290001847D5E90623B0EB080861EB09094B450F
:1072A00008BF42452C6906D3AB681E4A934219D1E8
:1072B000444528BF44462A6A336A1444EA681440A5
:1072C000A342E1D0DAF81030204698473B685B686B
:1072D000984722460146306AFFF7AAFF00B33B6891
:1072E0005B69D3E795F83A205AB1404649460FF01A
:1072F000BFFD0C4A002310F0CBFA844228BF04469D
:10730000D9E7A3FB080103FB0911F2E73369306AEF
:10731000F26818441040DAF81030BDE8F04718471A
:10732000BDE8F08740420F002DE9F04F03680546A5
:1073300085B01B6898472B689B6998470668044688
:107340002EB929222F493048304EFFF783FC1F23E6
:10735000012202FA03F1B1425FFA83FB02D0013B42
:10736000F7D19B46D4F804A0AAF104031C2B06D93C
:10737000372224492448FFF76DFC4FF0200AAAF178
:107380000403072716F1FF3007FA03F71F4C4FF0ED
:10739000000343F1FF313246C4FB070110F078FAD5
:1073A0006C682A6800232360636052680393CDE908
:1073B0000001904720626C684FF000084FF0000910
:1073C0005246C4E90A89A66084F83AB00120002137
:1073D0000FF04EFDDDE90023C4E90623039B84F88A
:1073E000393001380123E06027612846C4E90C895F
:1073F00084F83830FFF7A2FE284605B0BDE8F04F0C
:10740000FFF72ABF26A10108D3A1010840420F00BF
:1074100038B5436893F8383004460D460BB9FFF78A
:1074200083FFFFF753FE63681D60BDE83840FFF738
:1074300063BE70B50446FFF749FE2368DB689847D2
:107440006368012283F8392063685B68A3B1204632
:10745000FFF774FE65686E68D5E90C01D6E9002374
:10746000994208BF904207D3F3686B602B68002BEA
:10747000EAD0B0689847E7E763680022204683F8BF
:107480003920FFF7E9FEBDE87040FFF735BE2DE972
:10749000F04180460C4616461F46069DFFF716FE35
:1074A0004046FFF74BFED8F80420A560C4E900670A
:1074B000536800254BB9E36085B954604046FFF737
:1074C000CBFEBDE8F041FFF717BED3E900018F42C4
:1074D00008BF8642EFD31D46DB68EBE7EC60F0E7C0
:1074E00038B505460C46FFF7F1FD6A685368A342BC
:1074F00009D1DB6853602846FFF7AEFEBDE838408F
:10750000FFF7FABD1346002BF8D0DA689442F9D1A0
:10751000E268DA60F2E7436893F8383010B5044661
:107520000BB9FFF701FFFFF7D1FD2046FFF706FE7D
:10753000FFF7E2FD6368D3E90C0110BD08B5FFF762
:10754000EAFF08BD70B50E4600250446056045609B
:107550000F49304605F0FAFE0644266023681A7883
:107560002F2A0ED10133236025B9292209490A485F
:10757000FFF770FB2946304600F0D6F960602046E0
:1075800070BD002AF0D0013301352360E6E700BF6B
:1075900078A101087AA10108CCA101080068704710
:1075A000406808B520B100F06FF9431E58425841B9
:1075B00008BD10B50446FFF7F3FF10B1606800B1D5
:1075C000043810BD406808B520B100F05DF9B0FA8C
:1075D00080F0400908BD10B50446FFF7F3FF10B175
:1075E000606800B1043810BD4068003018BF012049
:1075F000704770B50446FFF767F80646FFF79EFF31
:1076000005463046FFF79AFF401BA042F9D370BDF4
:1076100007EE100ADFED047A67EE277AFDEEE77ACF
:1076200017EE900AFFF7E5BF002474494FF47A7310
:107630005843FFF7DEBF00002DE9F0411B4C1C4E04
:10764000237836EA200628BF0646012B8EB00F4667
:10765000904600D1FEE7174DFFF738FD0123237058
:10766000FFF74AFD2B6800220133342101A82B606B
:1076700005F0AEFD2B680196012BCDF8088003972D
:1076800004D1342201A90C4806F03AF9342201A9A8
:107690000A4806F035F90A4B1B680BB107489847B2
:1076A000002020700EB0BDE8F08100BFE81F002070
:1076B0000101FF80E01F0020EC1F0020202000209F
:1076C000E41F002073B5274C2168C1F34173032BDD
:1076D0000CBF4D428DB2C1F307432A4606462248ED
:1076E000FBF7DCFD6FF498731D44072D09D8DFE824
:1076F00005F0042326292C322F35A1681B48FBF7FF
:10770000CDFD3046FBF7CAFD61681948FBF7C6FDA1
:10771000A1681848FBF7C2FDE3690193A3690093D0
:1077200004F10C010EC91448FBF7B8FD134802B070
:10773000BDE87040FBF7B2BDA1681148DFE7A16862
:107740001048DCE7A1681048D9E7A1680F48D6E7E0
:10775000A1680F48D3E7A1680E48D0E7A1680E489A
:10776000CDE700BF20200020EAA101083BA20108CC
:10777000C8A20108D8A20108EBA201083AA3010897
:1077800050A201085FA201086DA201087FA20108B2
:1077900092A20108A5A20108B3A201080FB437B54F
:1077A0000C4D2978724679B90B48FFF745FF0B4815
:1077B000FFF788FF012407A906982C700191FBF7B9
:1077C00043FD2046FBF748FE03B0BDE8304004B05F
:1077D000704700BFE81F00200001FF80D5A101080D
:1077E00010B50C4611467246FFF726FF68B92046D1
:1077F000FFF768FFFFF763FC10B9FFF75AFC08B901
:1078000030BFFDE70120FBF727FE014810BD00BF98
:107810000F01FF8010B504460748FBF78BFF074BAD
:107820001B6803B19847064B1B680BB1204698476D
:107830000148FBF77FFF10BD542000206C0600209C
:107840006406002038B505460C48FBF773FF0C4B67
:107850001B681BB1984708B9FFF7DCFF094B1B6891
:1078600043B19847044605B12C600448FBF762FF1A
:10787000204638BD4FF0FF34F5E700BF542000200C
:107880006806002070060020007B704738B504466B
:107890000A4B0360002343600D46A1600273084851
:1078A000FBF748FF45B1074B1A6862601C6004484B
:1078B000FBF740FF204638BD6560F8E714AA0108D1
:1078C000602000205C20002010B50F4B03600446B0
:1078D0000E48FBF72FFFA3682BB10D4A13689C429B
:1078E0000CD1636813600948FBF724FF237B13B9AD
:1078F000201FFBF735FF204610BD13465A689442FF
:10790000FBD162685A60EEE714AA010860200020EB
:107910005C20002010B50446FFF7D6FF2046FBF799
:1079200006FF204610BD000070B506460C480D4607
:10793000FBF700FF0B4B1C685CB1A06870B12A46D6
:10794000314605F093FC48B9A06806F079F8854205
:1079500004D10348FBF7EEFE204670BD6468EBE7F8
:10796000602000205C200020002070477047704796
:10797000F8B503681B6D0E4604468F1898473546C8
:10798000BD4207D0236815F8011B9B6C2046984721
:107990000130F5D1236820465B6D9847A81BF8BDE0
:1079A000F8B503681B6D0E4604468F189847354698
:1079B000BD4208D023682046DB6C9847431C02D0A8
:1079C00005F8010BF4E7236820465B6D9847A81B78
:1079D000F8BD0020704770470020704700207047B6
:1079E00010B5054B03605033044640F8043FFFF7E1
:1079F0006BFF204610BD00BF24AA0108A0F10400BF
:107A0000EEE700BF10B50446FFF7EAFF2046FBF79C
:107A10008EFE204610BDA0F10400F3E7104B13B515
:107A20000022044640F8043BFFF730FF0D4B236073
:107A300060336360002363610B492046FBF7DAFE85
:107A40000346606120B1FBF70CFD204602B010BD7B
:107A50000090024605490648FFF7C2FEF5E700BF61
:107A6000F4AA010884AA010854A3010857A3010835
:107A70001901018010B5074B03F108026833044671
:107A800002604360406904F069F82046FFF7A8FFF0
:107A9000204610BD7CAA010838B5036804461B6D5A
:107AA0009847606904F026F96069FBF7DDFC2368FC
:107AB00005465B6D20469847284638BD0EB477B51D
:107AC000036807AD044655F8046B1B6D9847606961
:107AD000019504F00FF9019A6069314602F038FA15
:107AE000236805465B6D20469847284603B0BDE8ED
:107AF000704003B070470EB477B5036807AD044615
:107B000055F8046B1B6D98476069019504F0F2F815
:107B1000019A6069314603F091FF236805465B6D69
:107B200020469847284603B0BDE8704003B0704730
:107B3000EFF31083DB4372B6044A117829B9044984
:107B400003F001030B7001231370704769200020BC
:107B50006820002008B5EFF31083DB0704D4362239
:107B600005490648FFF776F8054B00221A70054BC9
:107B70001B7803B162B608BD6AA30108C6A3010859
:107B80006920002068200020036870B51B6901226D
:107B9000002104469847051E0DDB236802221B695D
:107BA0000021204698472368064629461B69002283
:107BB000204698473546284670BD0000024B0146D6
:107BC000186810F041B800BFEC070020024B0146D6
:107BD000186810F03DB800BFEC070020024B1B688E
:107BE0000022C3E926027047EC0700200C4B0D4829
:107BF00019680D4AD1F8983010B4D1F89C4003FBB5
:107C000000F002FB0400A3FB0232013340EB020050
:107C1000C1E926305DF8044B20F00040704700BFFA
:107C2000EC0700202DF451582D7F954C00000000EA
:107C30002DE9F04FDBB0164608911C4683460E93A3
:107C400005F0DCFB03681793184605F0F9FE0822DF
:107C5000169000212AA805F0BBFABBF1000F04D052
:107C6000DBF83430002B01F0D981089B5A6EB3F950
:107C70000C30D70740F1C3859D0400F17787089940
:107C800043F4005322F400528B814A661BB21D0755
:107C900040F18F85089A1269002A00F08A8503F066
:107CA0001A020A2A00F094859FED937B00239E46DA
:107CB000CDE91AEE8DED127BCDE92F3331AB2E934A
:107CC0001C46CDF860E0CDF864E0CDF824E0CDF8B6
:107CD00044E037463D468A4BD3F8E46005F088FB24
:107CE0002AAA0346009226A92A465846B0470028E9
:107CF00000F0D583C0F2CB83269A252A034601D013
:107D00001D44E8E7B5EB0708064640F0CC830023A6
:107D10004FF0FF328DF88F309A460A9301352B7859
:107D2000079201359946A9F120035A2B5CD8DFE868
:107D300013F054025B005B0050025B005B005B00D1
:107D400033025B005B00AB01BA015B00B6011602B7
:107D50005B001202D100D100D100D100D100D100CE
:107D6000D100D100D1005B005B005B005B005B00D9
:107D70005B005B00E9005B004601C602E900E90028
:107D8000E9005B005B005B005B000E025B005B00D8
:107D9000BF015B005B005B0076015B001D035B00C5
:107DA0005B0017085B005B005B005B005B005B0037
:107DB0005B005B00E9005B0046013101E900E9007E
:107DC000E900BC0231012D015B00B2025B007802C8
:107DD000650287022D015B0076012B01E6025B0044
:107DE0005B0087085B002B01B9F1000F00F06F8387
:107DF0000023CDE90F3301228DF804918DF88F30E7
:107E00000B930C920793159341AF0692309E1496F4
:107E10001AF0840300F0F5809DF88F2002B32F98AC
:107E20004FF00008013001220136626007280DF191
:107E30008F02CDE92F06226000F3F2840834B8F1F6
:107E4000000F0DD02F98013024AA02362260072897
:107E50004FF00202CDE92F06626000F3EF84083490
:107E6000802B00F09583079B0C9AA3EB0208B8F1D6
:107E7000000F00F3D2831AF4807F40F032830C9B12
:107E800063601E442F9B27600133072B30962F938E
:107E900000F32C8408341AF0040F05D00A9B069ACC
:107EA0009F1A002F00F3D884DDE9093206998A422F
:107EB000ACBF9B185B180993002E40F0ED830023A4
:107EC0002F930B9B1BB10B9958460FF0C1FE31ACA1
:107ED0002F46FFE6A9F13003002215F8019B02EBC3
:107EE000820203EB4202A9F13003092BF5D90A9271
:107EF00019E700BFAFF300800000000000000000A1
:107F0000800600200E9B073323F00703B3EC027BAF
:107F10008DED127B0E93139B8DED1E7A23F00043A3
:107F20001F93DDE91E01B24B4FF0FF320FF002FC50
:107F3000002840F0BB86DDE91E01AD4B4FF0FF325B
:107F40000FF0DAFB0646002840F0B086DDE91201AA
:107F5000002200232AF0800A0FF0C4FB002841F021
:107F6000FD839DF88F30B9F1470FCCBFA14FA24FD1
:107F7000002B41F095860322CDE90F330B930C9231
:107F800007931593069241E72B78CAE62B784AF0BF
:107F9000200AC6E61AF0200F40F063860E9A1AF007
:107FA000100F52F8046B41F0A2871AF0400F0E92A6
:107FB00001F02E8146F3C038434636B28FE10E9B66
:107FC000B9F1430F03F1040600F087871AF0100F90
:107FD00040F083870E9B1B688DF8043101230693C4
:107FE0000C9341AF0023CDE90F330E968DF88F30FF
:107FF000309E0B93079315931AF0840314967FF425
:108000000BAF0A9A0698A2EB0008B8F1000F00F334
:108010000D859DF88F20002A3FF425AFFFE6DDF89F
:10802000388058F8047B00238DF88F30002F00F043
:108030004387B9F1530F01F00C801AF010030F932E
:1080400041F00780079B002BC1F23D821A460F9931
:10805000384605F005FC9DF88F300B90002801F0A4
:1080600089860B9AD21B0C9222EAE27206920BB11D
:10807000013206920F9BCDF8388007931593109329
:108080000B934FF07309C1E60E9B53F8042B0A9231
:10809000002A80F280850A9A0E9352420A922B7827
:1080A0004AF0040A3DE62B238DF88F302B7838E612
:1080B0001AF0200F4AF0100000F0F0850E9B0733F5
:1080C00023F007031A46596852F8083B0E92002223
:1080D0008DF88F20079A002A18DB53EA010220F45A
:1080E000906A15D1079A9AB910F001031A460693BF
:1080F00000F08B8730238DF86731079B0C92CDE918
:108100000F3315930B930DF267177FE620F4806A07
:108110005AAF03F00702DB0843EA4173C908303263
:1081200053EA0106384607F8012DF2D11AF001038F
:108130000F9340F06384079915935AAAD21B91427A
:10814000B8BF11460C92069110930B935EE62B7804
:108150004AF0080AE5E52B784AF0800AE1E529466D
:1081600011F8019BB9F12A0F01F09486A9F13003AF
:10817000092B98BF002201F27F8411F8019B02EBCA
:10818000820203EB4202A9F13003092BF5D942EA3E
:10819000E27307930D46C6E5584605F02FF943688C
:1081A0001993184605F04CFC1B900646584605F0FE
:1081B00025F982682B781A92002E3FF4B2AD002A7E
:1081C0003FF4AFAD1278002A3FF4ABAD4AF4806AB9
:1081D000A7E52B784AF0010AA3E59DF88F202B78BC
:1081E000002A7FF49EAD20228DF88F2099E500BFF4
:1081F000FFFFEF7F40AB01083CAB01081AF0200FF6
:1082000040F0F6840E9A1AF0100152F8043B41F047
:108210007C861AF0400001F00C809BB20E92504612
:1082200055E70E9A1AF0200F02F1040300F0E384E0
:10823000126809991160C91751600E932F4649E5DC
:108240000E9A079F52F8040B002147F630038F4225
:10825000ADF890308DF88F100346C0F2F3852AF008
:10826000800646F0020A002840F0EE85002F01F05B
:1082700036800E9230230122069710908DF86731D8
:108280004FF078090DF2671715900C920F90844605
:108290000B9000F0BABD2B786C2B03BF6B784AF0C3
:1082A000200A01354AF0100A3BE52B78682B03BF02
:1082B0006B784AF4007A01354AF0400A31E51AF049
:1082C000200F4AF0100300F0CF840E9A073222F0FC
:1082D00007029A46536852F8086B0E929846002B94
:1082E000C0F2CE84079A002A20DB56EA08032AF05F
:1082F000800A1BD1002A00F0A58730231DE01AF068
:10830000200F00F08A8451460E9B073323F00703A9
:108310001A46D3F8048052F8086B0E9200238DF8A9
:108320008F30079B002B80F22A848A460A2E78F130
:10833000000337D206F13003DBB2079A8DF86731BC
:10834000012AB8BF012206929DF88F3001220C92BB
:108350000DF26717002B01F0B585069B01330693DC
:108360000023CDE90F330B9315934FE51AF0200F3F
:108370004AF01001C8D10E9B1A1D0E9B07981B686E
:108380004FF0000840458DF88F801E46C1F2E28113
:1083900021F0800A002B00F057840A2E78F10003A8
:1083A0000E92C7D30AF480630022CDE90B590694DC
:1083B000DDF868905AA994461C4626E016EB08039F
:1083C000B24843F10003A0FB032020F0030202EBBC
:1083D00090029B1AF31AAD484FF0CC32B646454690
:1083E00002FB03F268F1000800FB0822A3FB006314
:1083F000BEF10A0F13444FEA560675F100053946DF
:1084000046EAC3764FEA53082DD3A04D16EB080376
:1084100043F10003A5FB032020F0030202EB9002CE
:108420009B1AF31AA3FB053268F100005B0805FBF9
:10843000002243EAC27303EB8303A6EB430330330A
:108440000CF1010C01F8013C4F1E002CB6D099F83C
:1084500000306345B2D1BCF1FF0FAFD00A2E78F1E6
:10846000000381F0A7815AAB0799069CCDF868906C
:10847000DB1B1A469142B8BF1146DDF830900B9DC8
:108480000C93CDF844C09DF88F30069162E7082226
:1084900000212AA804F09CFE01231D441BE4B5EB37
:1084A0000708064613D0DDF8BCE0309B0EF1010250
:1084B0004344072AC4E9007830932F9200F3708177
:1084C0000834099B43440993002E7FF420AC309B71
:1084D000002B41F00680089B0022B3F90C302F924C
:1084E000EBE0B9F1650F40F30C81DDE912010022E8
:1084F00000230FF0EDF8002800F0FE812F9B644A66
:108500002260013301360122072B30962F936260DF
:1085100000F393850834259B119A934280F22A83B5
:10852000169B179A1E44C4E900232F9B30960133F3
:10853000072B2F9300F3B4840834119B5F1E002F88
:108540007FF7A9AC102F2F9B41F368845149DDF8C8
:108550002090149132464FF010080E4604E0083483
:10856000103F102F40F3B78001331032072BC4E9BE
:108570000068CDE92F32F2DD2EAA4946584603F0B5
:108580007DFA002840F09080DDE92F3231ACE7E73A
:108590000A9B069AA3EB0208B8F1000F7FF763ACC1
:1085A0003C4B2F9A1493B8F1100F29DD2146304629
:1085B000384C2E461023089D06E0A8F11008B8F1AB
:1085C000100F01F1080118DD01321030072AC1E94E
:1085D0000043CDE92F20F0DD2EAA2946584603F0AE
:1085E0004DFA002860D1A8F11008B8F1100FDDE9AC
:1085F0002F2031A94FF01003E6DC35460C46064625
:108600000132149B23604644072ACDE92F26C4F883
:10861000048000F33984083425E41E4B2F9A149308
:10862000B8F1100F24DD21461023089C06E0A8F1C4
:108630001008B8F1100F01F1080118DD01321548DA
:108640001036072AC1E90003CDE92F26EFDD2EAA57
:108650002146584603F012FA30BBA8F11008B8F1D1
:10866000100FDDE92F2631A94FF01003E6DC0C4690
:108670000132149B23604644072ACDE92F26C4F813
:10868000048000F367820834FFF7F5BBCDCCCCCC77
:108690007CAB010874AD010808992EAA584603F076
:1086A000EDF900283FF40BAC0B9B1BB10B9958461E
:1086B0000FF0CEFA089BB3F90C30089A526ED0072F
:1086C00002D49A0540F183845B0600F11181099878
:1086D0005BB0BDE8F08F16460133149A22603E4429
:1086E000072B6760CDE92F367FF7D4AB08992EAA08
:1086F000584603F0C3F90028D6D1309E31ACFFF7BD
:10870000CABB2F9B03F10108119B012B06F1010647
:1087100004F1080940F3D4810123B8F1070FCDE932
:108720002F862760636000F31F84169B179A08F159
:1087300001081E44B8F1070FC9E90023CDE92F86CF
:1087400000F3208409F10809119BDDE912015C1E88
:10875000002200230EF0BCFF002840F0CB8108F17E
:10876000010801372644B8F1070FCDE92F86C9F873
:108770000070C9F8044000F3B08109F10809189AA3
:10878000C9F8042008F101031644072B28AACDE9F3
:108790002F36C9F80020A9DC09F10804FFF77BBBDC
:1087A00008992EAA584603F069F9002882D131AC05
:1087B00087E6089D5846294604F094FA002841F0BF
:1087C000E782B5F90C3003F01A020A2A7FF46CAA8A
:1087D0000899B1F90E20002AFFF666AA4A6ED20760
:1087E00002D49B0540F194860899234632465846A8
:1087F00001F0BCFB099009985BB0BDE8F08F9905CA
:1088000067D59F047FF53BAA95047FF540AA089B96
:108810009B899E056CD4089B986D04F0A7FE67E0C9
:10882000089914932EAA584603F028F900287FF4DB
:108830003BAF309E149B31ACFFF701BB08991493FA
:108840002EAA584603F01AF900287FF42DAF309E67
:10885000149B31ACFFF704BBBC4A2F9B1492102F22
:1088600022DDAA46DDF820904FF01008154604E0FE
:10887000103F102F04F1080415DD01331036072BCB
:10888000C4E90058CDE92F36F2DD2EAA49465846F4
:1088900003F0F4F800287FF407AF103F102FDDE954
:1088A0002F3631ACE9DC55460133149A3E44072B90
:1088B000C4E90027CDE92F367FF7F6AA08992EAA3A
:1088C000584603F0DBF800287FF4EEAE309EFFF749
:1088D000EBBA089DA86D04F047FEB5F90C306A6E3E
:1088E00098047FF5CCA991047FF5D1A9D7078ED53F
:1088F0004FF0FF330993EAE62599002940F34F81B1
:108900000F9B119A9342A8BF1346002B99460ADD8C
:108910001E44C4E900732F9B30960133072B2F931D
:1089200001F3518008340F9BB9F1000FA8BFA3EBEE
:108930000903002B984600F316840F9B1AF4806FEE
:108940003B4440F04D86259A11998A4203DB1AF088
:10895000010F00F0D184169917980E44C4E9000164
:108960002F993096013107292F9101F3388008346F
:10897000119907EB0108A8EB03088F1AB845A8BFA7
:10898000B846B8F1000F0BDD23602F9BC4F80480BC
:1089900001334644072B30962F9301F3728008343D
:1089A000B8F1000FA8BFA7EB0807002F7FF773AA45
:1089B000102F2F9B41F332826549DDF820901491EE
:1089C00032464FF010080E4604E00834103F102FD6
:1089D0007FF781AE01331032072BC4E90068CDE97F
:1089E0002F32F2DD2EAA4946584603F047F80028F8
:1089F0007FF45AAEDDE92F3231ACE7E7302A00F0E0
:108A000033823023079907F8013C02385AAB1B1A0E
:108A100099424FF00002B8BF1946CDE90F220B92E0
:108A20000C93074606911592FFF7F0B9DDF8BCE00C
:108A3000464814991490B8F1100F724628DDCDE91C
:108A400020532046414D089C102606E0A8F110084E
:108A5000B8F1100F00F1080017DD01321031072ABC
:108A6000C0E90056CDE92F21F0DD2EAA2146584657
:108A700003F004F800287FF417AEA8F11008B8F14D
:108A8000100FDDE92F2131A8E7DCDDE92053044692
:108A900014982060501C08EB01060728CDE92F062A
:108AA000C4F8048000F39B829DF88F200834002ACC
:108AB00040F09A80002B3FF4D6A91346FFF7C3B9C4
:108AC0001AF0010F7FF428AE0123B8F1070FCDE9AA
:108AD0002F86276063607FF752AE08992EAA58460A
:108AE00002F0CCFF00287FF4DFADDDE92F860DF129
:108AF000C40944E6119B012B7FF741AE112B41F3D2
:108B0000F28113491491324643461027DDF8208044
:108B10000E4605E009F10809103C102C40F3518382
:108B200001331032072BC9E90067CDE92F32F1DD9F
:108B30002EAA4146584602F0A1FF00287FF4B4ADAA
:108B4000DDE92F320DF1C409E6E700BF84AD01086D
:108B500074AD010808992EAA584602F08FFF00282C
:108B60007FF4A2AD309E31ACFFF785B990047FF55C
:108B70008EA8BDE61AF0010F3FF48DA9D0E456EAA5
:108B8000080321F0800A7FF4D1AB079B002B5FD054
:108B90000026FFF7CFBB0E932B78FFF7C2B82F9BB1
:108BA000AE4A2260013301360122072B30962F9303
:108BB000626000F348860834002940F0AD82119AC3
:108BC0000AF0010313433FF466A9169B179A1E444B
:108BD000C4E900232F9B30960133072B2F9300F31A
:108BE0008A8404F10802A8E298460023FFF71AB924
:108BF0005046FFF763BA1AF0100F40F085821AF062
:108C0000400F40F090831AF4007F00F07D820E9AAE
:108C1000099912681170FFF710BB0E9A1AF010082C
:108C200052F8043B41F078811AF0400100F0DA82FA
:108C30009EB2079B8DF88F80002BFFF6AEAB2AF01B
:108C4000800A002E7FF4A9AB079B0E92002B9FD1C8
:108C5000CDE90F330C93159306930B935AAFFFF79F
:108C6000D5B85346FFF731BB0E9A04320E990E92D7
:108C70000E684FEAE6789A464346002BBFF632ABC1
:108C80002D238DF88F30079B764268EB4808002B28
:108C9000FFF64CAB2AF0800AFFF748BB0E9B1A1D6B
:108CA0000E9B0E921B680021FFF711BADDE912013D
:108CB00002460B460EF03EFD0646002840F0D987DE
:108CC000B9F1610F00F0EA85B9F1410F00F031838D
:108CD000079B013300F0A887B9F1670F139B4AF493
:108CE000807800F02E87B9F1470F00F02A870B90AB
:108CF000DDE91212002AC0F21C879DED127B8DED7A
:108D00001C7B00231493A9F14103252B00F2A182BF
:108D1000DFE813F04E079F029F029F0203045304F3
:108D20009F029F029F029F029F029F029F029F023B
:108D30009F029F029F029F029F029F029F029F022B
:108D40009F029F029F029F029F029F029F029F021B
:108D50009F029F024E079F029F029F02030453043B
:108D60003F4E1AF0200100F0F0800E9B073323F0F5
:108D700007031A46596852F8083B0E921AF001028E
:108D800000F0C28053EA010200F04D8130228DF8DC
:108D9000902000228DF88F20079A8DF89190002A5C
:108DA000C0F2FE802AF4906242F0020A03F00F0241
:108DB0000AF00200B25C8DF867211B0943EA0173D7
:108DC0000A0953EA11110DF267170BD003F00F01D6
:108DD0001B09715C07F8011D43EA0273120953EA8B
:108DE0000201F3D1079A5AAB4FF0000CDB1B9A42F9
:108DF000CDE90FCCB8BF1A460C930692CDF82CC023
:108E0000CDF854C000283FF401A8069BDDE92F06E9
:108E1000023306931AF084031496864606D10A9903
:108E2000069AA1EB0208B8F1000F07DCBCF1000FB5
:108E30003FF409A84FF00208FEF7F4BF0223F7E55C
:108E4000084E8EE74AF0020A0E92064E03F00F0219
:108E50000220B25C4FF07809ADE700BF7CAB01089F
:108E600060AB01084CAB010807995AAAD21B91428A
:108E70004FF00003B8BF1146CDE90F330B930C92AE
:108E800006911593FEF7C2BF08992EAA584602F024
:108E9000F5FD00287FF408AC309E31ACFEF7E3BF4F
:108EA00008992EAA584602F0E9FD00287FF4FCAB91
:108EB000309E31ACFFF741BB079BCDF83880062BC5
:108EC0003A4628BF0623CDE90B730797CDE90F2259
:108ED000AC4F06931592FEF799BF082200212CA8EB
:108EE00004F076F90E9B41AF1A6839462CAB584610
:108EF00007F0ECFF034601330C905BD00C9B23EA98
:108F0000E3730693FFF76EB88DF88F20079A002A57
:108F100048DB53EA01022AF4906A7FF447AF079ACC
:108F2000002A00F0F780012A33788DF86731B8BF46
:108F30000122002306920122CDE90F330B930C92FC
:108F400015930DF26717FEF761BF0E9A52F8043BB6
:108F50000E921AF010027FF411AF1AF0400000F0E8
:108F600062819BB2114609E708992EAA584602F081
:108F700085FD00287FF498ABDDE92F860DF1C4094B
:108F8000FFF7D3BB08992EAA584602F077FD0028B8
:108F90007FF48AABDDE92F860DF1C409FFF7D4BB5E
:108FA0004AF0020A03F00F020AF00200B25C2AF44F
:108FB000806A00E70898B0F90C30426E43F0400137
:108FC000D70781813FF594AC99053FF591AC089C9A
:108FD000A06D04F0CBFAB4F90C30FFF775BB08991B
:108FE00014932EAA584602F049FD00287FF45CAB8A
:108FF0009DF88F20309E149B002A00F0AC8098468C
:1090000031AC03462F98FEF70DBF079B0C93CDE9BB
:109010000F3315930B935AAFFEF7F8BE584602F084
:10902000DBFFFEF722BE079B002083428DF88F00F6
:10903000C0F2A8832AF4906A71E708992EAA5846CC
:1090400002F01CFD00287FF42FAB309E31ACFFF7FF
:1090500062BA082200212CA8279704F0B9F8079BD0
:10906000002BC0F29883002606940B9534461D46CB
:109070000EE041A9584607F029FF431C204400F0A8
:10908000DA85A84209DC06F1040600F0DF85044613
:10909000279A92592CAB002AEBD10C940B9D069C7D
:1090A0000C9B002B00F0DC83632B40F33285591CB2
:1090B00058460EF0C9FD0746002800F039870B908E
:1090C000082200212CA804F083F80C9E2CAB0093FE
:1090D00027AA33463946584607F01EFF864240F01D
:1090E00021870C9A0023BB5422EAE27206929DF873
:1090F0008F20002A40F01285CDE90F220792CDF88B
:1091000038801592FEF782BE0E9A09991268116096
:10911000FFF793B8079B9BE5169B179A1E44C4E97B
:1091200000232F9B30960133072B2F9300F3E3810D
:1091300004F108020029C0F2BC84119917600133C0
:109140000E44072BCDE92F3651603FF7CFAA02F12D
:109150000804FEF7A0BE002B00F0D8802F9813461D
:1091600031ACFEF770BEB8F1100F2F9B40F375863F
:109170000548149022463146089C4FF010090646D7
:109180000BE000BF74AB010874AD01080832A8F110
:109190001008B8F1100F40F3CD8201331031072BC6
:1091A000C2E90069CDE92F31F0DD2EAA21465846EB
:1091B00002F064FC00287FF477AADDE92F3131AAA0
:1091C000E5E71646984608F10108149BC9F80030F7
:1091D0002644B8F1070FCDE92F86C9F804407FF780
:1091E000CCAA7AE41AF4007840F0938007998DF8BD
:1091F0008F8000291E46FFF6D0A82AF0800A002B97
:109200007FF4CBA80B460E9200297FF4C1AC1FE57A
:109210001AF4007F16BF46F3C0184FEAE67876B21C
:109220004346FFF75CB81AF400711CBFDBB201467D
:10923000A4E51AF400711CBF0146DBB20E92504641
:10924000FEF745BF9DF88F3006920C925AAFFFF79C
:1092500081B8079B01932CAB049327AB039325ABF9
:109260000293022300935846DDE91C2304F024FDF9
:1092700007461AF0010F40F017842C9BDA1B259B40
:109280001192D91C0F93C0F2B98307999942C0F289
:1092900040839A4200F332840F9B0C931AF4806F40
:1092A00003D00F9B002B00F306850C9B23EAE3738E
:1092B000C24606934FF06709002315931093149B41
:1092C0000AF00200002B00F07C814FF02D0C8DF88D
:1092D0008FC0069B013306930023079392E5079BFB
:1092E0000E92109315930C930F9306934FF07809F9
:1092F0005AAF9C460B9388E507EB0108A8EB0308DF
:109300008F1AB845A8BFB846FFF74ABB31ACFEF785
:10931000AABDDEB2079B8DF88F10002B8846BFF6E2
:109320008EACFFF73AB80E9A099912681180FEF7D1
:1093300084BF45F63003ADF89030079B632B4AF0AD
:10934000020A00F35284DDE91212002AC0F22884D6
:1093500025AADDE9120104F0E3FB00224FF07F5360
:109360000DF04EFF02460B46CDE90C2300220023F0
:109370000EF0AEF908B1012325930023954A14930A
:1093800006920B9341AF079B0F95591ECDE9109A9A
:109390000794069EDDE90C45B8468A4609E000229E
:1093A00000230AF1FF390EF093F9002840F0C2843F
:1093B000CA46894B0022204629460DF021FF0D4662
:1093C00004460EF0CDF981460DF0B0FE02460B4684
:1093D000204629460DF05CFD16F80930BAF1FF3F32
:1093E0004246044608F8013B0D46D8D116467B4B51
:1093F000DDF844A00022CDE90C45079C0F9DCDF877
:109400001C90DDF840900EF08BF948B9DDE90C01B5
:10941000724B00220EF05CF9E0B1079BD80719D51A
:10942000069B2C96D97B18F8012C9142434609D112
:10943000302003F8010C2C9B5A1E2C9213F8012C9F
:109440008A42F6D0392A0BBF069A0132927AD2B2FA
:1094500003F8012C259AA8EB07031193B9F1610FCA
:1094600002F1FF33259300F0F58450214FF04109BC
:10947000002B8DF8A010C0F2E2842B22092B8DF86E
:10948000A12000F3CB820DF1A202303302F8013BA0
:1094900028ABD31A1893119B189A012B1A440C92DB
:1094A00040F3BD830C9B169A13440C930C9A2AF438
:1094B000806343F4807A22EAE2720023CDE90F331D
:1094C00015930692FBE6384604F0BAFA9DF88F3001
:1094D0000C9020EAE0720692002B3EF4CBADFEF732
:1094E000C7BD08992EAA584602F0C8FA00283EF4D3
:1094F000F2AFFFF7DFB808992EAA584602F0BEFA7D
:1095000000287FF4D1A8DDE92F36259931AA11E68C
:10951000886D04F02BF8FFF767B9079B01331193AF
:10952000022300932CAB049327AB119E039325AB2E
:10953000019602935846DDE91C2304F0BDFB29F097
:109540002003462B07460693064400F00982DDE916
:109550001C01002200230EF0BBF8002840F0A88375
:109560002C9BB34280F0A2834522069230215A1CE4
:109570002C9219702C9BB342F9D3DB1B1193259BC2
:109580000F93069B472B00F0BD81069B462B00F0F6
:1095900000820F9B8DF8A090013B002B2593C0F219
:1095A00034822B22092B8DF8A12000F33782302240
:1095B0008DF8A2200DF1A30267E7079B1193032307
:1095C000AFE79DF88FC0BCF1000F7FF482AE149B13
:1095D000079317E460AB0108000030400000E03F53
:1095E000119ADDF85480CDF850A0BA18079222469F
:1095F0001C46109BDDF86890DDF820A00F95002B2D
:10960000314615971B9E2EDDB8F1000F7FDD08F166
:10961000FF382F98199B013031440728C2E90036E2
:1096200030912F9068DC0832079B99F800001F1BCF
:109630008742A8BF0746002F0BDD2F980130394421
:109640000728C2E9004730912F9066DC99F80000A6
:109650000832002FACBFC51B0546002D16DC0444A4
:10966000109B002BD0DCB8F1000FD0DC2346159FF7
:109670000F9DDDF850A0CDF868901446119ABA18E5
:1096800093420E4628BF1346FFF75DB9102D2F9861
:10969000AF4B23DD0C9410272C461D4604E0103CF4
:1096A000102C02F1080216DD0130A94B10310728F9
:1096B000C2E90037CDE92F01F1DD2EAA5146584607
:1096C00002F0DCF900287EF4EFAF103C102CDDE94D
:1096D0002F0131AAE8DC2B4625460C9C1360013093
:1096E00029440728CDE92F01556000F3C98099F876
:1096F000000008320444B3E72EAA5146584602F04F
:10970000BDF900287EF4D0AF309931AA8CE7109BC8
:10971000013B09F1FF3910937BE72EAA51465846C9
:1097200002F0ACF900287EF4BFAF99F80000309940
:1097300031AA8EE714460E460133149A226046443D
:10974000072BCDE92F36C4F8048000F35C8208347F
:10975000FFF7F3B80E928A46FEF7E8BD2D23B9F164
:10976000470F8DF88F300B963346079640F398815C
:109770000322784F0C92CDE90F33159304230693FF
:10978000FEF744BB33788DF867312AF4806A0DF216
:109790006717FFF727BB2CAB00930023194627AAB6
:1097A000584607F0B9FB034601330C9000F04382A2
:1097B000279775E41B9A1999BF1A384603F092FD52
:1097C00099F801300BB109F10109634A16EB08035E
:1097D00043F10003A2FB030525F0030000EB950015
:1097E0001B1AF31A4FF0CC3168F1000803FB01F1AA
:1097F00002FB0811A3FB023001445B0843EAC17677
:109800004FEA510816EB080343F10003A2FB0310D3
:1098100020F0030101EB90015B1AF31AA3FB023164
:1098200068F100005B0802FB001243EAC27303EB1D
:109830008303A6EB4303303307F8013C4FF0010CE0
:10984000013FFEF704BE08992EAA584602F016F909
:1098500000287EF429AF2599309E31ACFFF7ACB9D2
:109860009DF88F30CDF83880003B18BF0123069358
:109870000C9B0793CDE90F3315930B93FEF7C6BAF4
:109880002EAA5146584602F0F9F800287EF40CAF93
:1098900099F80000309931AA0444E1E647F6300314
:1098A000ADF89030079B632B4AF0020A00F39D81CC
:1098B000DDE91212002AC0F2738125AADDE9120146
:1098C00004F02EF900224FF07F530DF099FC024670
:1098D0000B46CDE90C23002300220DF0F9FE0346D0
:1098E000002800F07A8201231496259341AF0B964D
:1098F0001A4B069347E5259B0F93F31B1193069B89
:10990000472B46D10F9B033378DB079B0F9A93427B
:1099100010DA0F9B013BA9F10209002B8DF8A090F2
:109920002593BFF63EAE0F9B2D22C3F101038DF8A8
:10993000A1203CE6119B0F9A934200F3DF801AF0BE
:10994000010F0F9B00F05082169A13440C93A5E46C
:1099500074AD010840AB0108CDCCCCCC4CAB0108B8
:109960003B78302B00F07881259B1E44DDE91C01FB
:10997000002200230DF0ACFE0028BCD12C9BB3428A
:10998000FFF4F4ADDB1B1193259B0F93069B472B34
:10999000B8D00F99079A0AF00103002943EA02039D
:1099A00040F36282002B40F0B0810F9B0C934FF08C
:1099B00066091AF4806F40F080810C9B23EAE37300
:1099C000C246069378E408992EAA584602F056F843
:1099D00000287EF469AE309E31ACFEF7A4BF089932
:1099E00007932EAA584602F049F800287EF45CAE90
:1099F000259A309E079B31ACFEF7BABF0F9BA9F1A9
:109A00000209013B8DF8A09025930F9BC3F1010340
:109A10002D22092B8DF8A1207FF7C9AD0DF1B706D6
:109A2000DFF84CC332461046ACFB0312D20802EBFF
:109A30008201A3EB4101303100F8011C1946632972
:109A4000134600F1FF32EEDC303302F8013C831E96
:109A5000B34280F005820DF1A10213F8011B02F858
:109A6000011FB342F9D103F5B4736B44C43B1B1A15
:109A700028AA9B1A18930EE500230D460793FEF7BC
:109A800052B908992EAA584601F0F8FF00287EF432
:109A90000BAE259F119B309EDF1B31ACFEF780BFC4
:109AA0000322AF4F0C9266E6079BFE1847230693EE
:109AB0005CE7C1F10008103180F23182A9481490AE
:109AC00031461024064605E00832A8F11008B8F126
:109AD000100F56DD01331031072BC2E90064CDE9C8
:109AE0002F31F1DD08992EAA584601F0C7FF002852
:109AF0007EF4DAADDDE92F3131AAE6E7119B169A43
:109B00009A180F9B0C92002B40F308814FF06709C5
:109B10004FE700230B9341AFFFF7D2BA069A0793A2
:109B20000132CDE90F330692CDF838801593FEF758
:109B30006DB902F100431D932D231C911493FFF77F
:109B4000E2B8079A002A00F03181002BC0F2AD8103
:109B50009DED127B8DED1C7B1496079B01932CAB26
:109B6000049327AB039325AB02930223009358463B
:109B7000DDE91C2304F0A0F8002307460B93FFF750
:109B800078BB0E460133149911604644072BCDE98A
:109B90002F36C2F8048000F345810832FFF7CDBAB2
:109BA00002F100431D932D231C910B9641AF14939A
:109BB00025AADDE91C0103F0B3FF00224FF07F531B
:109BC0000DF01EFB02460B46CDE90C2300220023BC
:109BD0000DF07EFD08B101232593B9F1610F3FF42B
:109BE00087AE614B0693FFF7CEBB079B5846591CC7
:109BF0000EF02AF8074600283FF4DCA90B904AF43F
:109C00008078FFF775B808992EAA584601F036FFFC
:109C100000287EF449AD309E31ACFEF78EBE1AF0BE
:109C2000010F3FF443AC3DE406230B9007934AF445
:109C30008078FFF75DB8089BB3F90C3000220B92D7
:109C400043F04003089A9381FEF72EBD079B069CC4
:109C50000B9D0C93FFF724BADDE91C0100220023C1
:109C60000DF036FD002800F0D480259B0F931E4494
:109C700043E6139B13F000432AF0800A0F9300F091
:109C8000B6802D238DF88F30B9F1470F4FF00003C8
:109C90000B93079340F312810322344F0C926AE531
:109CA00000230322CDE90B32079364E5DB1B1193FC
:109CB000259B0F936DE44FF067091A990B78FF2BE2
:109CC00000F0268100260F9A304603E00130013172
:109CD000FF2B08D0934206DAD21A4B78002BF5D12D
:109CE0000B780136F4E7CDE90F201A911596109AFA
:109CF000159B1B9913440C9A01FB03230C9323EA35
:109D0000E373C2460693FFF7DABA13460B4499464B
:109D1000169B4B440C934FF066094AE6C3F10103CE
:109D20001A4422EAE273C2460C9206934FF0670986
:109D3000FFF7C2BA51460029DDE9109A079C0F9D32
:109D4000FFF688AB4A1C42444346302003F8010B1F
:109D50009342FBD108EB010303F10108FFF77ABB43
:109D60003CAB010874AD010860AB010848AB0108C9
:109D7000CDCCCCCCCDF8388023B3079B0C935A1CA8
:109D800006920790159010904FF07309FEF73EB8B9
:109D9000089A536ED8073EF5ABAD938999053EF509
:109DA000A7AD906D03F0E2FBFEF7A2BD002BC0F261
:109DB0008F809DED127B079B149301238DED1C7BFF
:109DC0000793CAE6079B0C9306930B9B159310937E
:109DD00007934FF07309FEF719B8594A1493069286
:109DE0000B9341AFFFF7CFBA0C93FFF757BA9DF82B
:109DF0008F30B9F1470FCCBF524F534F002B79D161
:109E0000032207930C92159310930B930692FDF780
:109E1000FDBF119BC3F101032593A6E54B4A1492A4
:109E2000FEF75ABC08992EAA584601F027FE0028D2
:109E30007EF43AACDDE92F3631AAFFF77EB9C2F1E4
:109E40000103092B4FF02D028DF8A1203FF7E6AD5D
:109E5000FFF719BB7021FFF70BBB3C4A14926BE470
:109E600002231893FFF717BBC24633B901230693A9
:109E70004FF066090C93FFF71FBA169B03F1010917
:109E8000079B4B440C9323EAE37306934FF0660958
:109E9000FFF712BA0E9A6B780D4652F8041B0E9219
:109EA00041EAE1710791FDF73CBFDDE9121202F1D1
:109EB00000431D932D231C9114934EE60322224F41
:109EC0000C9258E4CDE90F330B931593FDF79EBF29
:109ED000DDE9121202F100431D932D231493012397
:109EE0001C91079339E6194B1493FFF76CB953464D
:109EF000FEF7BCBE00230793159310930B93032327
:109F00000C9304230693FDF781BF5046FEF7C8BEAD
:109F1000002315931093EAE65146FEF72EBA0B493B
:109F200014912FE6089BB3F90C3043F0400389E607
:109F3000089B0B90B3F90C3043F0400382E600BF5E
:109F40004CAB010848AB010844AB010874AD0108F3
:109F500010B4054C8446134620685DF8044B0A464D
:109F60006146FDF765BE00BFEC0700202DE9F0411A
:109F700098468B89ADF58D6D23F00203ADF80C305A
:109F80001AAB009304934FF48063029305934B6ED6
:109F90001993CB89ADF80E30CB6907934B6A0993BF
:109FA00016460023074616A80D46069303F0D8FA76
:109FB0003246434669463846FDF73AFE061E6C4671
:109FC00007DB6946384601F06BFE002818BF4FF0EA
:109FD000FF36A3895B0603D5AB8943F04003AB8111
:109FE000A06D03F0BFFA30460DF58D6DBDE8F08130
:109FF0002DE9F04FADF5377D8B4602AF496EFB6220
:10A00000CB07BBF90C40F864164640F16081A5040B
:10A0100000F1568244F4005421F40051ABF80C4096
:10A02000CBF864100822002107F1580003F0D0F8A3
:10A030004FF0000EC7F838E0C7F824E0C7F840E05A
:10A04000F246C7F844E0C7F828E0AE4BD3F8E44046
:10A0500003F0CEF907F15802009203463246F86C3D
:10A0600007F15401A0470028C0F212817B6D06441D
:10A070000146002B3BD0012800F01881252B4ED043
:10A080000028E2D0A6EB0108DBF804301A46404471
:10A09000002A00F1FF3408F1FF3516DDDBF800304F
:10A0A0006A781878904203F1010305F101011ED18D
:10A0B000DBF80420CBF80030013A8C42CBF80420C6
:10A0C00000F00081002A0D46E8DCF86C594602F0E9
:10A0D000A3FA0028E2D07A6C002A01F0C282BBF811
:10A0E0000C3013F0400F18BF4FF0FF327A64DBF8EA
:10A0F0006430DD0740F1FC80BB6B43B1BB6B18687B
:10A100007B6C013300F0428108B1FDF75FFD786C94
:10A1100007F53577BD46BDE8F08F012001460024E4
:10A120003578A146A5F12503721C552BDFD80FF217
:10A13000080C5CF823F000BF01AA0008EFA000089B
:10A14000EFA00008EFA00008EFA00008E3A90008B6
:10A15000EFA00008EFA00008EFA00008EFA00008A3
:10A16000EFA000083BA400083BA400083BA40008A3
:10A170003BA400083BA400083BA400083BA4000843
:10A180003BA400083BA400083BA40008EFA0000883
:10A19000EFA00008EFA00008EFA00008EFA0000863
:10A1A000EFA00008EFA0000851A40008EFA00008ED
:10A1B000BFA5000829A7000851A4000851A4000861
:10A1C00051A40008EFA00008EFA00008EFA00008CD
:10A1D000EFA00008EFA30008EFA00008EFA0000820
:10A1E0000DA70008EFA00008EFA00008EFA00008EE
:10A1F00045A70008EFA00008EFA00008EFA00008A6
:10A20000EFA00008C9A40008EFA00008EFA0000814
:10A2100059A70008EFA00008EFA00008EFA0000871
:10A22000EFA00008EFA0000851A40008EFA000086C
:10A230001BA50008B3A5000851A4000851A40008FC
:10A2400051A400084BA9000863A90008EFA3000867
:10A25000EFA0000817A900087FA900089BA9000823
:10A260002FA90008C1A90008EFA00008EFA000086E
:10A27000E5A40008E3A30008F5A40008EFA0000887
:10A28000EFA00008C9A40008EFA00008E3A300089D
:10A290004FF6FD730822002107F158007B6502F09C
:10A2A00097FF7B6D0136002B3FF421AF164AD25C3D
:10A2B000110700F1A480252B3FF42FAF06F1FF38E2
:10A2C0000120E1E602355544A5EB080ABDE6A005EC
:10A2D00076D5A2047FF59EAE8B047FF5A3AEBBF8C6
:10A2E0000C30990541F1F4814FF0FF337B640EE7A8
:10A2F000BBF80C309C053FF5FFAEDBF8580003F0CF
:10A3000035F9F9E68006002009AF0108B9F1000F20
:10A3100008BF4FF0FF3914F0010604F0100341F0BC
:10A32000FD81002B41F0C682FB6A14F0800453F8D3
:10A33000046BFB6201F06581002E3FF4D8AE202053
:10A34000FDF73CFC8046002801F08B81BB6B306040
:10A35000DA889C88A242C1F035834FF6F6739C429E
:10A36000BA6408D8BB6B08341868A10005F01AFA63
:10A37000002841F05D83DBF86430DA0704D4BBF8D1
:10A380000C309B0541F1BC81BB6B1868BB6BDE8850
:10A390007EB10024051FA046814655F8043F186889
:10A3A000FDF714FC01342B68B442C3F80080F4D1EB
:10A3B00048464FF0FF337B6400287FF4A6AEA6E644
:10A3C000DBF8580003F0D0F8BBF90C40DBF8641060
:10A3D000A5047FF51FAE88047FF524AEC80783D49B
:10A3E0007DE725077FF483AE757816469AE6230746
:10A3F0007FF47DAE757844F00204164692E6DBF8F1
:10A400000420FC6C10E0DBF80030AC491A788A5C60
:10A41000120703F101037FF518AEDBF80420013ABF
:10A42000CBE900320AF1010A002AECDC5946204649
:10A4300002F0F2F80028E6D007E614F08F0F7FF460
:10A4400056AE09EB890905EB4909A9F13009CBE7BB
:10A45000DBF804307A63002B4FF0040656DDDBF89E
:10A460000010964D0B78EB5C180721D5D7F84C807F
:10A470000A4605E0CBF800201378EB5C190717D5E6
:10A48000DBF80430013B002B0AF1010ACBF8043061
:10A4900002F10102EEDC5946404602F0BDF8002808
:10A4A0007FF419AEDBF800201378EB5C1907E7D4D2
:10A4B000033E012E3FF62AAFDFE816F0BF02750318
:10A4C0008C047FF5AFAD0FE7DBF804307A63002B27
:10A4D00044F4007440F37C82794BBB6210233B64EC
:10A4E0000326BCE7DBF804307A63002B4FF002064A
:10A4F000B5DC0BE0DBF804307A63002B704BBB62F9
:10A500004FF00A033B644FF00306A8DCF86C594691
:10A5100002F082F80028A2D0DDE5DBF804307A638F
:10A52000002B41F34C804D46012D38BF012514F01E
:10A53000010340F09687E60600F1CD86FB6A24060B
:10A5400053F8046BFB6240F1B086002E3FF4CFADB0
:10A550002846FDF733FB0446002801F08280BB6BE0
:10A560003060B3F806809A88904580F09C87186820
:10A57000BB6B40F8286008F10108A3F80680CDF80D
:10A5800000B02146F86C2B46012201F0BBFD0446C9
:10A5900000283FF4A0AD854205D93068214605F07A
:10A5A00001F900B130607B6C7E6B0133A2447B64A7
:10A5B0004BE5DBF804307A63002B424B9FE7DBF876
:10A5C00004307A63002B44F0410440F3EF874D469A
:10A5D000012D38BF012514F0100940F09B86FB6A5D
:10A5E00053F8042BFB622306FA6340F1B287002A7A
:10A5F0003FF47DAD8020FDF7E1FA0646002801F02A
:10A600003080FB6B1860BB6BDC88B3F8048044457A
:10A6100080F0FD861868FB6B40F82430BB6B3E620F
:10A620000134DC8020233B63C7F84890D7F824909E
:10A63000002407F5B87802F0DBFEA0423FF44BADF2
:10A64000DBE9002112F8010B08F804000139B9F127
:10A65000030FCBE9002104F1010402D1BB6E042BEE
:10A6600005D00822002107F1680002F0B1FD07F1D2
:10A6700068030093F86C23464246314606F0FCFB23
:10A68000B0F1FF3F81463FF426AD002840F0BB818A
:10A69000BB6CA244013D53B93360FB6B33B13B6AE1
:10A6A000F41A3B6BB3EBA40F40F296850436DBF84B
:10A6B0000420002A0FDDA5B10024BCE709AF010882
:10A6C000410B0108090A0108BB6C002BE5D0DBF83F
:10A6D0000420002AF0DCF86C594601F09DFF0028A8
:10A6E000E9D0C7F82490D7F84890FB6B33B13B6AA8
:10A6F000F11A3B6BB3EBA10F00F2FB86B9F1000F2F
:10A7000002D17B6C01337B647E6B9EE4DBF804300A
:10A710007A63002B44F0010440F32487B54BBB62FD
:10A7200008233B6403269AE6DBF804307A63002BA7
:10A7300044F0010440F32887AF4BBB620A233B641B
:10A7400003268CE6DBF804307A63002B40F3138792
:10A7500044F00104022682E6114607F1700001F080
:10A76000FBFFDBF80430002B064640F31687B9F1F7
:10A77000000F08BF4FF0FF3904F0100314F001057B
:10A78000FB6300F0A884002B40F0EE85FB6A2006F6
:10A7900053F8042B7A63FB6240F1CF86002A3FF422
:10A7A000A6AC8020FDF70AFA8046002800F0598701
:10A7B0007B6B1860BB6BDC889D88AC4280F0E085C9
:10A7C00018687B6B40F82430BB6BC7F830800134CD
:10A7D000DC8020233B627D6AC7F848A00024FE612C
:10A7E00002F006FEA0423FF476ACDBE9003207F54A
:10A7F000B87013F8011B0155013A032DCBE9003263
:10A8000004F1010407F1600A03D1DAF80030042BE7
:10A8100004D008220021504602F0DAFCCDF800A056
:10A820004146F86C234607F5B87206F025FB411C3B
:10A8300005463FF450AC002840F0F680C8F8000010
:10A8400006460822002107F1680002F0C1FC6B4BAC
:10A85000F86C324607F15001D3F8E06007F1680365
:10A86000B04701280CBF97F85060002607F170032D
:10A870009B5D002B00F0AC86BB6C032D2344BB64B6
:10A8800018D0FB6B09F1FF395BB97B6B08F1040849
:10A890003BB13B6BA8EB03043B6AB3EBA40F40F264
:10A8A0000984DBF80430002B0FDDB9F1000F12D062
:10A8B000002495E7DAF80030042BE2D1FB6B002B83
:10A8C000E3D0DBF80430002BF2DCF86C594601F0E1
:10A8D000A3FE0028E9D0D7F848A0FE697D62FB6B93
:10A8E000002B7FF4B2ABC8F800307B6B73B13B6BCD
:10A8F0003A6AA8EB03018B1001339A4206D97C6BAC
:10A900000431206804F04EFF00B120607B6C0133FD
:10A910007B64FFF79ABB23077FF4E9AB75786C2D56
:10A9200000F0938544F001041646FFF7FBBBDBF80B
:10A9300004307A63002B2F4BBB624FF008033B645B
:10A940004FF003063FF78BADE0E525077FF4CFAB73
:10A950007578682D00F07F8544F004041646FFF7F3
:10A96000E1BBDBF804307A63002B234BBB624FF072
:10A9700000033B644FF003063FF771ADC6E514F0EA
:10A980008F037FF4B4ABBD6B002D00F0C5857578E7
:10A9900044F080041646FFF7C5BBE1067A633FF535
:10A9A000B3AEFA6A52F8043BFA62220700F17785E7
:10A9B000660740F160867E6BA3F800A0FFF745BBF9
:10A9C000DBF804307A63002B44F408743FF784AD5D
:10A9D000F86C594601F020FE00283FF47DADFFF7EA
:10A9E0007ABB59EA04097FF482AB757810241646C5
:10A9F000FFF798BB410B0108090A010880060020F7
:10AA00001646FFF73DBB10F1020F00F02983032823
:10AA1000A24403D1BA6E042A3FF456AEBB6C013D8A
:10AA2000002B3FF43AAE42E6821C00F02E83D8F8A9
:10AA30000060731C7FF405AF18E709F1FF33B3F52D
:10AA4000AE7F88BF6FF4AE7007F5B8788CBF09EBA6
:10AA5000000200224FF000034546464688BF40F200
:10AA60005D19D84644F45864D346BA649A46D8F877
:10AA7000000090F800C0ACF12B034D2B64D8DFE848
:10AA800013F09A0263009A0263006300C802B701E0
:10AA9000B701B701B701B701B701B701A002A00222
:10AAA00063006300630063006300630063004E00A3
:10AAB0004E004E004E004E004E00630063006300E7
:10AAC000630063006300630063006300630063006E
:10AAD000630063006300630063006300A902630016
:10AAE00063006300630063006300630063004E0063
:10AAF0004E004E004E004E004E00630063006300A7
:10AB0000630063006300630063006300630063002D
:10AB1000630063006300630063006300A9023B6C91
:10AB20000A2B11DD24F4386405F801CBD8F8043081
:10AB3000013B002BC8F8043040F385820130C8F88F
:10AB40000000B9F1010992D1E105C7F848A0DA4641
:10AB5000C346B04605D5B54200F2B58345453FF43E
:10AB6000C6AA14F0100216D13B6C2A70F86CBE6AAB
:10AB70004146B047FB6AA20603F1040900F169836C
:10AB8000230740F17284FB6A1B6818707B6CC7F85E
:10AB90002C9001337B64BB6C7E6BA5EB08051D44D8
:10ABA000AA44FFF752BAF86C02F028FC0368FB6174
:10ABB00009F1FF33B3F5AE7F40F247836FF4AE7017
:10ABC00009EB0003FB6040F25D190025C7E904555D
:10ABD00044F4F06307F5B878BB64FD633D63BD6181
:10ABE00044464E46C7F82080DBF800100A78A2F1F0
:10ABF0002B034E2B50D8DFE813F0D6014F00D601BF
:10AC00004F004F00FA019E009E009E009E009E0095
:10AC10009E009E009E009E004F004F004F004F0080
:10AC20004F004F004F00C801EF00EF00EF0054014C
:10AC3000BC014F004F0058014F004F004F004F0024
:10AC40003F014F0020014F004F004F001C014F00FB
:10AC50004F004F00070103014F004F004F004F000E
:10AC60004F004F004F00C801EF00EF00EF0054010C
:10AC7000BC014F004F0058014F004F004F004F00E4
:10AC80003F014F0020014F004F004F001C014F00BB
:10AC90004F004F0007010301BB6C9B0569D5F869A4
:10ACA0000378934265D1C7E9016481465E464FF05F
:10ACB0000008AB4606E0316091F800E099F800002A
:10ACC00086451CD119F8010F45465446013108F15B
:10ACD00001080AF1010A002800F0A4827068013816
:10ACE00000287060E7DCF86C314601F095FC30B963
:10ACF000316899F8000091F800E08645E2D02B46D3
:10AD00005D46B3464646D7E90728FC601644BC6852
:10AD1000D7F84CA03C62914634461E4614F8011DFB
:10AD20005A46504601F010FFA145F7D1FA683C6A37
:10AD3000A2EB060A1FE0FB6B5B191AD11D46BB6C28
:10AD4000FD6323F4C073BB6404F8012B013EDBF800
:10AD50000430013B002B0AF1010ACBF8043040F328
:10AD60006781DBF800300133CBF80030002E7FF430
:10AD70003BAFD7F82080FB6B3A6B013B002A00F019
:10AD8000A680BA6C012B22F48072BA6440F27E82F3
:10AD90006B1E062B40F21C83BA6C12F010037FF47A
:10ADA000B3AC237002F4C063B3F5806F40F0BD8094
:10ADB000BB693A6B934200F0BC809A1A7C61796956
:10ADC00007F2C323994224BF07F2C2237B6178694B
:10ADD000A14901F0E7FDACE0B96C0805C9D5FB6BF2
:10ADE0005B19C6D11D4621F4C073BB64FD63ABE79C
:10ADF0003A6C9A4B33F912303B6424F4386493E68E
:10AE0000072DB6D108259FE7B96C01F41863B3F597
:10AE1000807FAED13B6B012BABD121F4807343F427
:10AE20000063BB64302304F8013B0023013E3B6315
:10AE30008AE7062D9DD1072586E7BB6C190598D5B5
:10AE4000B96C01F4A063B3F5806F04D0480590D5C8
:10AE50003B6B002B37D0BB6C990504D43B6BB969B5
:10AE60005B1AC7E90434BB6C23F4786343F4C07302
:10AE7000BB6400233B6367E7FB6B002B40F0C3819F
:10AE80003B6B33B9BB6C03F4E063B3F5E06F00F0E8
:10AE90000484012D02D0042D7FF46BAF0135EDB297
:10AEA00052E7B96C0B05CBD599E7002D40F0A48192
:10AEB0003B6B002B40F0DF81BB6C03F4E063B3F528
:10AEC000E06F00F0E383FB6BD7F82080013B012BA0
:10AED00040F2DC816B1E062B40F2AF8200233B6305
:10AEE000BB6CD8057FF558AF590500F1E28314F823
:10AEF000011C652904F1FF350AF1FF360AD0452906
:10AF000008D0F86C5A4601F01FFE14F8021CAAF192
:10AF10000206A51EF86C5A4601F016FEBB6C13F033
:10AF2000100340F0A4812B70B2463B69002B40F027
:10AF3000FA820022F86C414605F0C4FCFB6A53F823
:10AF4000046BFB62BB6CDA0704460D4600F16281BC
:10AF5000BB6C9B0700F15E8102460B460CF0EAFBDE
:10AF6000002840F0D482204629460CF041FC306095
:10AF700052E1BB6C180503D5FB6B5B193FF4DEAEE9
:10AF8000022D7FF4F6AE0325DEE6BB6C1B0503D570
:10AF9000FB6B5B193FF4D2AEFB6B012B7FF4E9AE88
:10AFA0000223FB63D0E6BB6C19067FF5E2AE23F00B
:10AFB0008003BB64C8E623067FF5C6AD24F0800499
:10AFC000B2E53A6C254B33F912303B64082B3FF75E
:10AFD000A9ADB9E504F4C063B3F5007F7FF4B4AD67
:10AFE00024F40074102344F4A0643B649CE5BB6C1F
:10AFF000D9057FF5A0AE23F08003BB643B6B013322
:10B000003B63FB68002B3FF4A1AEFB68013BFB6098
:10B010009DE621057FF588AD3B6C1BB9082344F400
:10B0200000743B64620540F1178124F4B0647BE551
:10B03000F86C594601F0F0FA00287FF49AAE002E21
:10B040007FF4D2AD95E6F86C414601F0E5FA0028B0
:10B050003FF477AD78E500BF80AB010894AD0108FF
:10B06000DBF80420002A3FF7E6AAF86C594601F005
:10B07000D3FA00283FF4DFAAC7F82490D7F8489005
:10B08000002C3FF432ABFFF726B8DBF80430002B7E
:10B090003FF7A6ABF86C594601F0BEFA00283FF422
:10B0A0009FABD7F848A0FE697D62002C3FF417AC37
:10B0B000FFF711B8386BD9001E4604F073FB3863F4
:10B0C000002800F0CE827A6B730000EB0408106059
:10B0D0003B62FFF7E6BBFB6B002B40F02181FB6A74
:10B0E00014F0800453F8048BFB6200F02E82B8F158
:10B0F000000F3EF4FCAF2020FCF760FD0546002861
:10B1000000F0AF82BB6BC8F80000DC889A889442DC
:10B1100080F049811868BB6B40F824800134DC80E2
:10B120002022DBF8003007F170001978415C00291B
:10B130003EF4DDAFBE642C4618461646DBF804101C
:10B14000431C0139CBE900312946007801F8010B95
:10B15000B8F1000F02D00D1BB54223D20D46B9F154
:10B1600001090BD0DBF80410002928DDDBF8000012
:10B1700007F170030178595C0029DFD12C1B32469E
:10B18000BE6C3EF4B4AF00232B70B8F1000F03D0B7
:10B19000611C8A4200F29D81A2447B6C01337B6476
:10B1A000FEF753BF76002046314604F0FBFA044612
:10B1B000002800F056820544C8F80000CFE7F86C7C
:10B1C000594601F029FA0028D0D0A5423246BE6C7B
:10B1D0003EF481AF2C1BD6E7386AD90004F0E2FABE
:10B1E0003862002800F03D823B6BFA6B5B00061969
:10B1F00010603B63FFF75ABA032D3FF44FAE052DA5
:10B200003FF44CAEB5E5FB6B022B7FF442AE03235B
:10B21000FB6399E5C6E900457B6C7E6B01337B647B
:10B22000FEF713BFBB6CF969A246BC6823F4207318
:10B2300020464246BB645D46B3467E6802F0A0F8F5
:10B240003B6BBB610446013E81E50023FB60BCE42F
:10B25000FB6A1B68186099E4BB6C24F460741BB132
:10B26000013BBB6409F101090AF1010A5EE4B2463F
:10B270007E6BFEF7EABEFB6BBA6CD7F82080013B11
:10B2800022F48072012BBA643FF686AD44454646EF
:10B290007EF62DAFFD6C14F8011D5A46284601F0CC
:10B2A00053FCB442F7D1FEF722BFCDF800B0F86CE2
:10B2B0002B463146012200F025FF044600287FF48A
:10B2C00072A9FEF708BF15F8011CF86C5A46013D3B
:10B2D00001F03AFC42E4FE6C1C460AE0CBF8001098
:10B2E000304659461C44ED1A01F096F9002840F00A
:10B2F000BD81DBE900239D4202EB0301EEDC5B1B19
:10B300002A44CBF804302C44CBF800207E6BA244B6
:10B31000FEF79BBE00263E633E62FE63FFF784B9E4
:10B32000DBF8001007F170020B78D35C002B3EF4C1
:10B33000DEAEFC6C0A4604E0137807F17001CB5CCA
:10B34000DBB1DBF8043001350132013B4D45CBE97F
:10B35000002312D0002BEFDC5946204601F05CF9A7
:10B3600058B9DBF80020E7E70023C7E90C333B625C
:10B3700007F154039846FFF72EBAAA44FEF765BEBC
:10B380004FF6F6739D4200F26C81BB6B083518686E
:10B39000A90004F007FA002800F06381BB6B9D80D0
:10B3A0001860FFF70EBA4FF6F6739A423EF6E3AF17
:10B3B00002F10803BA6BBB641068990004F0F2F95B
:10B3C00000283EF4D8AFBA6BBB6C93801060A2E645
:10B3D000022D40F28381032D3FF4DEAC043D5FFA81
:10B3E00085F96FEA0905FE6CFC63254414F8011D1C
:10B3F0005A46304601F0A8FBAC42F7D1FC6B0AF18B
:10B40000FF3A013CAAEB090AA4EB090468E54FF6F0
:10B41000F673984500F22581BB6B08F1080818689F
:10B420004FEA880104F0BEF9002800F01A81BB6BD6
:10B43000A3F804801860FFF7EEB8022D40F24E81A9
:10B440000023032D3B63C9D14AE5B57844F00204DB
:10B450000236FEF767BEB57844F008040236FEF700
:10B4600061BE44F04004FFF7B6B866073CD414F060
:10B4700001027FF4EDAEA4077FF5EAAEA54BB96AF1
:10B48000F86C99423B6C414600F0368105F026FC91
:10B490000B46FA6A1168C1E90003FFF777BB83F82E
:10B4A00000A0FFF731B94FF6F6739A423EF663AF4C
:10B4B000BB6B02F1080918684FEA890104F072F9C0
:10B4C00000283EF458AFBB6BA3F804901860FFF758
:10B4D0004FB8D8F8000004F065F900283FF45CAEDE
:10B4E000C8F80000A24458E6FB6A1B681880FFF702
:10B4F0004DBBFC6B206804F055F900283FF4FEA812
:10B500002060B9F1000F7FF4FFA8FFF7FAB8824876
:10B5100002F002FB30607FE682B0CDE9023302AB7D
:10B52000BB63FFF734BA7969F86C0A230022013152
:10B5300005F06AFA3B69C21A41E4FB6BD7F8348024
:10B540003B62C7E90C33FFF746B945462246A046A1
:10B55000E7E5FE6BC7F83090C7F82090C7F83C903D
:10B56000FFF762B8F86C594601F056F800283FF42E
:10B57000D5A8FEF7B0BDF86C594601F04DF800288B
:10B580003FF4E6A8FEF7A7BDF86C594601F044F871
:10B5900000283FF4D1A8FEF79EBDF86C594601F093
:10B5A0003BF800283FF4E3A8FEF795BDF86C594638
:10B5B00001F032F800283FF40AA8FEF78CBDF86CC1
:10B5C000594601F029F800283EF4ADAFFEF783BDDF
:10B5D000D7F848A0FE697D622346002C3FF47FA97E
:10B5E00007F5B872D7F84C9014191D46013D14F8B0
:10B5F000011D5A46484601F0A7FA002DF6D1FFF783
:10B600006EB9B0462646DBF800000378EB5C1A07FB
:10B6100000F1778143464146C7F848A0A046B246AC
:10B620001C46DBF80420013ACBF80420421CCBF87E
:10B6300000200E46027806F8012BBAF1000F00F048
:10B640007581321B4245C0F071814FEA480820469F
:10B650004146FA6304F0A6F8FA6B0446002840F06D
:10B6600062814FF0FF337B64FEF741BD002C7FF415
:10B670004DAEFEF730BDE50717D4A40715D54FEA48
:10B68000EA72C3F800A05A60FFF73EB8BB6C23F41F
:10B69000F063BB640125FFF757BBBB6C23F4F06379
:10B6A000BB640123FB63FFF74FBBC3F800A0FFF7A8
:10B6B0002BB8444546467EF61AADFD6C14F8011DC4
:10B6C0005A46284601F040FAB442F7D1FEF70FBDC2
:10B6D000DBF8580001F04AFFFEF706BE44457EF64F
:10B6E00006AD454614F8011DF86C5A4601F02CFAD7
:10B6F000AC42F7D1FEF7FBBC05F0BCFB0B46C8E63D
:10B70000DBF8580001F032FF4FF0FF337B64FEF7A7
:10B71000F5BC00BF410B0108DCAC0108002B40F078
:10B72000BE80FA6A200652F8041BB964FA6240F13E
:10B73000BC80FB6300293EF4DAAC8020FCF73EFAC3
:10B74000FB6B064600288CD0BA6C1060BA6BB2F85E
:10B7500006809488A045C0F0D2804FF6F6718C42E6
:10B76000FB633FF67EAFBB6B08341868A10004F0A2
:10B7700019F800283FF475AFBB6B9C801860FB6B19
:10B78000BA6C40F82820BA6B08F10108A2F80680CC
:10B79000B6462022DBF800100978695C11F0080138
:10B7A00063D1C7F8209074468946FA633B6301F081
:10B7B0001FFE48453EF48FACDBE9003213F8011B55
:10B7C000013ACBE900327B6A07F5B870032B00F829
:10B7D000091009F1010807F1680903D1D9F800201F
:10B7E000042A04D008220021484601F0F1FCCDF8DB
:10B7F000009007F5B872F86C4346314605F03CFB03
:10B80000421C78623EF467AC002840F0B0803060A3
:10B8100005F08EFB002840F0EF80C2443B6A013BFC
:10B820003B623B6B002B40F0C880BB6C0436002BA6
:10B8300000F0C380FB6BA6EB0409B3EBA90F40F249
:10B84000C980D7F83080DBF80420002A40F3A380B9
:10B85000DBF800201278AA5C130703D43B6A002BA4
:10B8600040F0AE80FA6B3B6BA646002B7EF44CAFEB
:10B870003360BB6C002B3EF444AFA6EB0E018B1083
:10B8800001339A427EF63DAFBC6C0431206803F070
:10B8900089FF00283EF435AF2060FEF732BF00225A
:10B8A0009646BA6407F1540674E7BE6CBB641A4648
:10B8B0009E466FE7DBF800301978695C08073EF5B3
:10B8C00023AFDBF8042001360133013AB145CBE95F
:10B8D000003208D0002A09DD1A78AA5C1107F0D5D9
:10B8E000B244FEF711BFCA44FEF70EBFF86C5946CA
:10B8F00000F092FE0028F3D1DBF80030ECE710688E
:10B900003EE70121002388F80030002E3FF484AC8C
:10B910008C427FF681AC306803F044FF00283FF48E
:10B920007BAC306078E4CAF800008618B9F10109F0
:10B930000BD0DBF80420002A12DDDBF800000278CF
:10B94000AA5C130731467FF56CAE32462346564655
:10B95000D7F848A0D31A44469A44591C9046D1E7D8
:10B96000F86C594600F058FE0028E6D0EDE77B6AF7
:10B9700002333FF468AF306805F0DAFA00283BD1B3
:10B980007B6A032BC2447FF449AFD9F80030042B03
:10B990007FF444AF45E7F86C594600F03DFE0028BF
:10B9A0003FF456AFFA6B3B6BA646B8F1000F7EF43E
:10B9B00092AB002B7EF4A8AE5AE74FF0000842E7A6
:10B9C000C146F4E6186840F82260531CBA6B202484
:10B9D000D38018E62046D90003F0E4FE0446002890
:10B9E0003FF43FAEFB6BBA6CD7F8308010605B0061
:10B9F00000EB0906FB6326E7FA6B3B6BA64607F5EF
:10BA0000B87101EB08047546914614F8011DF86CF5
:10BA1000FB635A4608F1FF3801F096F8FB6BB8F16A
:10BA2000000FF2D1AE464A46002B7EF46DAE1FE702
:10BA3000BB6BBA6C9C801860C5E700BF30B50E4B7D
:10BA40000446186883B00D46134608B1426B32B104
:10BA50002A46214603B0BDE83040FEF7C9BACDE919
:10BA6000000300F0B9FADDE900032A46214603B0DD
:10BA7000BDE83040FEF7BCBAEC070020936810B573
:10BA800014461BB918460023636010BD00F022FC69
:10BA90000023A3600023636010BD00BF70B50029C0
:10BAA0003FD006460C4610B1436B002B3CD0636E72
:10BAB000B4F90C20DD0732D4900538D52146304644
:10BAC00000F054F8E36A054633B1E169304698471F
:10BAD0000028B8BF4FF0FF35A3891A0639D4216B6F
:10BAE00041B104F14003994202D030460CF0B0F865
:10BAF00000232363616C21B130460CF0A9F80023C8
:10BB0000636400F087FA636E0022DB07A2811CD514
:10BB1000A06D01F027FD00F083FA284670BD002AD1
:10BB2000CCD10025284670BD00F056FABFE7A06DC5
:10BB300001F01AFDB4F90C30002BBFD1636ED907A8
:10BB4000EFD4A06D01F012FDEBE7A06D01F00EFD4A
:10BB5000DEE7216930460CF07BF8C0E7024B014676
:10BB60001868FFF79BBF00BFEC070020B1F90C205D
:10BB70002DE9F04115070C4680464ED4496842F441
:10BB800000630029A38163DDA66A002E42D0002154
:10BB900012F48052D8F80050C8F8001065D1E1695D
:10BBA00001234046B0470246501C6CD0B4F90C301B
:10BBB000A66A590705D56368D21A236B0BB1E36BEC
:10BBC000D21A0023E1694046B047421CB4F90C3058
:10BBD0004DD1D8F800101D2940D8304ACA40D707A7
:10BBE0003CD52269226023F40062A281DE044FF07A
:10BBF0000002626001D5002943D0216BC8F80050D3
:10BC000041B104F14003994202D040460CF020F8C3
:10BC1000002323630020BDE8F0810E69002EF9D0D7
:10BC20000D680E6092070CBF4B690023AD1B8B6043
:10BC30000BE02B463246E169676A4046B847B0F1EF
:10BC4000000CA5EB0C05664406DD002DF1DCE1E7F8
:10BC5000E16B002998DCDDE7B4F90C3043F04003D8
:10BC6000A3814FF0FF30BDE8F081226DA1E722698A
:10BC7000226023F40062A281DB044FF000026260C4
:10BC8000BBD52065B9E7D8F80030002B8ED01D2B2E
:10BC900001D0162BE0D1C8F80050BBE701004020CE
:10BCA00038B50C46054608B1436B03B3B4F90C0034
:10BCB00088B1636EDB0701D481050FD52846214684
:10BCC000FFF754FF636EDA07054602D4A3899B058C
:10BCD00008D5284638BD0546284638BDA06D01F078
:10BCE00043FCEBE7A06D01F041FC284638BD00F0B5
:10BCF00073F9DBE750B338B5174B1D6804460DB137
:10BD00006B6BBBB1B4F90C0088B1636EDB0701D477
:10BD1000810513D528462146FFF728FF636EDA0711
:10BD2000054602D4A3899B050CD5284638BD054697
:10BD3000284638BD284600F04FF9E3E7A06D01F032
:10BD400013FCE7E7A06D01F011FCEEE7034A04499C
:10BD5000044800F031BC00BFEC070020740600204E
:10BD6000A1BC0008F007002038B5184B1D68044638
:10BD70000DB16B6B2BB3636ED80702D4A389990501
:10BD80001BD56368013B002B63600BDB23685A1CE7
:10BD900022601D78636EDA0702D4A3899B0507D55C
:10BDA000284638BD2846214600F0B0FC0546F1E79C
:10BDB000A06D01F0DBFB284638BDA06D01F0D4FB7F
:10BDC000DFE7284600F008F9D5E700BFEC070020C0
:10BDD000024A0349034800F0EFBB00BF740600208D
:10BDE0009DBA0008F00700200C4B4168994210B53D
:10BDF000044601D0FFF752FEA168094B994202D0D8
:10BE00002046FFF74BFEE168064B994204D02046DE
:10BE1000BDE81040FFF742BE10BD00BF6C200020FF
:10BE2000D42000203C2100202DE9F843314A324C37
:10BE30003249DFF8DC90DFF8DC80314F11600025FB
:10BE400004232946082204F15C00C4E903352D4E81
:10BE5000A560C4E90055C4E90555656601F0B8F967
:10BE600004F15800C4E90749C4E90987E66201F012
:10BE700077FB2946244B6367082204F1C400C4E918
:10BE80001A55C4E91E552567C4F8CC50C4F8805033
:10BE900001F09EF904F1680304F1C000C4F8843095
:10BEA000C4E92298C4E9247601F05AFB174BC4F880
:10BEB000DC30294604F596700822C4E93455C4E9FB
:10BEC0003855C4F8D850C4F83451C4F8E85001F0DB
:10BED0007FF904F1D003C4E93D87C4F8F09004F57C
:10BEE0009470C4F8FC60C4F8EC30BDE8F84301F08D
:10BEF00037BB00BFA42100206C200020D1BD00086A
:10BF0000A9CA0008CDCA00080900010012000200F9
:10BF100041CA000869CA0008F8B506462A4801F077
:10BF200023FB2A4B1B68002B43D0294FD7E9013450
:10BF3000013B04D524E05A1C04F1680420D0B4F974
:10BF40000C50013B002DF6D1224BE36004F1580068
:10BF5000656601F005FB1C4801F008FBC4E90155CA
:10BF6000C4E9045508222560A561294604F15C0056
:10BF700001F02EF9C4E90C55C4E911552046F8BD6D
:10BF80003D680DB12F46D1E74FF4D67130460BF026
:10BF90005BFE044680B10423C0E900530C302946FF
:10BFA000A0604FF4D072254601F012F93C602F4694
:10BFB000BCE7FFF739FFB8E703483C6001F0D6FA69
:10BFC0000C233360DAE700BFAC210020A42100205D
:10BFD000740600200100FFFF10B504460A4801F076
:10BFE000C3FA636B23B9094B094A1B68626323B127
:10BFF000BDE81040044801F0B9BAFFF715FFBDE8ED
:10C000001040014801F0B2BAAC210020A421002068
:10C01000E9BD0008014801F0A7BA00BFAC2100202B
:10C02000014801F0A3BA00BFAC210020F0B51446CE
:10C0300083B00F4601AA2146064608F0FBFD002802
:10C0400035D005463046FFF767FF044600282ED05E
:10C050003946019A4FF4DB73304601F011FA071E9E
:10C060001CDB636EDB0702D4A38998052DD51B4B1F
:10C070001B4AE781C4E907431A4B2DB2C4E90923DF
:10C08000E905194BA581E36215D4636EDA0702D482
:10C09000A3899B051DD5204603B0F0BDFFF7BAFF6D
:10C0A0000023A06DA38101F05DFAFFF7B9FF002422
:10C0B000204603B0F0BD022300222146304600F0A6
:10C0C00007F9636EDA07E6D4E2E7A06D01F04CFAF7
:10C0D000CDE7A06D01F04AFADDE700BF41CA0008D4
:10C0E00069CA0008A9CA0008CDCA000810B4044CE7
:10C0F00003460A4620685DF8044B1946FFF796BFD1
:10C10000EC0700202DE9F04F85B0994602FB03F3C0
:10C110000E9C0193002B50D0934606460D4610B15D
:10C12000436B002B64D0636EB4F90C2013F0010153
:10C1300047D112F400774BD0900455D442F400520A
:10C1400023F40053A2816366D4F804A0A289019F5E
:10C15000BAF1000FB7BF0023534663609A469207B7
:10C1600049D4B04656460FE001F0CAFB2368334479
:10C170002146236040463544A7EB060A00F04CFAFE
:10C18000002876D166685746BE4221683246284666
:10C19000EAD33A4601F0B4FBD4E90032D21B1F4483
:10C1A000C4E90072636ECDF80490DA0705D4A38960
:10C1B0009B0502D4A06D01F0D9F9019805B0BDE846
:10C1C000F08F9104BAD59F04BED500230193F4E704
:10C1D000A06D01F0C9F9B4F90C20636E9004ADD5DF
:10C1E0009904B1D50197E0E79F04ADD50191DEE751
:10C1F000FFF7F2FE97E79F423A46216828BF1A46AA
:10C200002846904601F07CFB2368216B4344236061
:10C210006368A3EB08036360A7EB080751B1002F25
:10C220003AD004F14003994202D030460BF010FDA1
:10C2300000232363CDE902B945444FF0000A4FB310
:10C24000D4F810B0D4F80080D4F814902560C4E974
:10C2500004572146304600F0DFF96368C4F80080D7
:10C26000C4E904B91D44C4F804A0FA1AC0B91746B9
:10C27000E5E7626ED007B24602D4A289910523D5C4
:10C28000019B5344DB1BB3FBFBF30193019805B007
:10C29000BDE8F08FDDF80C90636ECDF8049084E774
:10C2A000626EDDF808B0D60707D4A289950504D4DC
:10C2B000A06D029301F05AF9029B019A1344DB1B13
:10C2C000B3FBFBF3019378E7A06D01F04FF9D7E7DB
:10C2D00000F086BD9368002B00F0B6802DE9F04F8A
:10C2E000B1F90CC01CF0080F83B0174680460C460D
:10C2F00027D00B692BB31CF002033D682DD04FF003
:10C30000000ADFF8B0B25646B9465E45334652469B
:10C3100028BF5B464046002E00F08580E169676AD1
:10C32000B847002840F38880D9F808301B1A8244A7
:10C33000361AC9F80830002BE7D1002003B0BDE859
:10C34000F08F2146404600F0CDFC002879D1B4F9A9
:10C350000CC03D681CF00203D1D11CF0010975D15D
:10C360004E460097002E5AD01CF4007F2068D4F867
:10C3700008B000F0B180B3455A4600F2DF801CF4EB
:10C38000906F32D023696269A0EB030A02EB42028C
:10C3900002EBD2720AF1010152103144914292BF74
:10C3A00093468B460A461CF4806F00F0E5801146E8
:10C3B00040460BF049FC002800F0F5805246216908
:10C3C000019001F09DFAA289019B22F4906242F053
:10C3D0008002A28103EB0A002361ABEB0A03C4F8DD
:10C3E00014B0A3602060B34632464946019200F083
:10C3F00073FEA368019AA3EB0B012368A1601344A9
:10C40000B24623600026009A9368A3EB0A03D14446
:10C410009360002B91D0B4F90CC0002EA4D1D5E9C3
:10C42000009608359EE7D5E900A608356DE7214658
:10C430004046FFF735FC70B3B4F90C3043F04003CD
:10C44000A3814FF0FF3079E7002070471E46BA46BF
:10C450009946184600951F465EB3002831D04A46DB
:10C46000D4E904132068B24228BF3246884204D976
:10C47000A16803EB010B5A4570DC934261DCE16972
:10C48000656A3A464046A847B0F1000BD4DDB9EBE7
:10C490000B09CCD00120DAF80830A3EB0B035F4482
:10C4A000A6EB0B06CAF80830002B3FF446AF002E6F
:10C4B000D3D1009A5668134608320092002EF8D065
:10C4C0001F6832460A21384601F0CAF9002867D0B1
:10C4D0000130A0EB0709C2E72369834216D36269E2
:10C4E000B24213D86FF00043B34228BF3346E1692C
:10C4F00093FBF2F3676A02FB03F340464A46B847F0
:10C50000B0F1000A98DDA6EB0A067CE7B345DA46EF
:10C5100028BFB2465246494600F0DEFDA3682268B5
:10C52000A3EB0A035244A3602260002BEBD1214607
:10C530004046FFF7B5FB0028E5D07DE7B34632461D
:10C5400053E73946019200F0C7FD019AA3689B1A90
:10C55000A360236813442360934698E739465A46FC
:10C5600000F0BAFD23685B44236021464046FFF794
:10C5700097FB00288BD05FE7194640460BF066FB1F
:10C58000034600287FF426AF216940460BF060FB8C
:10C59000B4F90C300C22C8F8002023F080034DE7DA
:10C5A000721C91465CE70C22B4F90C30C8F80020EC
:10C5B00044E700BF00FCFF7F2DE9F84307468846AB
:10C5C00016464FF00009D6E90154013D10D4A38965
:10C5D000012B08D9B4F90E3001332146384602D078
:10C5E000C04749EA0009013D6B1C04F16804EED123
:10C5F0003668002EE7D14846BDE8F8838B8903F002
:10C600000903092B01D000207047024B1868FFF77F
:10C6100047BB00BFEC07002070B50C46054610B1C3
:10C62000436B002B56D0B4F90C3000229E0662609A
:10C630005DD4580719D4D9065CD51A0739D443F00C
:10C640000403A3812369002B3FD0B4F90C60B30726
:10C650001ED12269266A6369E16922602846B047D3
:10C660000028606039DD002070BD216B0029E9D011
:10C6700004F14003994202D028460BF0E9FAE36B3B
:10C68000636000222263002BDCD0A36B2360EAE707
:10C690000123A3811A4A1B491B48FFF78DFF06F0AF
:10C6A0000903092BA681D4D121462846FFF75EFA5B
:10C6B000CFE721462846FFF7F3FAC0B9B4F90C30AA
:10C6C000A06023F00803A061B9E72146284608F0DE
:10C6D000EFFABAE7FFF780FCA5E7B4F90C3017BF13
:10C6E000002243F0200343F040036260A3814FF037
:10C6F000FF3070BD092243F040032A60A381F6E7B2
:10C7000074060020FDC50008F007002038B50C466F
:10C71000054608B1436BE3B1B4F90C30626E99047D
:10C7200012D443F4005322F40052A38162662146DE
:10C730002846FFF771FF48B9D4E90023511C013B9B
:10C74000C4E90013107838BD9304F0D54FF0FF30E2
:10C7500038BDFFF741FCDFE770B50C785E2C8646EC
:10C7600024D00023481C9C46002263F3070263F395
:10C770000F2263F3174263F31F620EF58071734655
:10C7800043F8042B8B42FBD174B18CF001010EF8FD
:10C790000410451C15F8013C2D2B0ED05D2B0AD042
:10C7A0001BB11C462846F2E7013870BD01234C78C6
:10C7B000881C9C46D8E7284670BD90F801C0BCF1A3
:10C7C0005D0FEED06445ECDC661C02300EEB060219
:10C7D00002F8011BA2EB0E03013B9C45F8DCACEB1D
:10C7E0000403013B6445A8BF002302359C19D1E72F
:10C7F000B1FA81F252094FF48063520000F000B8A0
:10C800002DE9F041664CD4F8008084B004460E4611
:10C8100017461D46B8F1000F04D0D8F83430002B6D
:10C8200000F0A680022F05D0012F00F2A580002D78
:10C83000C0F2A280636EDB073DD521464046FFF77C
:10C840002FFA216B41B104F14003994202D04046D6
:10C850000BF0FEF900232363B4F90C300022190613
:10C86000A261626057D423F44A6323F00303022FCA
:10C87000A3815DD003AB02AA2146404608F080FAAE
:10C88000A3891843A081EDB1EEB1D8F8343043B399
:10C89000029AB4F90C30AA421CBF43F40063A3818E
:10C8A000012F22D01807C4E90465266027D5D907CF
:10C8B00053D4A56025E0A3899805BED4A06D00F0EF
:10C8C00053FEBAE7029D2846FBF778F90646002892
:10C8D00055D0A38943F08003A381D8F83430002BCE
:10C8E000D6D14046FFF778FBD2E743F00102C4E916
:10C8F000046512B226601E07A2812FD413460022BF
:10C90000A260626ED20701D49B052DD50025284672
:10C9100004B0BDE8F081216940460BF099F9B4F903
:10C920000C3023F44A6323F00303022FA381A1D127
:10C93000002543F00201A181002104F14302A1601E
:10C940000121C4E904212260626ED207DFD49F0571
:10C95000DDD4A06D00F00AFED9E71A4600236D422F
:10C96000A360A5611346CCE7A06D00F0FFFDCDE705
:10C970004046FFF731FB55E74FF0FF35C7E7029B15
:10C98000AB4208D018460193FBF718F9019B064605
:10C990001D4600289DD1B4F90C304FF0FF35C8E793
:10C9A000EC0700200EB430B59CB06FF000411FAB17
:10C9B000049107910A4953F8042B02900024069031
:10C9C000084D0868019302A905951B9404F090FB9B
:10C9D000029B1C701CB0BDE8304003B0704700BF24
:10C9E000EC0700200802FFFF0EB470B59DB021AC2B
:10C9F00000254FF4017254F8046BADF814201B9518
:10CA00000290069001F01CF80B4B0A930B4B03901D
:10CA10004FF6FF710790ADF8161018680E95324664
:10CA2000234602A91395019406F05CFC1DB0BDE8F5
:10CA3000704003B0704700BF65CA0008EC070020D3
:10CA400010B50C46B1F90E1000F030FD002803DBE4
:10CA5000236D0344236510BDA38923F48053A38170
:10CA600010BD00BF002070472DE9F0410C46B1F920
:10CA70000C101F46CB05054616460BD421F48051F9
:10CA8000A1813B46B4F90E1032462846BDE8F0417C
:10CA900000F022BDB4F90E100223002200F0DAFCEF
:10CAA000B4F90C10EAE700BF10B50C46B1F90E104E
:10CAB00000F0D0FCB4F90C30421C0EBF23F48053BC
:10CAC00043F480532065A38110BD00BFB1F90E105F
:10CAD00000F098BC01F140032DE9F0410C46096BD0
:10CAE000994214D0666B77003A460BF0AFF80546D2
:10CAF00030B300EB060801463246404600F000FF26
:10CB0000C4E90C57C4F800800020BDE8F0814FF460
:10CB100080610BF099F898B194F842304FF480623C
:10CB2000C4E90C0280F8FF3394F8413080F8FE33FA
:10CB300094F8402080F8FD2300F2FD332360E3E702
:10CB40004FF0FF30E1E700BF70B54C1C3CD00E4603
:10CB50000546144610B1436B002B74D0626EB4F9D5
:10CB60000C30D10701D49A0550D523F02002580784
:10CB7000A28106D4D90670D51B0757D442F004020F
:10CB8000A281226B6368F6B20AB3626B9A420FDD30
:10CB900023685A1E226003F8016C6368626E0133D9
:10CBA000D207636002D4A3899B053AD5304670BD95
:10CBB00021462846FFF78EFF0028E9D0636ED8078C
:10CBC00002D4A38999054CD54FF0FF36EEE7626E8B
:10CBD0002069216802F0010228B1884203D211F8CD
:10CBE000010CB04232D0E3632346A16304F140005C
:10CBF00003216163206303F8426F0121C4E900311E
:10CC0000002AD3D1A3899B05D0D40AE0A06D00F0FF
:10CC1000ABFCB4F90C3023F020025807A281B0D449
:10CC2000A8E7A06D00F0A2FC304670BD2146284662
:10CC3000FFF736F80028C1D1B4F90C20A06022F02B
:10CC40000802A0619AE7FFF7C7F987E701390133C6
:10CC5000C4E90013002AA9D1A5E7626ED207B3D4B4
:10CC6000B0E7A06D00F082FCAEE700BF10B51C4C31
:10CC7000002924689AB02DDB009004904FF40270D4
:10CC8000ADF80C004FF00000199013D001394FF6A9
:10CC9000FF7002910591ADF80E006946204604F040
:10CCA00027FA421C01DA8B232360009B00221A70B2
:10CCB0001AB010BD4FF6FF7002910591ADF80E004D
:10CCC0006946204604F014FA431C01DA8B232360E2
:10CCD0001AB010BD8B2323604FF0FF30F8E700BF80
:10CCE000EC07002038B53D4B1B6805460C4613B1D8
:10CCF0005A6B002A5AD0B4F90C3019070BD52269A7
:10CD00009AB113F0010221D19B075ABF6369A36056
:10CD1000A260002038BDDA0658D558071CD4226915
:10CD200043F00803A381002AEBD1990528D5180602
:10CD300003F0800124D4D80741D49D073CD5A260DC
:10CD40000029E6D043F04003A38144E06369002258
:10CD50005B42A260A361DCE7216B51B104F14002A8
:10CD6000914204D028460AF073FFB4F90C30002237
:10CD7000226322690021C4E9002123F02403CFE7C4
:10CD80002146284607F094FFB4F90C30226913F0CD
:10CD900001010FD0616900204942A060A161002A11
:10CDA000B7D103F080010029B3D0CBE71846FFF7D5
:10CDB00013F9A0E7980700D46169A160EFE7606903
:10CDC000A2604042A0610029A3D0BBE7092243F042
:10CDD00040032A60A3814FF0FF3038BDEC070020EC
:10CDE0002DE9F04F0C4697B090461E46054618B107
:10CDF000436B002B00F03481626EB4F90C30D7071E
:10CE000002D4980540F1088103F48473B3F5847F5C
:10CE100000F00D81D4F82890B9F1000F00F0538193
:10CE2000012E56D036F002070FD0636E1622D907B6
:10CE30002A6005D4A3899F0502D4A06D00F096FB5B
:10CE40004FF0FF3017B0BDE8F08F2269BA46002AD4
:10CE500064D0B4F90C3040F61A02134207D15A05D7
:10CE600079D49C4A91455ED043F40063A381214666
:10CE70002846FEF715FF002840F02081E16933467F
:10CE800042462846C847013000F01881216B41B165
:10CE900004F14003994202D028460AF0D9FE00234B
:10CEA0002363A3892269002123F40263C4E90021DA
:10CEB000A381082204F15C0000F08AF9636EDA07AE
:10CEC00003D4A3899B0540F1CE80002017B0BDE8B4
:10CED000F08F21462846FEF7E3FEB4F90C3013F438
:10CEE000805240F08B803346E1692846C847421C97
:10CEF00018BFB4F90C30074600F0E0805E072269E5
:10CF000040F181806368FF1A236B0BB1E36BFF1A5A
:10CF1000B8444FF0010A0026002A9AD1214628463B
:10CF200007F0C6FE95E7B4F90E1000299CDB6A46AF
:10CF3000284600F079FAB4F90C30002894D1019A0F
:10CF400002F47042B2F5004F8ED143F48063A381A6
:10CF50004FF48063E364002E6ED1C346BAF1000F34
:10CF600079D1A389D80440F18980206D6268216B52
:10CF7000871A00297BD0E36BFF1A17442069A26B44
:10CF8000121ABF1A1344BB4502DBFA185A457ED861
:10CF9000E76CE1697F4207EA0B0700233A4628461F
:10CFA000C84701303FF463AF2369216B236000233E
:10CFB000636041B104F14003994202D028460AF06F
:10CFC00047FE00232363A389BBEB070B23F0200359
:10CFD000A38110D021462846FFF71EFB00287FF4CE
:10CFE00046AF63685B45FFF442AF2268A3EB0B03D7
:10CFF0005A44C4E90023082200215BE75E07276D3D
:10D0000022693FF57FAF180782D52368002B3FF4D4
:10D010007FAF9B1A1F447BE7A06D00F0A5FAB4F91F
:10D020000C3003F48473B3F5847F7FF4F3AE2146B0
:10D030002846FEF735FEEDE6B4F90E106A4628469E
:10D0400000F0F2F900287FF412AF049B08EB030B09
:10D05000BAF1000F85D0216B626841B1E36B8CE7B8
:10D06000FEF7BAFFC8E6A06D00F080FA2DE723684E
:10D0700020691B1AFF1A0021134484E7E169524614
:10D0800001232846C847411C7FF470AFEFE6ABEBA5
:10D0900007073844DB1BC4E9000341B104F1400336
:10D0A000994202D028460AF0D3FD00232363A389C6
:10D0B00023F020030822A3810021FBE6636EDB0737
:10D0C0003FF5BEAEB6E6636E1D22D9072A603FF576
:10D0D000B7AEAFE6A9CA000888420DD98B188342C3
:10D0E0000AD900EB020C5AB3624613F801CD02F8DC
:10D0F00001CD9942F9D170470F2A0DD802F1FF3CBA
:10D10000F2B10CF1010C431E8C4411F8012B03F811
:10D11000012F6145F9D1704740EA01039B07F0B543
:10D120000C460ED002F1FF3C03460CF1010C013B12
:10D130008C4411F8012B03F8012F6145F9D1F0BDA2
:10D140007047A2F1100525F00F0501F1200E01F145
:10D150001003AE4400F1100C53F8106C4CF8106C36
:10D1600053F80C6C4CF80C6C53F8086C4CF8086CC9
:10D1700053F8046C4CF8046C103373450CF1100C2C
:10D18000EAD101EB050C0CF11001054412F00C0F73
:10D1900005F110038E4602F00F0517D0043D25F06F
:10D1A0000305AC440CF1140C041B0F680E19043178
:10D1B00061453760F9D12C1D04EB0E01234402F0C8
:10D1C000030202F1FF3C002AAFD1F0BD2A46F8E786
:10D1D000830730B546D08418844604E003F8011B69
:10D1E0009D0704D09C46A4456346F7D130BD013A63
:10D1F0000244A2EB0C02032A29D9CCB204EB04248A
:10D200000F2A04EB04442FD9A2F1100C2CF00F0CC0
:10D2100003F11005AC44C3E90044C3E902441033F0
:10D220006345F8D112F00C0F02F00F0E18D02EF05B
:10D23000030C9C44AEF104051A4642F8044B6245C7
:10D24000FBD125F0030404330EF003022344002A2B
:10D25000CCD0C9B21A4403F8011B9342FBD130BDB4
:10D260007246F4E70346C6E79646E0E78AB330B570
:10D2700040EA0104A40786460B4617D1032A07D8C3
:10D2800014E0043A23D01CF0803F20D1032A26D991
:10D29000DEF80040194653F8045BA4F1013CAC42AF
:10D2A00070462CEA040C0EF1040EEAD003780C78D8
:10D2B000013AA34208BF121807D00CE06BB110F876
:10D2C000013F11F8014FA34205D19042F6D1002051
:10D2D00030BD10467047181B30BD184630BD704633
:10D2E0001946E3E740EA01039B0710B501D1032A81
:10D2F00017D8844601F1FF3E07E01EF8011F03F82E
:10D30000011B541E29B19C4622466346002AF4D1D3
:10D3100010BD9444002CFBD003F8011B6345FBD1E6
:10D3200010BD8E468446DEF80040A4F1013323EAA6
:10D33000040313F0803F71460EF1040EDAD1043A73
:10D34000032A4CF8044BEED87146D3E730B4047886
:10D35000A4B10D7884467DB10A462B4602E012F84E
:10D36000013F2BB19C42FAD11CF8014F002CF3D1A4
:10D37000ACEB000030BC70472846FBE72046F9E7DD
:10D3800040EA01039B0730B4044602D1032A0D464C
:10D390000FD8013907E011F8013F00F8013B551E95
:10D3A000CBB12A4604462046002AF4D1204630BCA0
:10D3B00070472868A0F1013323EA000313F0803F8F
:10D3C000294605F10405E4D1043A032A44F8040B84
:10D3D000EFD82946DDE735B12244014601F8013B8B
:10D3E0009142FBD12844002CE0D130BC704700BFF3
:10D3F000014B93F8280170478006002000487047D1
:10D400007007002038B5074D0022044608462A6000
:10D41000F6F7C6F8431C00D038BD2B68002BFBD0B4
:10D42000236038BDA821002070B50C46084D034686
:10D430000026204611461C462E60F6F776F9431C5E
:10D4400000D070BD2B68002BFBD0236070BD00BFE7
:10D45000A821002038B50D46084C844611462846C0
:10D460001A46002323606546F6F73FF9431C00D0B7
:10D4700038BD2368002BFBD02B6038BDA8210020CD
:10D4800038B50D46084C8446114628461A460023F6
:10D4900023606546F6F718FA431C00D038BD2368B0
:10D4A000002BFBD02B6038BDA821002038B50D46DD
:10D4B000084C8446114628461A46002323606546D8
:10D4C000F6F7B6F8431C00D038BD2368002BFBD01C
:10D4D0002B6038BDA821002038B50D46084C844685
:10D4E000114628461A46002323606546F6F774F86D
:10D4F000431C00D038BD2368002BFBD02B6038BD07
:10D50000A8210020014B1868704700BFEC070020DD
:10D5100070B50F4B0F4DAB42A3EB050607D0B6100D
:10D52000002455F8043B01349847A642F9D80BF083
:10D53000ADF9094D094B5E1BAB424FEAA60606D07A
:10D54000002455F8043B01349847A642F9D870BD31
:10D55000400D0020400D0020400D00205C0D0020FB
:10D56000704700BF704700BF704700BF704700BFE3
:10D5700000000000000000000000000000000000AB
:10D5800002780B78012A28BF9A4240F0D8806DE9D2
:10D59000044540EA0104CDE902676FF0000C4FEA50
:10D5A00044721AB380EA010414F0070F6BD100F043
:10D5B000070420F0070004F0030521F007014FEAFB
:10D5C000C505F0E8042314F0040FF1E804670CFA31
:10D5D00005F462EA040266EA04060BD063EA040377
:10D5E000624667EA0407664604E000BFF0E80423E9
:10D5F000F1E8046782FA4CF582EA0604A4FA8CF496
:10D600006CBB83FA4CF583EA0705A5FA8CF595B94E
:10D6100050E9022351E9026782FA4CF582EA0604D6
:10D62000A4FA8CF483FA4CF583EA0705A5FA8CF585
:10D630002543DBD09CB92DBAB5FA85F424F0070454
:10D6400027FA04F1DDE9026723FA04F303F0FF008F
:10D6500001F0FF01FDE80445A0EB0100704724BA8A
:10D66000B4FA84F424F0070426FA04F1DDE9026731
:10D6700022FA04F202F0FF0001F0FF01FDE8044588
:10D68000A0EB0100704714F0030F3CD110F003042D
:10D6900028D150F8082B51F8083B82FA4CF582EA61
:10D6A0000305A5FA8CF55DB950F8042C51F8043C3B
:10D6B00082FA4CF582EA0305A5FA8CF5002DE8D034
:10D6C0002DBAB5FA85F424F0070423FA04F122FAFE
:10D6D00004F202F0FF0001F0FF01FDE80445A0EBB9
:10D6E000010070474FEAC40420F0030050F8082BF3
:10D6F00021F0030151F8083B0CFA04F462EA040239
:10D7000063EA0403C9E710F003041DD0A1EB040190
:10D7100020F00300E40750F8042B06D012D28B78D7
:10D720005FFAA2F4E41A06D12BB1CB785FFAB2F417
:10D73000E41A00D133B920465DF8104B7047A2EBD4
:10D740000300704701F1040150F8042BCC0721F0CD
:10D75000030151F8043B48D824D222F07F4482FAD6
:10D760004CF594EA1325A5FA8CF50AD165B951F860
:10D77000043B84EA0204B4EB036F0ED150F8042B8F
:10D78000EBE74FEA132355E035F07F454DD108789C
:10D79000FDE80445C0F1000070474FEA126203F053
:10D7A000FF0347E002EA1C4482FA4CF594EA134571
:10D7B000A5FA8CF50AD165B951F8043B84EA020454
:10D7C000B4EB034F0CD150F8042BEBE74FEA1343B3
:10D7D00030E015EA1C4528D10B884FEA124229E0B7
:10D7E0004FEA124203EA1C4324E002F0FF0482FAEB
:10D7F0004CF594EA1365A5FA8CF50AD165B951F890
:10D80000043B84EA0204B4EB032F09D150F8042B43
:10D81000EBE74FEA13630DE015F0FF0F05D10B683E
:10D820004FEA122223F07F4304E04FF00000FDE8AE
:10D830000445704712BA1BBA82FA4CF482EA030418
:10D84000A4FA8CF5B5FA85F402FA04F203FA04F3AB
:10D850004FEA1260FDE80445A0EB1360704700BF7B
:10D8600001F0FF01102A2BDB10F0070F08D010F891
:10D87000013B013A8B422DD010F0070F42B3F6D195
:10D88000F0B441EA012141EA014122F007047FF0AE
:10D8900000070023F0E80256083C85EA010586EA05
:10D8A000010685FA47F5A3FA87F586FA47F6A5FA41
:10D8B00087F68EB9EED1F0BC01F0FF0102F007024D
:10D8C00032B110F8013B013A83EA010313B1F8D1F8
:10D8D0000020704701387047002D06BF35460338D9
:10D8E000073815F0010F07D1013015F4807F02BF12
:10D8F000013015F4C03F0130F0BC0138704700BF63
:10D90000844641EA000313F003036DD1403A41D34A
:10D9100051F8043B40F8043B51F8043B40F8043B09
:10D9200051F8043B40F8043B51F8043B40F8043BF9
:10D9300051F8043B40F8043B51F8043B40F8043BE9
:10D9400051F8043B40F8043B51F8043B40F8043BD9
:10D9500051F8043B40F8043B51F8043B40F8043BC9
:10D9600051F8043B40F8043B51F8043B40F8043BB9
:10D9700051F8043B40F8043B51F8043B40F8043BA9
:10D9800051F8043B40F8043B51F8043B40F8043B99
:10D99000403ABDD2303211D351F8043B40F8043B39
:10D9A00051F8043B40F8043B51F8043B40F8043B79
:10D9B00051F8043B40F8043B103AEDD20C3205D349
:10D9C00051F8043B40F8043B043AF9D2043208D041
:10D9D000D2071CBF11F8013B00F8013B01D30B88B3
:10D9E00003806046704700BF082A13D38B078DD091
:10D9F00010F003038AD0C3F10403D21ADB071CBF63
:10DA000011F8013B00F8013B80D331F8023B20F8CC
:10DA1000023B7BE7043AD9D3013A11F8013B00F805
:10DA2000013BF9D20B7803704B7843708B7883708D
:10DA30006046704700000000000000000000000089
:10DA400030B490F800F020F007016FF0000C10F0F7
:10DA5000070491F820F040F048804FF000046FF088
:10DA60000700D1E9002391F840F000F1080082FAA4
:10DA70004CF2A4FA8CF283FA4CF3A2FA8CF34BBB6F
:10DA8000D1E9022382FA4CF200F10800A4FA8CF2E8
:10DA900083FA4CF3A2FA8CF3E3B9D1E9042382FAB6
:10DAA0004CF200F10800A4FA8CF283FA4CF3A2FACB
:10DAB0008CF37BB9D1E9062301F1200182FA4CF203
:10DAC00000F10800A4FA8CF283FA4CF3A2FA8CF36A
:10DAD000002BC6D0002A04BF04301A4612BAB2FA8C
:10DAE00082F200EBD20030BC7047D1E9002304F091
:10DAF0000305C4F100004FEAC50514F0040F91F8C6
:10DB000040F00CFA05F562EA05021CBF63EA050362
:10DB100062464FF00004AAE7004870470000C07F4B
:10DB2000DFF860C0F8B521F00043002763450446E4
:10DB30000D461646176020D8844653EA0C0C1CD0BC
:10DB4000DFF844C001EA0C0C0A46BCF1000F09D111
:10DB50000B4B002209F054FB6FF0350704460A46D0
:10DB600021F000431B156FF31E52A3F2FE3342F067
:10DB70007F553B4445F40015336020462946F8BDE7
:10DB800000005043FFFFEF7F0000F07F2DE9F04FD2
:10DB900003690C69A34283B0C0F28A80013C01F1A1
:10DBA000140500F1140855F8243058F824200133E6
:10DBB0009A428E4681464FEA840105EB840708EBC2
:10DBC000840AB2FBF3F63AD3CDE900150022AC4645
:10DBD000404613465CF8041B05681FFA81FB06FBF0
:10DBE0000B22090C4FEA124B06FB01BB92B2A9B201
:10DBF000891A19441FFA8BF3C3EB214303EB154336
:10DC000089B241EA0341674540F8041B4FEA1B42D1
:10DC10004FEA2343DED2DDE9001558F8013073B92D
:10DC2000AAF1040AD04504D307E0D04504F1FF343B
:10DC300003D25AF80439002BF7D0C9F810407146C6
:10DC4000484601F067FB00282EDB4146002255F8CC
:10DC5000040BD1F800C01FFA80FE1FFA8CF3A3EB6F
:10DC60000E031344020CC2EB234202EB1C429BB294
:10DC700043EA0243AF4241F8043B4FEA2242E6D274
:10DC800058F8242008EB84036AB9043B434504D8C0
:10DC900007E0984504F1FF3403D253F80429002A21
:10DCA000F7D0C9F810400136304603B0BDE8F08F18
:10DCB000002003B0BDE8F08F2DE9F04F816B9FB0DD
:10DCC00016461F46CDE904672B9D044641B1C26B41
:10DCD0004A60012393408B6001F046F80023A36360
:10DCE000B7F10009B4BF012300232B60B44BBCBFC4
:10DCF00029F00049CDF8149033EA090300F0A3801D
:10DD00009DED047B002251EC170B00238DED027B6F
:10DD100009F0DEFC824668B12A9A012313602C9B2D
:10DD200013B12C9AA74B1360A74B079307981FB00A
:10DD3000BDE8F08F1CAB01931DAB00932046DDE9DD
:10DD4000022301F049FC5FEA1955DDF87080099063
:10DD500040F08F801D9D454405F23243202B40F357
:10DD60002E82C3F1400309FA03F905F2124326FAA1
:10DD700003F349EA030009F0C9F90122013DA1F1C9
:10DD8000F873109219460022904B09F081F886A38F
:10DD9000D3E9002309F034FA85A3D3E9002309F07D
:10DDA00079F8064628460F4609F0C0F982A3D3E960
:10DDB000002309F025FA02460B463046394609F0A1
:10DDC00069F806460F4609F0CBFC00228146089010
:10DDD00000233046394609F085FC002840F01581C3
:10DDE000A8EB0508089D162D08F1FF3B00F2F8800E
:10DDF000774B03EBC503D3E90023DDE9020109F00A
:10DE000071FC002840F0D581B8F1000F40F3858502
:10DE10000D90AB440C950A9000230B93289B092B83
:10DE20003BD8052BC4BF043B2893289BA3F10203D6
:10DE3000CCBF00250125032B31D8DFE813F0EC021D
:10DE4000E902DE02C9012A9AC9F3130942F20F73EB
:10DE500059EA0609136019D12C9B002B00F0398771
:10DE60005C4B079308332C9A079813601FB0BDE8EA
:10DE7000F08FDDE90201C1F3130343F07F53A5F2F4
:10DE8000FF35CDF840A043F440137BE72C9B002BDB
:10DE900040F09A81504B079348E7002328930025D0
:10DEA000E5632946204600F039FF0790002800F07E
:10DEB000AB86079BA3631D9B002BC0F2B480089A1E
:10DEC0000E2A00F3B080424B03EBC20393ED007BBC
:10DED000DDE9028957EC176B404632463B4649461E
:10DEE0008DED047B09F0B6FA09F03AFC054609F01D
:10DEF0001DF932463B4609F083F90B460246494676
:10DF0000404608F0C5FF05F13003079D05F8013BC9
:10DF10004FF0FF3A02944FF001095446DDE904AB9B
:10DF20001DE052465B463046394609F093FA09F047
:10DF300017FC804609F0FAF852465B4609F060F992
:10DF400009F101090B4602463946304608F0A0FFA8
:10DF500008F13003A14505F8013B00F03B851F4B5C
:10DF6000002209F04DF90022002306460F4609F071
:10DF7000AFFB0028D5D0089F029C0137AB4609991A
:10DF8000204600F0F1FE00238BF800302A9B1F6032
:10DF90002C9B002B3FF4CAAE0798C3F800B01FB00B
:10DFA000BDE8F08FAFF3008061436F63A787D23F76
:10DFB000B3C8608B288AC63FFB799F501344D33F78
:10DFC0000000F07F7DAB01087CAB01080000F83F4A
:10DFD000F0AD0108D0AB0108DCAB01080000244023
:10DFE00001230D93BBF1000FC0F2DD8000230A93E3
:10DFF000089B002B80F2D4800A9A089BD21A5B42BD
:10E000000B9300230A920C9308E7484609F08EF818
:10E0100032463B4609F05CFB00287FF4E1AE09F193
:10E02000FF330893DCE64FF0FF3A2995CDF850A076
:10E03000109A002A40F0F2811C9B0B9FC3F136031B
:10E040000A9A01212046D5189B4400F0ABFF0A9A9A
:10E050000646002A40F07B830B9B002B00F0F083E8
:10E06000002F40F0D4830B9A0999204601F07EF8E6
:10E07000012309900B930121204600F093FF0C9B94
:10E080000290002B40F00283289B012B40F38583F4
:10E090000120584410F01F0000F0C881C0F1200397
:10E0A000042B40F393830A9BC0F11C0003440544F6
:10E0B0000A938344002D05DD09992A46204601F084
:10E0C000B5F80990BBF1000F05DD02995A462046CC
:10E0D00001F0ACF802900D9B002B40F0ED82BAF1FC
:10E0E000000F40F3AE820B9B002B40F0FB81089F9A
:10E0F0000137DDF81C80DDF824B0DDF8089001253B
:10E1000007E0594600230A22204600F037FE013579
:10E11000834649465846FFF739FD554500F1300022
:10E1200008F8010BEDDB079BCDF824B0BAF1000F26
:10E130000AF1FF3503F10102D8BF002505EB020A01
:10E140008146002509990122204601F06FF80299C5
:10E15000099001F0DFF8002840F37583079A02E088
:10E16000924500F07B83D3460AF1FF3A1BF8013C4D
:10E17000392BF5D001338AF800300299204600F09F
:10E18000F3FD002E3FF4FBAE2DB1B54203D029467E
:10E19000204600F0E9FD3146204600F0E5FDEEE6C0
:10E1A0009B440C9338E6C8F101030A934FF0000B2F
:10E1B0001EE7089B013B089300230D9312E7C3F170
:10E1C000200306FA03F0D6E5B74B079303334AE67C
:10E1D00001231293299B089A134403F1010A56461E
:10E1E000012E1493B8BF0126172E40F36285012239
:10E1F00004235B0003F11400B042114602F1010256
:10E20000F7D9E163204600F089FD0790002800F06F
:10E21000FB84BAF10E0FA06300F20F81002D00F015
:10E220000C81089A002A40F34F83A04902F00F03A3
:10E2300001EBC303D105D3E900674FEA221540F192
:10E24000E7839B4BDDE90201D3E9082309F002F9DA
:10E25000CDE90E0105F00F054FF0030985B1DFF898
:10E260005082EA0740F1DE8030463946F8E8022362
:10E2700008F0C6FF6D1009F1010906460F46F0D1FE
:10E28000DDE90E0132463B4609F0E4F8CDE90E0126
:10E290000D9B53B1DDE90E67864B002230463946AF
:10E2A00009F020FA002840F06184484608F03EFF5B
:10E2B000DDE90E2308F0A4FF7F4B002208F0EAFD01
:10E2C0000646A1F15077BAF1000F00F0DA82089B00
:10E2D0001B93CDF854A0754B15991A93CDE9186787
:10E2E00003EBC103DDE90E5613ED027B31462846F0
:10E2F0008DED167B09F034FA00F130035FFA83F8F4
:10E3000008F014FF0B4602463146284608F0C0FDCF
:10E31000079B0F4612995D1C06460E95002900F0DA
:10E32000AA83DDE916236549002009F093F8DDE9A9
:10E33000182308F0ADFD079B324683F800803B466A
:10E34000CDE9120109F0ECF9002840F07084DDF805
:10E350005480CDF858B0CDF854A04FF00009DDE955
:10E3600012AB0E942BE009F10109C14580F2CB817B
:10E37000534B50465946002208F042FF504B0022B2
:10E3800082468B463046394608F03AFF0F4606462D
:10E3900009F0E6F9044608F0C9FE02460B4630468D
:10E3A000394608F075FD303405F8014B52465B469E
:10E3B00006460F4609F096F9002840F037843246A9
:10E3C0003B463C49002008F063FD52465B4609F09D
:10E3D00089F90028C7D01B9E0E9C079A013602E0DF
:10E3E000954200F0F383AB4615F8013D392BF7D089
:10E3F0000133DBB22B703746C1E501231293299B11
:10E40000002B40F3B381299B14939A461E46EBE6FA
:10E4100000231293DEE600231293F0E70B9F03F232
:10E4200033430DE66D1008F108081AE71C230A9A19
:10E430001A441D440A929B443CE61D9B002BC0F2EB
:10E440005781089A0E2A00F35381184B1A931A9B8E
:10E45000089A03EBC20393ED007B299B002B8DED03
:10E46000047B80F2DC82BAF1000F00F3D88240F026
:10E470002182144B0022DDE9040108F0C1FE0246AE
:10E480000B46DDE9020109F037F95146002840F05A
:10E490001282DDF81CB031230BF8013B204600F05E
:10E4A00063FC089F02376AE5DCAB0108F0AD0108A8
:10E4B000C8AD01080000F03F00001C400000E03F34
:10E4C0000000244000001440314600230A22204668
:10E4D00000F054FC149B002B064640F3E083DDF86B
:10E4E00050A008950A9B002B05DD31461A462046B0
:10E4F00000F09CFE06460C9B002B40F05482B04678
:10E50000079D05F1FF3B0BEB0A030B93049BDDF822
:10E5100024B003F001030C9302995846FFF736FB31
:10E5200031468246584600F0F5FE029907464246BB
:10E53000204600F011FFC3680AF130090146002BA4
:10E5400036D10A90584600F0E5FE0A990990204617
:10E5500000F00AFC099B002B58D1289B1BB90C9B8F
:10E56000002B00F08583002FC0F24B830B9BAA4643
:10E570009D420AF8019B00F07682594600230A2248
:10E58000204600F0FBFB4645834631464FF0000332
:10E590004FF00A02204633D000F0F0FB4146064619
:10E5A00000230A22204600F0E9FB55468046B3E7E7
:10E5B0002046CDF824B000F0D7FB002F06DB049BEB
:10E5C00003F00102289B1F433A432CD109990122F1
:10E5D000204600F02BFE0299099000F09BFE0028D7
:10E5E00040F32A83B9F1390F00F0F3820AF13109BF
:10E5F000AB46089F0BF8019B354601374646BCE504
:10E6000000F0BCFB55460646804685E7002FC0F269
:10E610000283289A17430C9A174300F0FC82002BC0
:10E62000A4DDCDF824B0B9F1390F00F0D282AB46A9
:10E63000089F09F1010335460BF8013B01374646B7
:10E640009BE5289B022B7FF74EADBAF1000F40F0FF
:10E650008C81029953460522204600F08FFB01462B
:10E660000290099800F056FE002840F37E81DDF804
:10E670001CB0029931230BF8013B204600F074FBDB
:10E68000089F0237002E7FF486AD78E41A460146D3
:10E69000204600F06BFD289B0290012B40F3768111
:10E6A00000230C93029A136902EB8303186900F0AC
:10E6B0000FFCC0F12000ECE40299099800F02AFE5A
:10E6C0000028BFF60CAD00230999089D0A222046B8
:10E6D00000F054FB0B9B0990013D002B7FF4F4AE3E
:10E6E000149B002B40F3D082089FDDF850A000E57A
:10E6F000129A92B90A9B002B6DD10B9B002B7BD1F8
:10E700001D461E46B7E41D9B0E9C002BDDE915AB94
:10E7100003DB089A0E2A7FF79AAE289A012A7FF720
:10E7200087AC0B9B0AF1FF37BB42C0F2FF80BAF106
:10E73000000FA3EB070780F2A482012120460A9D67
:10E7400000F030FCA5EB0A080646CDF82880BBF1A6
:10E75000000F7FF781AC0A9A5A451346A8BF5B4663
:10E76000D21AED1A0A92ABEB030B75E40021E163B8
:10E77000204600F0D3FA0790002800F04582079B5E
:10E78000A363002D40F0FE801D9B002BC0F2698228
:10E79000012214922992924653E6049B002B7FF4A7
:10E7A00077AC059BC3F31303002B7FF471AC059B7F
:10E7B00023F000431B0D1B05002B3FF469AC012324
:10E7C00001350BF1010B0C93184662E43FF472AC77
:10E7D000C0F13C032BE6BBF1000F00F0B3810A9AB5
:10E7E0000B9E5A451346A8BF5B46D51AABEB030BED
:10E7F0000A95002E3FF43FAC0B9A0999204600F091
:10E80000B5FC00230A9D09900B931E4633E4314664
:10E810003A46204600F0AAFCDDF8249001464A461C
:10E820000646204600F0ECFB49468046204600F0B4
:10E830009BFA0B9BCDF82480DB1B0B937FF413AC6E
:10E8400001230B9317E403D119F0010F7FF486AC79
:10E85000D3461AF8013D302BFAD08EE4079A3123C3
:10E860000137137089E4484608F060FCDDE90E23A7
:10E8700008F0C6FCB74B002208F00CFB0646A1F1DD
:10E880005077B54B0022DDE90E0108F001FB32465E
:10E890003B468046894608F043FF002840F0A481AB
:10E8A00040464946324607F1004308F01BFF002866
:10E8B0003FF4C3AD0021204600F056FA299BDDF855
:10E8C0001CB05F42FFF75BBB00F07881089BA34A56
:10E8D0005D4205F00F0302EBC303D3E90023DDE93A
:10E8E000020108F08DFC2D11CDE90E0100F0DD8153
:10E8F0009B4E4FF00209EB070CD5DDE90E01F6E85F
:10E90000022308F07DFC6D10CDE90E0109F101092B
:10E91000F1D1BDE46D100836EDE7C8F101030A93AB
:10E92000089B0D909B460C93FFF776BA0B9B0C9AB5
:10E93000FB1A1A440A9B0C920121204603EB0A059C
:10E9400000F030FB0A9B0B97D3440646002B3FF4A4
:10E950008AAB0A9A5A451346A8BF5B46D21AED1AEB
:10E960000A92ABEB030BFFF77EBB0299204600F047
:10E97000FBF9299BDDF81CB05F42002E7FF40BAC45
:10E98000FFF7FDBA14952995AA464AE4049B002B8B
:10E990007FF486AEDDE90412C2F31303002B00F00E
:10E9A00052810C917EE67168204600F0B7F9054669
:10E9B000002800F08781336902339A0006F10C01C8
:10E9C0000C30FEF79DFF29460122204600F02EFC68
:10E9D000804695E5029C02460B4608F05BFA089FCC
:10E9E000DDE90423013782468B463E4608F098FE57
:10E9F00048B9DDE904235046594608F069FE20B1C4
:10EA000018F0010F01D0079AEDE4AB46FFF7B7BA53
:10EA10009DED027B4FF002098DED0E7B1EE4079BFE
:10EA200001330E93DDE90256DDE904232846314621
:10EA300008F010FD08F094FE804608F077FBDDE951
:10EA4000042308F0DDFB02460B462846314608F059
:10EA50001FFA079A0E9D08F13003BAF1010F1370E7
:10EA60007FF458AAB7E7089FCDF824B035460137A0
:10EA70004646FFF767BBDDE91823DDE9160108F01C
:10EA8000BFFB079B83F80080159B012BCDE910018C
:10EA900023D0079B159ADDF8388003EB0209314B30
:10EAA00000223046394608F0ABFB0F46064608F018
:10EAB00057FE054608F03AFB303502460B46304615
:10EAC000394608F0E5F908F8015BC84506460F46E7
:10EAD000E5D10E9B5D1E159B1D44DDE91089224B7F
:10EAE00000224046494608F0D5F932463B4608F038
:10EAF000F9FD002840F0958042464B461A49002017
:10EB000008F0C6F932463B4608F00AFE80B91D9B64
:10EB1000002BFFF6EFAD089B0E2B3FF7EBAD1A9BDA
:10EB2000089A03EBC20797ED007B8DED047B79E734
:10EB3000AB46013D1BF8013C302BF9D01B9F013740
:10EB4000FFF71DBA0B9E002E7FF456AE0A9DFFF70D
:10EB500092BA00BF00001C4000001440F0AD010854
:10EB6000C8AD0108000024400000E03FBAF1000FEA
:10EB70003FF479AE149D002D7FF75FAC089B013BFD
:10EB8000304639461B930022544B08F039FB0246AD
:10EB900016460F4609F10100CDE90E6708F0C6FAE6
:10EBA00032463B4608F02CFB4D4B002208F072F930
:10EBB00015950646A1F15077FFF78DBB9DED027BC1
:10EBC0004FF002098DED0E7BFFF762BB013631235A
:10EBD00010E4AA46089F079A392335460AF8013BF4
:10EBE00001374646FFF7BFBADDF81CB031230BF8FA
:10EBF000013B0021204600F0B7F8089F0237FFF7DD
:10EC0000BEB9CDF824B0F3E4364B3748002240F2C9
:10EC1000AF1106F0FDF8002BCDF824B03FF7D6ACCD
:10EC2000E6E41B9E079A0136FFF7DDBB0E9C1B9F97
:10EC3000AB460137FFF7A3B97FF4DAAC19F0010F47
:10EC40007FF4D0ACD4E4059B23F000431B0D1B05DF
:10EC5000002B3FF426AD012301350BF1010B0C9382
:10EC600020E5129B4BBB0123149329939A4641E55F
:10EC7000B9F1390FCDF824B0ABD0002F3FF7B6ACC7
:10EC8000B6E45346FFF7DCB9289A022A03DC089F52
:10EC90009A46FFF72EBA0895DDF850A0D5E4289AD9
:10ECA0000895022AF8DC9A461CE44FF00209FFF7A7
:10ECB000EFBA0021E163FFF7A5BA129B29939A46A8
:10ECC00014932EE5074B08482A4640F2EF2106F040
:10ECD0009FF8064B0793FFF729B800BF00002440B8
:10ECE00000001C40E0AB0108F4AB0108D0AB010808
:10ECF00082B049B15AB16BB113780B601278101E13
:10ED000018BF012002B0704701A9002AF3D11046B4
:10ED100002B070476FF00100F4E700BF436C70B5BC
:10ED200005460C464BB153F8240080B1026843F805
:10ED300024200023C0E9033370BD2122042108F000
:10ED400089FF034668640028EDD1002070BD0121D1
:10ED500001FA04F6721D9200284608F07BFF002895
:10ED6000F3D0C0E90146E4E731B1436C4A6853F897
:10ED70002200086043F82210704700BF2DE9F041DF
:10ED80000D6907460E461C4601F1140E0020DEF800
:10ED900000108BB202FB03434FEA134C090C02FB39
:10EDA00001CC01309BB203EB0C4385424EF8043B8F
:10EDB0004FEA1C44EBDC3CB1B368AB4207DD06EB29
:10EDC000850301355C6135613046BDE8F0817168CD
:10EDD00038460131FFF7A2FF8046A8B132690232FE
:10EDE00006F10C0192000C30FEF78AFD7B6C726814
:10EDF00053F82210316043F82260464606EB850343
:10EE000001355C613561DFE7024B03484246BA21B8
:10EE100005F0FEFFE0AB010850AC01082DE9F84316
:10EE20001746284A1E4608330C46092E82FB031259
:10EE30004FEAE3730546C3EB62033ADD4FF0010C82
:10EE400000214FEA4C0C634501F10101F9DC284631
:10EE5000FFF764FF014670B3089B4361092F4FF031
:10EE60000103036112DC0A340927BE420BDDF61BE5
:10EE7000264414F8013B0A22303B2846FFF77EFF68
:10EE8000B4420146F5D10846BDE8F88304F109080B
:10EE900004EB0709444614F8013B0A22303B28469C
:10EEA000FFF76CFF4C450146F5D1B844A8F10804C2
:10EEB000DBE70021CBE70A46034B0448D32105F0EA
:10EEC000A7FF00BF398EE338E0AB010850AC010862
:10EED000B0F5803F034636BF030400201020B3F195
:10EEE000807F3CBF1B020830B3F1805F06D3B3F1D3
:10EEF000804F0FD29A0012D4033070471A01B2F13A
:10EF0000804F00F1040006D29B0108D45B00F3D4CB
:10EF1000202070471A46002AFBDB01307047023080
:10EF2000704700BF03685907024607D0D8071DD4B1
:10EF300099072AD55B0813600120704799B279B907
:10EF40001B0CD9B2A1B11020190701D104301B0943
:10EF5000990712D0D90701D401305B0813607047BC
:10EF6000D9B241B1180718D10420F0E7002070474A
:10EF700018201B0AE8E70820FBE713F0040F4FEA0C
:10EF8000930106D002300B46E8E79B08136002208D
:10EF90007047DB0804D120207047DB080320DDE741
:10EFA0000330DBE738B5436C04460D464BB1586877
:10EFB000B0B102685A6000220123C0E90323456111
:10EFC00038BD2122042108F045FE03466064002874
:10EFD000EDD1094B0948002240F2451105F018FF18
:10EFE0001C220121204608F035FE0028F1D0012224
:10EFF0000223C0E90123DEE7E0AB010850AC0108C1
:10F000002DE9F04FD1F810801569A84585B00E465E
:10F01000924605DB2A46534645468A4690461E469A
:10F02000DAF80830DAF8041005EB0804A342B8BF98
:10F030000131FFF773FE8446002800F08C8000F158
:10F04000140707EB840E774505D23B46002243F8B0
:10F05000042B9E45FBD8143606EB88080AF11409E8
:10F06000464509EB850567D2A5EB0A03153B0AF176
:10F07000150A23F00303AA4594BF9B464FF0000BEB
:10F08000CDF808E00394AE46E24605E0090C2BD12A
:10F09000B04507F104074CD956F8041B8DB2002D7A
:10F0A000F4D0CC463C46002301965CF8040B216862
:10F0B00086B28AB2000C05FB0622090C1A4405FB35
:10F0C000001101EB124192B242EA0142E64544F8D6
:10F0D000042B4FEA1143E8D807EB0B02019E536063
:10F0E00056F8041C090CD3D03B68002248461D4644
:10F0F0003C469446028801FB02C202EB15429BB2D9
:10F1000043EA024344F8043B50F8043B25684FEAC5
:10F11000134CABB201FB0C3303EB124386454FEAB1
:10F12000134CE7D807EB0B02B045536007F1040717
:10F13000B2D8DDE902E4D446002C02DC05E0013C53
:10F1400003D05EF8043D002BF9D06046CCF81040A7
:10F1500005B0BDE8F08F034B034862464FF4B17130
:10F1600005F056FEE0AB010850AC010812F00303B5
:10F170002DE9F0411446074632D10E46A4102CD09A
:10F180003D6C002D35D004F001034FF000086410F1
:10F190003BB92868B8B1054604F001036410002BA0
:10F1A000F7D02A4631463846FFF72AFF36B17B6C46
:10F1B000716853F82120326043F8216074B106462B
:10F1C00028680028E7D12A4629463846FFF718FF65
:10F1D0002860C0F800800546DEE73046BDE8F081D3
:10F1E000013B0F4A52F823200023FFF7C7FD0646D4
:10F1F000C4E701213846FFF791FD054640B10123E0
:10F2000040F27122C0E90432002338640360BAE797
:10F21000044B05482A4640F2451105F0F9FD00BFB0
:10F22000B8AD0108E0AB010850AC01082DE9F0478A
:10F230000C4690462769A368496807EB62177D1C56
:10F240009D4206464FEA621904DD5B009D4201F1D2
:10F250000101FADC3046FFF761FD844600284ED0FC
:10F26000B9F1000F00F114000BDD09F105020CEB00
:10F2700082020346002143F8041B9342FBD100EBBA
:10F280008900216904F1140318F01F0803EB8101C0
:10F290002DD0C8F1200986464FF0000A1A6802FAFC
:10F2A00008F242EA0A024EF8042B53F8042B994262
:10F2B00022FA09FAF2D80B1B153B23F0030304F1E1
:10F2C0001502914238BF0023043340F803A0BAF17D
:10F2D000000F00D13D46736C6268CCF8105053F8B3
:10F2E00022102160604643F82240BDE8F0870438D0
:10F2F00053F8042B40F8042F9942F9D8EAE7034B5E
:10F30000034862464FF4EF7105F082FDE0AB01085F
:10F3100050AC01080B6984460069C01A16D10CF183
:10F32000140C14310CEB830210B401EB830301E0E5
:10F33000944508D252F8044D53F8041D8C42F7D07E
:10F3400005D24FF0FF305DF8044B70477047012045
:10F350005DF8044B704700BF2DE9F04F13690E694B
:10F36000F61A002E83B08946154614D101F1140710
:10F3700002F1140101EB830107EB830301E09F42DB
:10F380007ED253F8044D51F8042D9442F7D080F00A
:10F390008480012603E0FCDB00260D469146696867
:10F3A000FFF7BCFC0146002800F084802F69C6608E
:10F3B000D9F8100005F1140B05F1100201F1140A3F
:10F3C00009F1140505EB80000BEB870ED0460023F6
:10F3D000CDF804B0944655F8046B5CF8042F1FFA7E
:10F3E00086FB94B2A4EB0B041C44330CC3EB124316
:10F3F00003EB2443A4B244EA0344A84248F8044B74
:10F400004FEA2343E7D82646A0EB0904153CDDF874
:10F4100004B024F0030409F11509484538BF00245D
:10F420000BEB0402043204EB0A05964505F10404D3
:10F43000104636D9AAEB0B0A00EB0A0C50F8045B15
:10F4400013FA85F62B442D0C05EB26459BB243EAB7
:10F4500005468645CCF800604FEA2543ECD80EF10E
:10F46000FF339B1A23F00303234426B953F8042DDA
:10F47000013F002AFAD008460F6103B0BDE8F08FC3
:10F480000021FFF74BFC014668B101220023C0E9CF
:10F490000423084603B0BDE8F08F2B464D4699463D
:10F4A0007DE72B46E1E70A46064B074840F2372145
:10F4B00005F0AEFC0A46034B034840F2452105F037
:10F4C000A7FC00BFE0AB010850AC0108114B0B409A
:10F4D000A3F15073002B03DD00221946104670473C
:10F4E0005B42B3F1A07F4FEA235206DA4FF40023C8
:10F4F00013410022194610467047A2F114031E2B37
:10F50000DABF4FF00042DA400122002319461046CC
:10F51000704700BF0000F07F2DE9F843066900F155
:10F52000140808EB8606A6F1040956F8047C384650
:10F53000FFF7CEFCC0F120030A280B6033DDC8457D
:10F54000A0F10B0219D256F8083C22B3C2F12001F7
:10F55000974023FA01F007439340A6F1080247F0D1
:10F560007F55904545F4401519D256F80C2CCA40E9
:10F57000134318462946BDE8F8830B280AD007FA3A
:10F5800002F242F07F5545F4401500231846294603
:10F59000BDE8F883002347F07F5545F44015184631
:10F5A0002946BDE8F883C0F10B0327FA03F2C845EA
:10F5B00042F07F553CBF56F8082CDA4000F11503A5
:10F5C00028BF002207FA03F345F4401513431846F9
:10F5D0002946BDE8F88300BFF0B5012183B0164687
:10F5E0001F46FFF79BFB0546002845D0C7F30A548A
:10F5F000C7F313030CB143F48013002E019314D10D
:10F6000001A8FFF78FFC019B6B610121203029616C
:10F6100014B3089BA4F2334404441C60099BC0F15A
:10F6200035001860284603B0F0BD68460096FFF725
:10F6300079FCDDE9002330B1C0F1200103FA01F1CA
:10F64000C3400A430193002B0CBF01210221C5E9ED
:10F6500005232961002CDCD105EB8102A0F23243A5
:10F660001069089A1360FFF733FC099BC0EB411047
:10F670001860284603B0F0BD034B04482A4640F208
:10F680000F3105F0C5FB00BFE0AB010850AC01082D
:10F690002DE9F04383B0884669468146FFF73CFF79
:10F6A00004460D46404601A9FFF736FFD9F8103051
:10F6B000D8F81020A3EB020CDDE900329B1A03EB13
:10F6C0004C13002B0BDD05EB03573D4602460B4662
:10F6D0002046294607F0BEFE03B0BDE8F083C3EB29
:10F6E000033301EB03594946F0E700BF01394911E3
:10F6F00001F1010C116902F1140303EB81018B424A
:10F7000000EB8C0C16D210B5A0F1040E53F8044B8C
:10F710004EF8044F9942F9D8891A153921F003019E
:10F7200004300844844504D9002340F8043B844550
:10F73000FBD810BD844505D9002340F8043B84451F
:10F74000FBD87047704700BF03694A11934200F12C
:10F75000140009DA00EB830302E053F8042DAAB980
:10F760008342FAD80020704700EB8203F8DD11F0E5
:10F770001F01F5D010B450F8224024FA01F28A405B
:10F78000944209D001205DF8044B70470120704776
:10F7900053F8042D002AF5D18342F9D800205DF8F2
:10F7A000044B704710B4044C03460A4620685DF8C9
:10F7B000044B194608F04ABAEC070020000000008C
:10F7C0002DE9F04F9FB00F46002107921A910022B9
:10F7D0000021CDE9041283463A461992904612F868
:10F7E00001ABBAF12D0F5FD801A151F82AF000BF8B
:10F7F00039FA0008A9F80008A9F80008A9F80008D3
:10F80000A9F80008A9F80008A9F80008A9F8000854
:10F81000A9F80008DBF70008DBF70008DBF70008B1
:10F82000DBF70008DBF70008A9F80008A9F80008D2
:10F83000A9F80008A9F80008A9F80008A9F8000824
:10F84000A9F80008A9F80008A9F80008A9F8000814
:10F85000A9F80008A9F80008A9F80008A9F8000804
:10F86000A9F80008A9F80008A9F80008A9F80008F4
:10F87000DBF70008A9F80008A9F80008A9F80008B3
:10F88000A9F80008A9F80008A9F80008A9F80008D4
:10F89000A9F80008A9F80008A9F80008F5FC000874
:10F8A000A9F800080FFD000800220892BAF1300FF5
:10F8B00000F0858000230993BAF12F0F564640F2DD
:10F8C00012854FF0000940464D464C4618E0082C82
:10F8D000C8BF09EB890900F10100C8BF0AEB490A5A
:10F8E0001990C8BFAAF1300990F800A0D8BFA3F1C1
:10F8F0003005BAF12F0F04F10104564640F3A880F9
:10F9000005EB8503BAF1390F0AEB4303DFDDAC49A0
:10F910000122FDF7ABFC002868D11998431C19930C
:10F92000417818460A46002C40F0EB80302A08BF88
:10F93000034640F0D7851946013319931A78302AC7
:10F94000F9D0C0F101000144A2F13100082800F211
:10F95000C68101310F910021303A98460A91012465
:10F9600005EB850502EB4505002101331993187855
:10F97000A0F13002092A01F1010600F27E84002A7A
:10F9800000F08C870F98012E30440F9000F0848790
:10F9900004F1010C604606E075000130061B013ED3
:10F9A000B14240F38F84461E082E05EB8506F3DD39
:10F9B0001028DCBF09EB89094FEA4909EDE798F8FF
:10F9C000012002F0DF02582A18BF434600F01284DB
:10F9D0000133199393F800A0BAF1300FF8D098468C
:10F9E000BAF1000F0ED00123099365E7BAF1650F54
:10F9F0001AD0BAF1450F17D0002C2FD1099B002B3C
:10FA000000F0BC804FF000084FF00009079A0AB1DF
:10FA1000199B1360089BB3B109F100439946404616
:10FA200049461FB0BDE8F08F002C78D10A940F949E
:10FA3000099B002B40F0E2824FF000084FF00009D4
:10FA4000079B03B11F60404649461FB0BDE8F08FD9
:10FA50005B490122FDF70AFC00284ED0284607F03A
:10FA600055FB092CCDE9040140F3CD820023102C75
:10FA7000A2460E93A8BF4FF0100A0A9412930F9358
:10FA8000504B03EBCA0353E9122307F0B9FB0646B8
:10FA900048460F4607F03AFB02460B4630463946C9
:10FAA00007F0F8F90F2CCDE9040100F3AC800E9BB0
:10FAB000002B00F0A8820E9B40F38E82162B40F3A1
:10FAC00065840E9AC4F125039342C0F29C803D4D9B
:10FAD000C4F10F0405EBC401DDE90423D1E9000101
:10FAE00007F08EFB0E9B1C1B05EBC405D5E900231C
:10FAF00007F086FB8046894688E7199A531C1993BC
:10FB00005178A1F13000092800F2DE800246002879
:10FB100000F0BD8601210A94A4460F91D4E3002190
:10FB2000199B0A940F918C465A1C19925E782B2EC1
:10FB300000F0C7802D2E00F0BE804FF0000AA6F125
:10FB40003007092F37D8302E199A40F0E58001325E
:10FB500019921678302EFAD0A6F13100082840F21A
:10FB6000D98000221292002C34D1099A0A437FF4E2
:10FB700049AFBCF1000F40F03F841F46692E00F0F2
:10FB8000188400F31184492E00F013844E2E7FF464
:10FB900053AF0D4919A805F0ADFC00283FF44CAF58
:10FBA000199B1B78282B00F06D85084805F02AF971
:10FBB000804689462AE7002219931292D3E700BFB4
:10FBC00088AB0108F0AD0108B8AC0108DCAC010855
:10FBD000002312930A9A1346002A08BF23460A9369
:10FBE0000F9A129B102CA3EB020328460E93A246F9
:10FBF000A8BF4FF0100A07F089FA092CCDE90401DB
:10FC00003FF73EAF53E70E9BA4EB0A0A9A44BAF1C2
:10FC1000000F40F3A9802AF00F071AF00F0A40F0F6
:10FC20004283B7F59A7F00F3DC83102FDFF880A1C1
:10FC30004FEA271600F04C85DDE904234FF0000C55
:10FC40005746E14616F0010F1046194607D0D7E98E
:10FC5000002307F0D5FA4FF0010C02460B46761050
:10FC6000012E09F1010907F10807EBD1BCF1000FE2
:10FC700001D0CDE90423059BA3F1547305930AEB4E
:10FC8000C90ADDE90423DAE9000107F0B9FA454BB6
:10FC9000CDE904010B400A4643498B4200F2A1839F
:10FCA000A1F580118B4240F2AF84404B4FF0FF3200
:10FCB000CDE904235AE04FF0010A9A1C19929E786C
:10FCC0003DE74FF0000AF8E701F0DF0145297FF436
:10FCD000C5AE00210A940F914FF0010C24E702F009
:10FCE000DF02452A7FF48EAE00240A940F944FF071
:10FCF000010C19E70022089208F10102199298F804
:10FD000001A0BAF1000F3FF497AE9046CEE5012274
:10FD10000892F1E7A6F13007501C199056782F2E63
:10FD200040F3F68286460E9208E0013019909EF864
:10FD300001602F2EA2F1300706DD864607EB870211
:10FD4000392E06EB4202F0DD0E9A801A082840F3A5
:10FD5000DF8244F61F621292BAF1000F3FF403AF44
:10FD6000129A52421292FEE640F0D9820023099381
:10FD70000A9A0095234641465846FFF74FF81390DC
:10FD8000002800F02E830F9B129A9B1A0E9A002ACD
:10FD9000A8BF00230F9322EAE272002314921E46AA
:10FDA0009946DAE00000F07F0000A07CFFFFEF7FC3
:10FDB000C8AD0108D21A1F2AA4EB020400F39681F1
:10FDC00001239340109300231593099B25443C4441
:10FDD000A7421D443B46A8BF2346AB42A8BF2B46C3
:10FDE000002B02DDE41AED1AFF1A0F9B002B00F323
:10FDF0001D81002C00F334810E9B002B00F36C81DD
:10FE0000002D00F35A81002F08DD31463A4658464E
:10FE1000FFF70CFA0646002800F058811A9952465E
:10FE20005846FFF799FA8146002800F04F810023D9
:10FE3000C268C36031461292FFF76CFA0028C0F224
:10FE4000E883059B984600F08C8331464846FFF7CF
:10FE50001FFC00224FF0804304460D4607F04CFC87
:10FE6000002800F0D380129B002B40F04C81049BB3
:10FE7000002B40F0EF81C8F31303002B40F08A8180
:10FE8000A94B00222046294607F02CFC002840F010
:10FE90003883A64B00222046294607F0B1F90A46CE
:10FEA0000146CDE9101202F100430C900D93A04FD2
:10FEB000A04B08EA07079F42DDE90C4500F04281AC
:10FEC000099B13B3B7F1D46F1FD893A3D3E90023D1
:10FED000DDE9100107F010FCA0B1DDE9100107F029
:10FEE00067FC012838BF012007F010F9129BCDE90B
:10FEF0001001002B40F0878201F100431690179308
:10FF0000DDE9164505F1D663DD1BDDE90A01FFF7E2
:10FF1000DDFA02460B462046294607F071F9DDE975
:10FF20000A2306F0B7FFCDE904010C46099B23B96B
:10FF30007F4B23409F4200F036811A995846FEF7C6
:10FF400013FF51465846FEF70FFF31465846FEF75D
:10FF50000BFF49465846FEF707FF139C5846616859
:10FF6000FEF7DCFE8246002800F0B08022690232F3
:10FF7000920004F10C010C30FDF7C2FC9DED047BF6
:10FF80001CAB01931BAB0093584653EC172B8DED24
:10FF90000A7BFFF721FB1A9000286AD001215846FE
:10FFA000FFF700F80646002800F090801B9B002B0E
:10FFB0007FDB0F9A149D9F18099A1C9C9B1A23445F
:10FFC0005D4A013B9342C4F13604FFF6F3AE0023D1
:10FFD000159301231093F8E61633FFF614AE0F9B2A
:10FFE000129A9A1A554B03EBC203DDE90401D3E9D7
:10FFF000002307F02FFA8046894607E5A44600242F
:020000040801F1
:10000000199B214690E5DDE90489FFE4474B204632
:100010002946002207F0F4F8129BCDE91001002BCD
:100020006CD101F100430C900D9340E731461A4624
:100030005846FFF79BF806461A98D6B10246314655
:100040005846FEF7DDFF034612931A988BB101461E
:100050005846FEF789FE129B1A93002C7FF7CCAE10
:100060001A9922465846FFF7E1F81A9000287FF4C3
:10007000C3AE5746CDF83890B2462223DFF8B09091
:10008000CBF800304FF0000801465846FEF76CFEF2
:1000900039465846FEF768FE51465846FEF764FE5C
:1000A00013995846FEF760FE0E995846FEF75CFE1F
:1000B000ACE4149A0F9FD51A7EE751462A4658465B
:1000C000FFF7B4F8824600287FF49DAE57461A9891
:1000D000CDF83890B246D0E75146149A5846FFF70B
:1000E00045F8824600287FF48BAEEFE7144AD21A17
:1000F000012303FA02F21592109366E69DED107B40
:100100008DED0C7BD3E69FED067B8DED0C7B8DEDAD
:10011000107BCCE6AFF300800000C0FFFFFFDF41A3
:10012000000000000000F03F0000F03F0000E03F52
:100130000000F07F0000E07F02FCFFFFF0AD01084F
:10014000E2FBFFFFA8F154730593DDE90445204667
:100150002946FFF7BBF9DDE90C2307F051F82246E9
:100160002B4606F097FEB44AB44B0A409A42CDE9BA
:10017000040140F29480DDE90A0103F154739942CD
:1001800002D1B0F1FF3FA1D0AD4C4FF0FF33CDE92C
:100190000434D2E69FED9E7B8DED0C7B9FED9E7B24
:1001A0008DED107B83E6DDE910783846414607F097
:1001B00087FB06F0F7FF02460B463846414606F03D
:1001C00067FE049F129DC4F313043D432C4307466E
:1001D00088462DD192A3D3E9002307F083FA0028A3
:1001E0003FF4ABAECDF83890DDE904895746B2460E
:1001F0001A9849E70293089B01931AAB0093914A1E
:100200001BAB19A9584604F079FE10F00F050446FF
:100210003FF4F8AB062D40F0218108F1010319935A
:1002200000234FF000084FF000090893FFF7EEBBE2
:100230007DA3D3E9002307F055FA0028D2D17CA38F
:10024000D3E900233846414607F06AFA00283FF414
:1002500074AEC7E7049B012B9CD14346002B99D178
:100260005746CDF83890B24622231A98CBF8003082
:100270004FF000084FF0000906E700F0DF004528C6
:1002800000F0B380002C7FF4A3AC099B19434FF01E
:1002900000084FF000093FF4D3ABFFF7B7BB01F103
:1002A0005474059442E6684901EBCA01DDE9042370
:1002B000D1E9000106F0A4FFCDE90401002F3FF4CD
:1002C00055ADAEE401398C44BCF1080F0CF10104CA
:1002D0007FF746AB102CDCBF09EB890902EB49091B
:1002E0000021FFF742BB594901224046FCF7BEFFFF
:1002F00040B9814619980346013019905A784D4605
:10030000FFF714BB099B002B3FF496ABFFF77ABBBA
:1003100044F61F629742A8BF174612971CE5CAF120
:10032000000A4FEA2A171AF00F0A0DD0464B03EBCA
:10033000CA03DDE90401D3E9002307F08BF8CDE916
:100340000401002F3FF412AD1F2F00F30581DDE9FA
:10035000042317F0100118BF6A2117F0010F09914B
:100360003B4E104619460FD0D6E9002306F048FF51
:100370007F1002460B4600F0D28017F0010F06F105
:10038000080610461946EFD17F10F6E70E982E4961
:1003900001EBC001DDE90423D1E9000106F030FFE3
:1003A00080468946FFF732BB6E2E3FF4F2ABFFF773
:1003B00043BB284919A805F09DF800283FF43CAB41
:1003C000199B2549013B19A8199305F093F810B919
:1003D000199B01331993DFF860904FF00008FFF785
:1003E00015BB2223CBF80030F5E7002C00F03A8251
:1003F0004FF0010CFFF798BB4FF000084FF00009D9
:100400001F46FFF71DBB9DED107B8DED167B77E53D
:10041000000000000000F0BF000000000000F03FFE
:100420009535A094FFFFCF3F9535A094FFFFDF3FA8
:1004300035E5AF350000E03F0000F07FFFFF9F7C17
:10044000FFFFEF7FCCAE0108F0AD010888AB0108DB
:10045000E0AE0108ACAC0108B0AC01081A9A3AB1A0
:1004600035211CA8FFF742F91A995846FEF77CFC83
:10047000013D042D00F21582DFE805F0032E2B204C
:1004800003001C9B04931B9B03F233421D9B23F42C
:10049000801343EA02530593E20502D543F000437B
:1004A0000593B34A1A40DDE90489002A7FF4AEAA15
:1004B000FDF728F822230360FFF7A8BA4FF0FF32B8
:1004C0006FF00043CDE90423E3057FF59CAD059B68
:1004D000E4E7A74B0593F7E7DDE91C121D9BCDE987
:1004E0000412D9E7A2F13103082B13D922F020021C
:1004F000452A7FF407AF00230A930F930124FFF7E7
:1005000097BA9FED977B8DED0C7B9FED977B8DEDE3
:10051000107BCCE4012103460F91FFF71CBA099B25
:10052000CDE904017BB1C1F30A52C2F16B03002B88
:1005300009DD1F2B40F3FD80342B049740F36481C9
:100540004FF05C730593DDE904010022002307F0FE
:10055000BFF800283FF40CAC2223CBF80030FFF7A3
:1005600051BA5746C3F31302B2461E46129BCDF84A
:100570003890DDF840C0DDF854E07E49DDE90A89B5
:10058000002B00F093808A4200F0FA80BEF1000F49
:1005900000F0E0801EEA060F32D040464946FEF7E2
:1005A00095FF099B002B00F03781C6F30A53C3F176
:1005B0006B03002B40F353811C0504F17F53002291
:1005C00003F5401306F01CFE02460B464046494622
:1005D00006F060FC80468946674B4046494600224B
:1005E00006F00EFE624B0B4080468946002B7FF4DE
:1005F000FFAD2223CBF80030FAE51EEA060F72D1D8
:10060000099B002BE8D1F3E502F154730593FFF742
:10061000ADBBDDE90445129ACDF838902243574628
:100620004B46B246DDE90A89EAD1C5F313022E46EC
:10063000002AE5D125F00044240D2405B4F1D66F3D
:10064000DED95A6912B91A69012AD9DD0E99012237
:100650005846FEF7EBFD51460E90FEF75BFE002874
:10066000CEDD099B002B00F0AB80A4F580146FEA6F
:1006700014536FEA035305934FF0FF330493DDE9FE
:100680000489A9E73D4919A81CAA04F04FFF0528D1
:100690007FF48BAA1D9B43F0FF4343F4E0030593D3
:1006A0001C9B0493DDE90489FFF7B0B9A2B9DDE929
:1006B0000434002B45D1099B002B00F081802C4C89
:1006C0003440B4F1D66FD0D8B4F15C7F84D8CBE598
:1006D0004FF00009FFF7CFBABEF1000F8DD1049B98
:1006E0001CEA030F8CD040464946FEF7EFFE099BFB
:1006F000002B55D0C6F30A53C3F16B03002B40F314
:10070000AB801C0504F17F53002203F5401306F073
:1007100077FD02460B464046494606F0B9FB0022EB
:1007200000238046894606F0D3FF00283FF454AFEB
:100730009AE54FF0FF3202FA03F3049A1A4004924A
:1007400001E7BEF1000F7FF458AF13EA0C0F3FF43E
:1007500057AFC8E7049B1CEA030F3FF451AF1CE7F7
:10076000000000000000E0BF000000000000E03FCB
:100770000000F07FFFFF0F0000005039B8AE010805
:10078000DDE90445099B214653BB234601332ED0A6
:10079000BEF1000F6AD01EEA060F3FF429ADFCE659
:1007A00002460B464046494606F072FB00220023F3
:1007B0008046894606F08CFF00283FF419AD53E5CA
:1007C0003E4A1A983240A2F580126FEA12536FEA3D
:1007D000035305934FF0FF330493DDE9048953E499
:1007E000364A3240B2F1D46F20D9621C27D1344A44
:1007F000964240D0314A324002F5801305930023DF
:100800000493DDE90489FBE6C2F14B024FF0FF33AC
:1008100093400B40059396E602460B4640464946F8
:1008200006F038FB804689461A982DE4120DC2F175
:100830006B024FF0FF3000FA02F29442D7D0BEF1C3
:10084000000F04D01EEA060F3FF4C6AEA5E611EA7B
:100850000C0F3FF4C1AEA0E602460B465BE7024632
:100860000B46B3E600293FF449AEC1E514EA0C0F8C
:100870003FF4BEAC91E60131BCD122231A98DFF8D7
:100880003C90CBF800304FF00008FFF7FDBB0F9015
:100890000A940121FFF769B8A44615E53146FFF730
:1008A00064B8E10505D54FF000430593DDE90489FF
:1008B000FEE54FF000084FF00009F9E50000F07F79
:1008C000FFFFEF7F014BFEF77BBF00BF80060020DC
:1008D000242B2DE9F84F43D8012B41D080464948BD
:1008E0001F468E4675461EF801BB10F80B4014F0EB
:1008F0000804F7D1BBF12D0F6FD0BBF12B0F08BF50
:100900009EF800B06FF0004908BF05F1020E73BBFE
:10091000BBF1300F4BD00A273B460025B9FBF7F659
:10092000284607FB169A05E03AD007FB00C00125D0
:100930001EF801BBABF1300CBCF1090F06D9ABF1CD
:10094000410CBCF1190F19D8ABF1370C63451EDD12
:10095000B5F1FF3FECD08642E6D24FF0FF35E7E736
:10096000FCF7D0FD162303600020BDE8F88F102BA4
:10097000D3D1BBF1300F23D01F46CEE7ABF1610CD2
:10098000BCF1190F03D8ABF1570C6345E0DC6B1CCD
:100990002BD054B9002AE8D085BB1160BDE8F88F90
:1009A000E245C2DA4FF0FF35C2E74042F2E79EF877
:1009B000003003F0DF03582B08D008273B46ACE794
:1009C0009EF8000000F0DF005828D5D110279EF8CF
:1009D00001B03B460EF1020E9FE79EF800B04FF0CB
:1009E000004905F1020E012491E72223C8F80030E6
:1009F00032B10EF1FF3148461160CFE78146F8E78A
:100A00004846B2E709AF0108FFF762BF2DE9F0479A
:100A1000074649480E46354616F801EB10F80EC059
:100A20001CF0080CF7D1BEF12D0F5AD0BEF12B0FE0
:100A300003BF96F800E06446AE1C64464BB9BEF1B5
:100A4000300F5CD00A23DFF8F4804FF0050A994696
:100A50000AE0102B4AD04FF0FF38B8FBF3F803FB45
:100A600008FA6FEA0A0A99460025284605E02CD0C4
:100A700009FB00C0012516F801EBAEF1300CBCF10A
:100A8000090F06D9AEF1410CBCF1190F0BD8AEF12C
:100A9000370C634510DDB5F1FF3FECD04045E6D99A
:100AA0004FF0FF35E7E7AEF1610CBCF1190F03D849
:100AB000AEF1570C6345EEDC6B1C0BD004B1404229
:100AC0000AB165B91160BDE8F087D445D0DD4FF0BB
:100AD000FF35D0E722233B602846002AF3D0711E61
:100AE000F0E796F800E00124AE1CA7E7BEF1300F56
:100AF00011D04FF00F0A6FF070489946B4E7337881
:100B000003F0DF03582B0BD008234FF0070A6FF0D8
:100B100060489946A8E7307800F0DF005828E8D10F
:100B20004FF0100996F801E04FF00F0A02366FF00F
:100B300070484B4698E700BF09AF01089999991989
:100B4000FFF764BF49B1FF2A02D80A70012070473D
:100B50008A2303604FF0FF3070470846704700BF9C
:100B60002DE9F04F85B092465B4A039089461E46B8
:100B70000D46294615F8014B135D13F00803F8D113
:100B80002D2C7DD02B2C41D002934FF0FF326FF0F3
:100B90000043CDE90023002E43D1302C79D00A2721
:100BA000B0463E46DDE900013A46434606F070FE97
:100BB00000238E46834619461846A44610E08E450B
:100BC00008BF83454CD000FB08F307FB0133A0FBB3
:100BD00007010B44201843EBE471012315F801CB06
:100BE000ACF13004092C05D9ACF14104192C1ED804
:100BF000ACF13704A64222DDB3F1FF3FEED08345CE
:100C00007EEB0103DBD24FF0FF33E7E72C78029352
:100C10008D1C6FF000434FF0FF31CDE90013002E23
:100C2000BBD0102E3ED037464FEAE678BAE7ACF19B
:100C30006104192C03D8ACF15704A642DCDC5A1C21
:100C400013D0029A12B1404261EB4101BAF1000F98
:100C500003D0002B38D1CAF8009005B0BDE8F08F62
:100C6000A242B0DA4FF0FF33B8E7039A22231360B1
:100C7000BAF1000F2BD0DDE9000105F1FF39EAE7F9
:100C800000934FF0004001232C78CDE901038D1C27
:100C900081E72B7803F0DF03582B0ED00827B046EE
:100CA0003E467FE7302C03D037464FF0000879E707
:100CB0002B7803F0DF03582BF6D110276C784FF018
:100CC000000802353E466DE7CDE90001D3E7DDE9D6
:100CD000000105B0BDE8F08F09AF0108FFF740BF84
:100CE0002DE9F04F85B08B460192604A03901E4675
:100CF0000D46294615F8014B135D13F00803F8D192
:100D00002D2C7ED02B2C03BF2C7802938D1C0293AC
:100D10006EB9302C00F086804FF00A09B246DFF839
:100D200050814FF0050C4FF099374E4617E0102ECA
:100D30006CD04FEAE67A324653464FF0FF304FF020
:100D4000FF3106F0A5FD32460746884653464FF070
:100D5000FF304FF0FF3106F09BFDB1469446002274
:100D60001046114610E0414508BFB84239D000FB9B
:100D70000AF209FB0121A0FB09021144181841EBFA
:100D8000E371012215F8014BA4F13003092B05D9B9
:100D9000A4F14103192B0CD8A4F137039E4210DDB6
:100DA000541CEFD0874278EB0102DCD24FF0FF32C7
:100DB000E8E7A4F16103192B03D8A4F157039E427D
:100DC000EEDC531C12D0029B13B1404261EB410197
:100DD000019B1BB192B9019BC3F800B005B0BDE8FF
:100DE000F08F6345C3DD4FF0FF32CBE70399222339
:100DF0000B60019B10461146002BEFD005F1FF3B25
:100E0000E9E701232C7802938D1C81E7302C19D05F
:100E10004FF00F0C4FF0FF376FF07048B1464FF0B6
:100E2000000A9CE72B7803F0DF03582B0FD04FF01C
:100E30000809B2464FF0070C4FF0FF376FF06048DB
:100E40004E468CE72B7803F0DF03582BE0D14FF0B0
:100E500010096C784FF00F0C02354FF0FF376FF030
:100E600070484FF0000A4E4679E700BF09AF01080D
:100E700099999919FFF734BF70B582B00446069D61
:100E800055B11048D0F8E46000956AB12046B047EB
:100E9000431C10D002B070BD00F1F4050948D0F831
:100EA000E4600095002AF1D1012311462046064A4C
:100EB000B047431CEED100228A232A60236002B08F
:100EC00070BD00BF80060020DCAC010870B505468F
:100ED00084B05BB11C460F4BD3F8E060234669B188
:100EE0002846B047431C0FD004B070BD094B00F535
:100EF0008274D3F8E06023460029F1D10A462846DF
:100F000001A9B047431CEFD100228A2322602B6045
:100F100004B070BD8006002010B582B0049CCDE9FD
:100F200000344FF0FF3304F05DFC02B010BD00BF91
:100F3000002100F001B800BF10B500F0A5F804468C
:100F400004F062FCA0F11A03DBB2022B06D9A4F173
:100F5000090004288CBF0020012010BD012010BD15
:100F60000229C0F30722C3B223D0032903D082F0A1
:100F7000800283F0800302F15001C9B21F290BD90E
:100F800002F13001C9B2242932D84FF2A641884279
:100F900025D94FF0FF3070474CF6D3718842F8D80E
:100FA000A13BFE20B03A304912FB003231F812006A
:100FB00070479E2B0FD92333DBB280219F2A94BF29
:100FC000703A503201EB4201CAB202F15001C9B28B
:100FD0001F29D5D8E0E77E3BDBB27F21EEE7A13BBE
:100FE000FE20D03A214912FB003231F8120070473E
:100FF000A13A072ACDD8DFE802F031281E18130FD6
:101000000B04C02BC5D81A4AA13B32F81300704715
:10101000F12BBED8174A19E0D82BBAD8164A15E0DA
:10102000F62BB6D803F540507047F32BB1D803F533
:101030003E5020307047114A1A4412F8A12C002A61
:10104000A7D003F57E40603070470D4AA13B32F8CF
:101050001300002808BF4FF0FF307047094AA13B3A
:1010600032F81300704700BF88CA01080CB00108AD
:10107000B4E10108F4E1010898E2010808E301087D
:1010800064E3010820E4010838B50546B9B101F56B
:10109000957412492046FCF773FA28B928460121B5
:1010A000BDE83840FFF75CBF0D492046FCF768FA01
:1010B00038B928460221BDE83840FFF751BF094C36
:1010C000E7E709492046FCF75BFA28B928460321DF
:1010D000BDE83840FFF744BF284638BDBCAC010826
:1010E000C0AC0108AA070020C8AC0108000000003D
:1010F0002DE9F04FDBB00C460A9115460E9383465E
:10110000FCF77CF9036817931846FCF799FC00215B
:10111000169008222AA8FCF75BF8A389190603D5C4
:101120002369002B01F0AE809FED777B00239E4664
:10113000CDE91AEE8DED127BCDE92F3331AB2E9335
:101140001C46CDF860E0CDF864E0CDF820E0CDF8A5
:1011500044E02F463D466E4BD3F8E460FCF748F977
:101160002AAA0346009226A92A465846B0470028D4
:1011700000F09880C0F28E80269A252A034601D07E
:101180001D44E8E7B5EB0708064640F08F800023D2
:101190004FF0FF328DF88F309A46099301352B7846
:1011A000079201359946A9F120035A2B00F2B2802B
:1011B000DFE813F04402B000B0004002B000B0001D
:1011C000B0002302B000B000EE01FD01B000F90153
:1011D0000602B00002025B005B005B005B005B008C
:1011E0005B005B005B005B00B000B000B000B000D3
:1011F000B000B000B0002501B0007C010203250161
:1012000025012501B000B000B000B000FE02B00022
:10121000B0004E02B000B000B000B901B000A402AE
:10122000B000B000C007B000B000B000B000B00027
:10123000B000B000B0002501B0007C0167012501BD
:1012400025012501220367016C00B0003B03B000BB
:101250002C03700345036C00B000B9016A00DD0285
:10126000B000B0003008B0006A00A9F130030022DD
:1012700015F8019B02EB820203EB4202A9F1300355
:10128000092BF5D909928EE72B788AE72B784AF05B
:10129000200A86E7082200212AA8FBF799FF0123EC
:1012A0001D4458E7B5EB0708064612D0DDF8BCE050
:1012B000309B0EF101024344072AC4E900783093C1
:1012C0002F9215DC0834089B43440893002E7FF4CA
:1012D0005EAF309B002B41F06B830A9B9B8903F030
:1012E0004003002B41F0C58708985BB0BDE8F08F44
:1012F0000A992EAA584603F071FC0028EDD131ACB2
:10130000E1E700BFAFF30080000000000000000034
:1013100080060020B9F1000FDBD00023CDE90F33A8
:1013200001228DF804918DF88F300B930C92079366
:10133000159341AF0692309E14961AF0840300F084
:10134000E4809DF88F2002B32F984FF00008013001
:1013500001220136626007280DF18F02CDE92F06C8
:10136000226000F302840834B8F1000F0DD02F98EA
:10137000013024AA0236226007284FF00202CDE98C
:101380002F06626000F3E5830834802B00F0EC82C6
:10139000079B0C9AA3EB0208B8F1000F00F3298316
:1013A0001AF4807F40F089820C9B63601E442F9B5F
:1013B00027600133072B30962F9300F37283083494
:1013C0001AF0040F05D0099B069A9F1A002F00F30C
:1013D000DA83DDE9083206998A42ACBF9B185B18B4
:1013E0000893002E40F03D8300232F930B9B1BB1ED
:1013F0000B99584606F02CFC31AC2F46AAE60E9B02
:10140000073323F00703B3EC027B8DED127B0E93C1
:10141000139B8DED1E7A23F000431F93DDE91E011F
:10142000B34B4FF0FF3206F085F9002840F02886D4
:10143000DDE91E01AE4B4FF0FF3206F05DF90646C6
:10144000002840F01D86DDE91201002200232AF069
:10145000800A06F047F9002841F0F1819DF88F30AD
:10146000B9F1470FCCBFA34FA34F002B41F0E0854C
:101470000322CDE90F330B930C9207931593069239
:1014800059E71AF0200F40F0B3850E9A1AF0100FAA
:1014900052F8046B41F01B871AF0400F0E9201F0D6
:1014A000168146F3C038434636B295E10E9BB9F13A
:1014B000430F03F1040603D01AF0100F00F0BB86AF
:1014C000082200212CA8FBF783FE0E9B41AF1A686F
:1014D00039462CAB5846FFF7F9FC034601330C9014
:1014E00001F0C2860C9B23EAE37306930023CDE947
:1014F0000F330E968DF88F30309E0B930793159314
:101500001AF0840314967FF41CAF099A0698A2EB94
:101510000008B8F1000F00F314849DF88F20002A12
:101520003FF436AF10E7DDF8388058F8047B00232D
:101530008DF88F30002F00F09486B9F1530F01F031
:1015400013801AF010030F9341F00E80079B002BBD
:10155000C1F21C821A460F993846FCF781F99DF8B2
:101560008F300B90002801F0CC850B9AD21B0C9287
:1015700022EAE27206920BB1013206920F9BCDF87D
:1015800038800793159310930B934FF07309D2E6AD
:101590000E9B53F8042B0992002A80F21385099AB6
:1015A0000E93524209922B784AF0040AF9E52B2354
:1015B0008DF88F302B78F4E52B784AF0800AF0E52F
:1015C000294611F8019BB9F12A0F01F04286A9F1D1
:1015D0003003092B98BF002201F20E8411F8019B01
:1015E00002EB820203EB4202A9F13003092BF5D989
:1015F00042EAE27307930D46D5E55846FBF7FEFE37
:10160000436819931846FCF71BFA1B900646584688
:10161000FBF7F4FE82682B781A92002E3FF4C1ADDE
:10162000002A3FF4BEAD1278002A3FF4BAAD4AF466
:10163000806AB6E52B784AF0010AB2E59DF88F2062
:101640002B78002A7FF4ADAD20228DF88F20A8E5FD
:101650001AF0200F4AF0100000F0BC840E9B0733F4
:1016600023F007031A46596852F8083B0E920022ED
:101670008DF88F20079A002A18DB53EA010220F424
:10168000906A15D1079A9AB910F001031A46069389
:1016900000F00B8730238DF86731079B0C92CDE962
:1016A0000F3315930B930DF2671744E620F4806A0D
:1016B0005AAF03F00702DB0843EA4173C90830322E
:1016C00053EA0106384607F8012DF2D11AF001035A
:1016D0000F9340F01E83079915935AAAD21B91428B
:1016E000B8BF11460C92069110930B9323E600BFEE
:1016F000FFFFEF7F40AB01083CAB01081AF0200F61
:101700004AF0100138D10E9B1A1D0E9B07981B68DA
:101710004FF0000840458DF88F801E46C0F27C8552
:1017200021F0800A002B00F08B840E920A2E78F1B3
:10173000000380F0B28306F13003DBB2079A8DF824
:101740006731012AB8BF012206929DF88F3001222D
:101750000C920DF26717002B01F07585069B013383
:1017600006930023CDE90F330B931593E3E51AF0AD
:10177000200F00F04E8451460E9B073323F00703E1
:101780001A46D3F8048052F8086B0E9200238DF8A5
:101790008F30079B002BC0F2408556EA080321F0EA
:1017A000800AC3D1079B002B00F04F840026C2E7BC
:1017B0002B784AF0080AF4E41AF0200F4AF01003DC
:1017C00000F019840E9A073222F007029A465368F5
:1017D00052F8086B0E929846002BC0F24D83079A80
:1017E000002AA3DB56EA08032AF0800A9ED1002AC9
:1017F00001F055803023A1E72B78682B03BF6B786D
:101800004AF4007A01354AF0400ACAE40E9A1AF006
:10181000200F02F1040300F021841268089911607E
:10182000C91751600E932F4694E42B786C2B03BF9D
:101830006B784AF0200A01354AF0100AB1E40E9A9A
:10184000079F52F8040B002147F630038F42ADF892
:1018500090308DF88F100346C0F2E2842AF08006A3
:1018600046F0020A002840F0DD84002F01F01E80BF
:101870000E92302301220697CDE90B0210908DF8CD
:1018800067310DF2671715904FF078090F90844675
:1018900000F0A5BC1AF0200F40F0B8830E9A1AF0A1
:1018A000100152F8043B41F00F851AF0400000F09F
:1018B000EF869BB20E925046D9E6B9F1650F40F320
:1018C000FA80DDE912010022002305F001FF002863
:1018D00000F09D812F9BB24A226001330136012224
:1018E000072B30962F93626000F332860834259BD5
:1018F000119A934280F26183169B179A1E44C4E9A1
:1019000000232F9B30960133072B2F9300F39D84E8
:101910000834119B5F1E002F7FF752AD102F2F9BB5
:1019200041F31C849F49DDF82890149132464FF012
:1019300010080E4604E00834103F102F40F3A68034
:1019400001331032072BC4E90068CDE92F32F2DDF4
:101950002EAA4946584603F041F9002840F08980F4
:10196000DDE92F3231ACE7E7099B069AA3EB0208C9
:10197000B8F1000F7FF70CAD8A4B2F9A1493B8F192
:10198000100F29DD21463046864C2E4610230A9D35
:1019900006E0A8F11008B8F1100F01F1080118DDF8
:1019A00001321030072AC1E90043CDE92F20F0DDD4
:1019B0002EAA2946584603F011F9002859D1A8F15A
:1019C0001008B8F1100FDDE92F2031A94FF01003F6
:1019D000E6DC35460C4606460132149B236046443D
:1019E000072ACDE92F26C4F8048000F304860834C2
:1019F000CEE46C4B2F9A1493B8F1100F24DD2146DE
:101A000010230A9C06E0A8F11008B8F1100F01F1AC
:101A1000080118DD013263481036072AC1E90003C6
:101A2000CDE92F26EFDD2EAA2146584603F0D6F841
:101A3000F8B9A8F11008B8F1100FDDE92F2631A987
:101A40004FF01003E6DC0C460132149B2360464441
:101A5000072ACDE92F26C4F8048000F30182083458
:101A60009EE40A992EAA584603F0B8F800283FF4DD
:101A7000BBAC0B9B002B3FF430AC0B99584606F0E7
:101A8000E7F80A9B9B8903F040032AE416460133DA
:101A9000149A22603E44072B6760CDE92F367FF70A
:101AA0008EAC0A992EAA584603F098F80028E0D187
:101AB000309E31AC84E42F9B03F10108119B012B74
:101AC00006F1010604F1080940F385810123B8F10C
:101AD000070FCDE92F862760636000F35482169BC1
:101AE000179A08F101081E44B8F1070FC9E900234D
:101AF000CDE92F8600F3548209F10809119BDDE935
:101B000012015C1E0022002305F0E2FD002840F0D7
:101B10007C8108F1010801372644B8F1070FCDE9AF
:101B20002F86C9F80070C9F8044000F3618109F1FB
:101B30000809189AC9F8042008F101031644072B74
:101B400028AACDE92F36C9F80020AADC09F108043B
:101B500036E40A9914932EAA584603F03FF8002859
:101B600087D1309E149B31AC0FE40A9914932EAAAE
:101B7000584603F033F800287FF47BAF309E149B67
:101B800031ACFFF7F1BB084A2F9B1492102F29DDCF
:101B9000AA46DDF828904FF0100815460BE000BF6C
:101BA0007CAB0108DCE40108ECE40108103F102FD5
:101BB00004F1080415DD01331036072BC4E9005881
:101BC000CDE92F36F2DD2EAA4946584603F006F835
:101BD00000287FF44EAF103F102FDDE92F3631ACD7
:101BE000E9DC55460133149A3E44072BC4E900272B
:101BF000CDE92F367FF7EDAB0A992EAA584602F0B1
:101C0000EDFF00287FF435AF309EFFF7E2BB25994A
:101C1000002940F353840F9B119A9342A8BF1346A7
:101C2000002B99460ADD1E44C4E900732F9B3096B1
:101C30000133072B2F9301F3868008340F9BB9F1F2
:101C4000000FA8BFA3EB0903002B984600F32983DC
:101C50000F9B1AF4806F3B4440F04C83259A1199F6
:101C60008A4203DB1AF0010F00F02D8616991798AF
:101C70000E44C4E900012F993096013107292F91B4
:101C800001F36D800834119907EB0108A8EB0308F4
:101C90008F1AB845A8BFB846B8F1000F0BDD236016
:101CA0002F9BC4F8048001334644072B30962F93B2
:101CB00001F3A7800834B8F1000FA8BFA7EB08070D
:101CC000002F7FF77DAB102F2F9B41F34782C54933
:101CD000DDF82890149132464FF010080E4604E0CB
:101CE0000834103F102F7FF7D1AE01331032072B8D
:101CF000C4E90068CDE92F32F2DD2EAA49465846E4
:101D000002F06CFF00287FF4B4AEDDE92F3231AC75
:101D1000E7E7302A00F052843023079907F8013CA6
:101D200002385AAB1B1A99424FF00002B8BF19464D
:101D3000CDE90F220B920C93074606911592FFF7FF
:101D4000FABADDF8BCE0A84814991490B8F1100F65
:101D5000724628DD20952046A34D0A9C219310262B
:101D600006E0A8F11008B8F1100F00F1080017DD27
:101D700001321031072AC0E90056CDE92F21F0DDEC
:101D80002EAA2146584602F029FF00287FF471AEA2
:101D9000A8F11008B8F1100FDDE92F2131A8E7DC18
:101DA000209D219B044614982060501C08EB0106DE
:101DB0000728CDE92F06C4F8048000F3A4839DF81A
:101DC0008F200834002A40F00181002B3FF4E0AA64
:101DD0001346FFF7CDBA1AF0010F7FF477AE012357
:101DE000B8F1070FCDE92F86276063607FF7A1AEBA
:101DF0000A992EAA584602F0F1FE00287FF439AE67
:101E0000DDE92F860DF1C40993E6119B012B7FF7C5
:101E100090AE112B41F30E82724914913246434623
:101E20001027DDF828800E4605E009F10809103C6E
:101E3000102C40F31B8401331032072BC9E90067D3
:101E4000CDE92F32F1DD2EAA4146584602F0C6FEFA
:101E500000287FF40EAEDDE92F320DF1C409E6E76C
:101E60000A992EAA584602F0B9FE00287FF401AE66
:101E7000309E31ACFFF794BA2D238DF88F30079B3D
:101E8000764268EB4808002BFFF650AC0A2E78F13A
:101E900000032AF0800AFFF44EAC0AF480630022AB
:101EA000CDE90B495AA9DDF86890069594461C4681
:101EB00026E016EB08034D4843F10003A0FB032086
:101EC00020F0030202EB90029B1AF31A47484FF0EE
:101ED000CC32B646454602FB03F268F1000800FB2F
:101EE0000822A3FB0063BEF10A0F13444FEA560613
:101EF00075F10005394646EAC3764FEA53082DD3FB
:101F00003A4D16EB080343F10003A5FB032020F034
:101F1000030202EB90029B1AF31AA3FB053268F14D
:101F200000005B0805FB002243EAC27303EB830356
:101F3000A6EB430330330CF1010C01F8013C4F1EBA
:101F4000002CB6D099F800306345B2D1BCF1FF0F38
:101F5000AFD00A2E78F1000380F0D2835AAB0799F4
:101F6000069DCDF86890DB1B1A469142B8BF11461A
:101F7000DDF830900B9C0C93CDF844C09DF88F3069
:101F80000691FFF7E8BB0A992EAA584602F026FEF2
:101F900000287FF46EADDDE92F860DF1C4099EE5C2
:101FA0000A992EAA584602F019FE00287FF461AD66
:101FB000DDE92F860DF1C409A0E51AF0010F3FF409
:101FC000FFA999E40E932B78FFF7EBB8984600230E
:101FD000FFF7BDB90E9B1A1D0E9B0E921B680021C8
:101FE000FFF745BBDCE40108ECE40108CDCCCCCC28
:101FF0005346FFF7E7BB0E9A04320E990E920E6815
:102000004FEAE6789A464346FFF7E6BB5046FFF7AD
:1020100025BB0E9A1AF0100852F8043B41F051818A
:102020001AF0400100F03D839EB2079B8DF88F802F
:10203000002BFFF67AAB2AF0800A002E7FF475ABF6
:10204000079B0E92002B7FF4B1ABCDE90F330C93BD
:10205000159306930B935AAFFFF76DB91AF0100F53
:1020600040F0D5821AF0400F40F08A841AF4007FC5
:1020700000F0CD820E9A089912681170FFF7D2BB5A
:10208000DDE9120102460B4605F054FB0646002826
:1020900040F0B787B9F1610F00F04685B9F1410F03
:1020A00000F0C686079B013300F0AA84B9F1670FE0
:1020B000139B4AF4807800F06687B9F1470F00F06F
:1020C00062870B90DDE91212002AC0F27B879DED3A
:1020D000127B8DED1C7B00231493A9F14103252B6A
:1020E00000F20884DFE813F016070604060406046D
:1020F0009304000506040604060406040604060408
:10210000060406040604060406040604060406047F
:10211000060406040604060406040604060406046F
:10212000060406040604060416070604060406044C
:1021300093040005B64E1AF0200100F092810E9B28
:10214000073323F007031A46596852F8083B0E92EA
:102150001AF0010200F0648153EA010200F0E88104
:1021600030228DF8902000228DF88F20079A8DF86C
:102170009190002AC0F28F812AF4906242F0020A04
:1021800003F00F020AF00200B25C8DF867211B0910
:1021900043EA01730A0953EA11110DF267170BD0D4
:1021A00003F00F011B09715C07F8011D43EA02737C
:1021B000120953EA0201F3D1079A5AAB4FF0000C0F
:1021C000DB1B9A42CDE90FCCB8BF1A460C9306929E
:1021D000CDF82CC0CDF854C000283FF4ACA8069B25
:1021E000DDE92F06023306931AF08403149686461F
:1021F00006D10999069AA1EB0208B8F1000F07DC95
:10220000BCF1000F3FF4B4A84FF00208FFF79FB8ED
:10221000022398E57F4E8EE70E928A46FFF786BA34
:102220004AF0020A0E927B4E03F00F020220B25CCB
:102230004FF07809A9E70E9B1B688DF80431012344
:1022400006930C9341AFFFF751B90A992EAA58464D
:1022500002F0C4FC00287FF40CAC309E31ACFFF7D8
:1022600058BB079BCDF83880062B3A4628BF06237B
:10227000CDE90B730797CDE90F22674F06931592AF
:10228000FFF759B84021584605F0DEFC0A9B18605C
:102290001861002801F006800A9A40235361FEF776
:1022A00043BFB8F1100F2F9B40F3C0875B481490D9
:1022B000224631460A9C4FF01009064606E00832D5
:1022C000A8F11008B8F1100F40F3A98201331031C2
:1022D000072BC2E90069CDE92F31F0DD2EAA214696
:1022E000584602F07BFC00287FF4C3ABDDE92F31B8
:1022F00031AAE5E7119ADDF85480CDF850A0BA185C
:10230000079222461C46109BDDF86890DDF828A055
:102310000F95002B314615971B9E31DDB8F1000F4C
:1023200040F3108108F1FF382F98199B0130314498
:102330000728C2E9003630912F9000F3A1800832BF
:10234000079B99F800001F1B8742A8BF0746002F74
:102350000CDD2F98013039440728C2E9004730913D
:102360002F9000F33B8199F800000832002FACBF9A
:10237000C51B0546002D15DC0444109B002BCDDC4D
:10238000B8F1000FCEDC2346159F0F9DDDF850A05D
:10239000CDF868901446119ABA1893420E4628BF99
:1023A00013465BE4102D2F981C4B23DD0C94102753
:1023B0002C461D4604E0103C102C02F1080216DDEC
:1023C0000130164B10310728C2E90037CDE92F0143
:1023D000F1DD2EAA5146584602F000FC00287FF499
:1023E00048AB103C102CDDE92F0131AAE8DC2B466C
:1023F00025460C9C1360013029440728CDE92F01A4
:10240000556000F3838399F8000008320444B4E770
:1024100060AB01084CAB010874AB0108DCE40108B7
:102420008DF88F20079A002A37DB53EA01022AF43D
:10243000906A7FF4A5AE079A002A00F0EE80012A88
:1024400033788DF86731B8BF01220023069201224C
:10245000CDE90F330B930C9215930DF26717FEF72E
:102460006ABF0E9A52F8043B0E921AF010027FF4E3
:102470006FAE1AF0400000F035819BB2114667E65E
:102480002EAA5146584602F0A9FB00287FF4F1AA73
:10249000309931AA54E74AF0020A03F00F020AF019
:1024A0000200B25C2AF4806A6FE6079B0C93CDE9C8
:1024B0000F3315930B935AAFFEF73DBF2F9BB54AD1
:1024C0002260013301360122072B30962F93626080
:1024D00000F3C9810834002940F0A980119A0AF05C
:1024E000010313433EF46CAF169B179A1E44C4E9D4
:1024F00000232F9B30960133072B2F9300F3738219
:1025000004F10802A4E00A9914932EAA584602F096
:1025100065FB00287FF4ADAA9DF88F20309E149BA8
:10252000002A7CD0984631AC03462F98FEF70FBFA7
:10253000079B002083428DF88F00C0F2D9802AF4D7
:10254000906A78E7109B013B09F1FF391093EBE6A5
:102550000A992EAA584602F041FB00287FF489AA66
:10256000309E31ACFFF7C3B9082200212CA8279771
:10257000FAF72EFE079B002BC0F21081002606956D
:10258000CDF82C80354698460EE041A95846FEF716
:102590009DFC411C284400F02285404509DC06F1E1
:1025A000040600F027850546279A92592CAB002A8D
:1025B000EBD10C95DDF82C80069DFDE007995AAA19
:1025C000D21B91424FF00003B8BF1146CDE90F3343
:1025D0000B930C9206911593FEF7ADBE2EAA5146B1
:1025E000584602F0FBFA00287FF443AA99F800004D
:1025F000309931AABAE60A992EAA584602F0EEFAA4
:1026000000287FF436AA309E31ACFEF7C1BE0E9A88
:10261000089912681160FFF705B9079B15E5002BB3
:1026200000F05B812F98134631ACFEF7A1BE169BDC
:10263000179A1E44C4E900232F9B30960133072BC1
:102640002F9300F3D08104F108020029C0F22A84FC
:102650001199176001330E44072BCDE92F365160D5
:102660003FF71FAA02F10804FEF7AABE16469846D5
:1026700008F10108149BC9F800302644B8F1070F8F
:10268000CDE92F86C9F804407FF751AAFFF7B0BB08
:102690001AF400711CBF0146DBB20E925046FEF7E1
:1026A000E6BF1AF4007840F01B8107998DF88F80FF
:1026B00000291E46FFF639A82AF0800A002B7FF475
:1026C00034A80B460E9200297FF470A8BDE41AF4DA
:1026D000007F16BF46F3C0184FEAE67876B243464D
:1026E000FFF77AB81AF400711CBFDBB201462FE580
:1026F00033788DF867312AF4806A0DF267175BE54D
:102700001B9A1999BF1A3846FAF7ECFD99F801306F
:102710000BB109F10109204A16EB080343F100034C
:10272000A2FB030525F0030000EB95001B1AF31A2A
:102730004FF0CC3168F1000803FB01F102FB0811F6
:10274000A3FB023001445B0843EAC1764FEA51081B
:1027500016EB080343F10003A2FB031020F0030172
:1027600001EB90015B1AF31AA3FB023168F1000040
:102770005B0802FB001243EAC27303EB8303A6EB80
:102780004303303307F8013C4FF0010C013FFFF7E2
:10279000D9BB00BF7CAB0108CDCCCCCC2CAB00931B
:1027A0000023194627AA5846FEF7B6FB0346013315
:1027B0000C9000F0148427970C9B002B5FD0632BA8
:1027C00040F30181591C584605F03EFA074600289F
:1027D00000F05D850B90082200212CA8FAF7F8FC88
:1027E0000C9E2CAB009327AA334639465846FEF779
:1027F00093FB864240F045850C9A0023BB5422EAA5
:10280000E27206929DF88F20002A40F07083CDE995
:102810000F220792CDF838801592FEF78CBD144632
:102820000E460133149A22604644072BCDE92F3619
:10283000C4F8048000F3CB800834FFF709BA2D23D5
:10284000B9F1470F8DF88F300B963346079600F39A
:10285000AB800322AB4F0C92CDE90F3315930423C9
:102860000693FEF768BD0A992EAA584602F0B6F9FB
:1028700000287FF4FEA82599309E31AC2BE69DF808
:102880008F30CDF83880003B18BF012306930C9B96
:102890000793CDE90F3315930B93FEF74CBD9DF8CD
:1028A0008F3006920C925AAFFEF755BF079B0E92DF
:1028B000109315930C930F9306935AAF0B934FF00D
:1028C00078099C468BE407EB0108A8EB03088F1AF4
:1028D000B845A8BFB846FFF7EEB931ACFEF758BD12
:1028E000DEB2079B8DF88F10002B8846BFF6A3AB96
:1028F000FEF71BBF079B01932CAB049327AB0393FD
:1029000025AB0293022300935846DDE91C23FBF715
:10291000D3F907461AF0010F40F0B4822C9BDA1B62
:10292000259B1192D81C0F93C0F2288207999942D7
:10293000C0F2B7819A4200F3AA820F9B0C931AF45B
:10294000806F03D00F9B002B00F39E830C9B23EA28
:10295000E373C24606934FF0670900231593109363
:10296000149B0AF00200002B00F0C2804FF02D0CE7
:102970008DF88FC0069B01330693002307932BE449
:102980000E9A089912681180FEF74CBF3846FBF783
:1029900057F89DF88F300C9020EAE0720692002BD9
:1029A0003EF4ECADFEF7E8BD0322574F0C9253E71F
:1029B0000A9C2EAA2146584602F010F9A38903F07A
:1029C0004003FEF78EBC00230B9341AF03E70A9947
:1029D0002EAA584602F002F900287FF44AA8309E39
:1029E00031ACFFF735B90A992EAA584602F0F6F82D
:1029F00000287FF43EA8DDE92F36259931AA24E688
:102A000006230B9007934AF48078FFF75BBB079B84
:102A100001331193022300932CAB049327AB119E37
:102A2000039325AB019602935846DDE91C23FBF77F
:102A300043F929F02003462B07460693064400F08D
:102A40004F81DDE91C010022002304F041FE002833
:102A500040F00B832C9B9E4240F205834522069258
:102A600030215A1C2C9219702C9BB342F9D3DB1BDA
:102A70001193259B0F93069B472B00F00B81069B20
:102A8000462B00F046810F9B8DF8A090013B002B58
:102A90002593C0F27A812B22092B8DF8A12000F317
:102AA0007D8130228DF8A2200DF1A302303302F88F
:102AB000013B28ABD31A1893119B189A012B1A4487
:102AC0000C9240F387820C9B169A13440C930C9A39
:102AD0002AF4806343F4807A22EAE2720023CDE98B
:102AE0000F33159306923BE7079B1193032392E75D
:102AF0009DF88FC0BCF1000F7FF43CAF149B07938F
:102B0000FFF76ABB3CAB010840AB01082EAA514657
:102B1000584602F063F800287EF4ABAF99F8000045
:102B2000309931AA044428E447F63003ADF89030D8
:102B3000079B632B4AF0020A00F30882DDE91212B8
:102B4000002AC0F2DF8125AADDE91201FAF7E8FFC9
:102B500000224FF07F5304F053FB02460B46CDE9B1
:102B60000C230023002204F0B3FD0346002800F0EC
:102B7000DF8201231496259341AF0B96A84B069351
:102B8000079B0F94591ECDE9109A0795069EDDE923
:102B90000C45B8468A4609E0002200230AF1FF39B5
:102BA00004F096FD002840F04982CA469D4B002261
:102BB0002046294604F024FB0D46044604F0D0FDCF
:102BC000814604F0B3FA02460B462046294604F03B
:102BD0005FF916F80930BAF1FF3F4246044608F89B
:102BE000013B0D46D8D116468F4BDDF844A000229C
:102BF000CDE90C45079D0F9CCDF81C90DDF8409069
:102C000004F08EFD48B9DDE90C01874B002204F089
:102C10005FFDE0B1079BDB0719D5069B2C96D97B9E
:102C200018F8012C9142434609D1302003F8010CD9
:102C30002C9B5A1E2C9213F8012C8A42F6D0392A6A
:102C40000BBF069A0132927AD2B203F8012C259A70
:102C5000A8EB07031193B9F1610F02F1FF3325933C
:102C600000F0B58250214FF04109002B8DF8A010E3
:102C7000C0F28B822B22092B8DF8A12000F38E80CD
:102C80000DF1A20212E7259B0F93F31B1193069BF4
:102C9000472B3ED10F9B033370DB079B0F9A934268
:102CA00010DA0F9B013BA9F10209002B8DF8A090CF
:102CB0002593BFF6F0AE0F9B2D22C3F101038DF8D3
:102CC000A120EEE6119B0F9A934200F3E0801AF0E8
:102CD000010F0F9B00F02382169A13440C932EE6EB
:102CE0003B78302B00F0C481259B1E44DDE91C019C
:102CF0000022002304F0ECFC0028C4D12C9B9E424F
:102D00003FF6AEAEDB1B1193259B0F93069B472B23
:102D1000C0D00F99079A0AF00103002943EA020381
:102D200040F36082002B40F0D8810F9B0C934FF052
:102D300066091AF4806F40F0A9810C9B23EAE373C3
:102D4000C246069309E60A992EAA584601F046FFA4
:102D500000287EF48EAE309E31ACFEF76FBF0A992C
:102D600007932EAA584601F039FF00287EF481AE61
:102D7000259A309E079B31ACFEF785BF0F9BA9F1CA
:102D80000209013B8DF8A09025930F9BC3F101032D
:102D90002D22092B8DF8A1207FF783AE0DF1B70608
:102DA000DFF888C032461046ACFB0312D20802EBB3
:102DB0008201A3EB4101303100F8011C194663295F
:102DC000134600F1FF32EEDC303302F8013C831E83
:102DD000B34280F01D820DF1A10213F8011B02F82D
:102DE000011FB342F9D103F5B4736B44C43B1B1A02
:102DF00028AA9B1A18935FE600230D460793FEF757
:102E0000D2B90A992EAA584601F0E8FE00287EF4AD
:102E100030AE259F119B309EDF1B31ACFEF74BBFC0
:102E20004CAB0108000030400000E03FCDCCCCCCE2
:102E300045F63003ADF89030079B632B4AF0020A49
:102E400000F38480DDE91212002A5BDB25AADDE9AC
:102E50001201FAF765FE00224FF07F5304F0D0F91B
:102E600002460B46CDE90C230022002304F030FC7F
:102E700008B1012325930023AA4A149306920B93C9
:102E800041AF7DE6079BFE18472306932EE7119B73
:102E9000169A9A180F9B0C92002B40F327814FF043
:102EA000670946E7C1F10008103180F2E7819E48CA
:102EB000149031461024064605E00832A8F11008A7
:102EC000B8F1100F50DD01331031072BC2E9006457
:102ED000CDE92F31F1DD0A992EAA584601F07EFE88
:102EE00000287EF4C6ADDDE92F3131AAE6E7069A67
:102EF00007930132CDE90F330692CDF83880159350
:102F0000FEF719BA02F100431D932D231C910B9675
:102F100041AF149325AADDE91C01FAF701FE002256
:102F20004FF07F5304F06CF902460B46CDE90C23B9
:102F30000022002304F0CCFB08B101232593B9F152
:102F4000610F3FF41BAE774B069319E6079B58467B
:102F5000591C04F079FE0746002800F085810B908B
:102F60004AF48078FFF7AEB80E4601331499116029
:102F70004644072BCDE92F36C2F8048000F30F81B9
:102F80000832FFF765BB079A002A00F01581002B75
:102F9000C0F21F819DED127B8DED1C7B1496079B6B
:102FA00001932CAB049327AB039325AB029302232D
:102FB00000935846DDE91C23FAF77EFE00230746FE
:102FC0000B93A7E402F100431D932D231C9114934E
:102FD000FFF783B81AF0010F3FF479AD73E50A9B50
:102FE000B3F90C3000220B9243F040030A9A93810C
:102FF000FEF73FBD079B069DDDF82C800C93FFF785
:10300000DBBB139B13F000432AF0800A0F9300F000
:10301000A9802D238DF88F30B9F1470F4FF00003B1
:103020000B93079340F30A810322404F0C9213E461
:1030300000230322CDE90B3207930DE4514600290A
:10304000DDE9109A079D0F9CFFF601AE4A1C424431
:103050004346302003F8010B9342FBD108EB0103F8
:1030600003F10108F3E5DB1B1193259B0F930AE5A0
:10307000DDE91C010022002304F02AFB002868D0AF
:10308000259B0F931E4400E64FF067091A990B78B1
:10309000FF2B00F0038100260F9A304603E0013039
:1030A0000131FF2B08D0934206DAD21A4B78002B5D
:1030B000F5D10B780136F4E7CDE90F201A9115967A
:1030C000109A159B1B9913440C9A01FB03230C9334
:1030D00023EAE373C246069342E413460B4499463F
:1030E000169B4B440C934FF0660922E6C3F1010393
:1030F0001A4422EAE273C2460C9206934FF0670923
:103100002BE4CDF83880CBB1079B0C935A1C069268
:103110000790159010904FF07309FEF70CB90C93BF
:103120000DE400BF60AB0108DCE4010848AB010816
:10313000684A149306920B9341AF21E5079B0C93C9
:1031400006930B9B1593109307934FF07309FEF7AB
:10315000F2B8119BC3F101032593C6E55E4A1492B0
:10316000FEF795BC9DF88F30B9F1470FCCBF5B4F90
:103170005B4F002B40F09A80032207930C9215932B
:1031800010930B930692FEF7D6B8C2F10103092BF8
:103190004FF02D028DF8A1203FF700AE70E50A999F
:1031A0002EAA584601F01AFD00287EF462ACDDE933
:1031B0002F3631AAFFF74CBA002B2CDB9DED127B8A
:1031C000079B149301238DED1C7B0793E7E6702189
:1031D0004BE5DDE9121202F100431D932D231C91F2
:1031E0001493DCE6C24633B9012306934FF0660917
:1031F0000C93FFF7B2BB169B03F10109079B4B44ED
:103200000C9323EAE37306934FF06609FFF7A5BB1F
:103210000223189350E4DDE9121202F100431D93DA
:103220002D23149301231C910793B8E62A4A149284
:10323000FFF7F7BA284B1493FFF71ABA0322284F67
:103240000C92FFF709BBCDE90F330B931593FEF7F3
:1032500072B80E9A6B780D4652F8041B0E9241EA32
:10326000E1710791FDF79DBF0A9A938943F04003EE
:1032700093814FF0FF330893FEF736B81649149147
:1032800073E60A9BB3F90C3043F04003AEE60A9BA9
:103290000B90B3F90C3043F04003A7E600231593DD
:1032A00010930DE70C23CBF80030E2E700230793DF
:1032B000159310930B9303230C9304230693FEF7AB
:1032C0003AB85146FEF721BA5046FEF785BE53463E
:1032D000FEF793BE4CAB0108DCE4010848AB0108E3
:1032E00044AB01082DE9F04FADF5377D8B46B1F9C0
:1032F0000C10DBF8644002AF8D04F8641646FB62E4
:1033000000F1148141F4005124F40054ABF80C1086
:10331000CBF864400822002107F15800F9F758FF64
:103320004FF0000EC7F838E0C7F824E0C7F844E0D3
:10333000F246C7F83CE0C7F828E09A4BD3F8E440DF
:10334000FAF756F807F15802009203463246F86C35
:1033500007F15401A0470028C0F2C4807B6D0644E9
:103360000146002B00F0CA80012800F0D080252BF8
:1033700058D00028E1D0A6EB0108DBF804301A464B
:103380004044002A00F1FF3408F1FF3517DDDBF877
:1033900000306A781878904203F1010305F10101C9
:1033A00040F0AC80DBF80420CBF80030013A8C42CE
:1033B000CBF8042000F0B580002A0D46E7DCF86C5D
:1033C000594602F0A9FA0028E1D0FB6B23B1BBF803
:1033D0000C305A0640F19280BB6B002B00F0A980A4
:1033E000BB6BDE8818687EB10024051FA0468146AD
:1033F00055F8043F1868F4F7E9FB01342B68B44230
:10340000C3F80080F4D148464FF0FF33FB6308B1A6
:10341000F4F7DCFBF86B07F53577BD46BDE8F08FB8
:103420000120014600243578A146A5F12503721C30
:10343000552B63D8DFE813F084036200620062005A
:1034400062007C0362006200620062006200AB0006
:10345000AB00AB00AB00AB00AB00AB00AB00AB0014
:10346000AB00620062006200620062006200620003
:10347000BA0062007E026202BA00BA00BA006200BC
:1034800062006200620086006200620070026200F8
:103490006200620074016200620062006200F20079
:1034A00062006200840162006200620062006200E9
:1034B000BA00620030033401BA00BA00BA006301F6
:1034C0004801860062001F035601FF0011011E0122
:1034D000620062002C0181006E0162006200F20055
:1034E000620081004FF6FD730822002107F15800A9
:1034F0007B65F9F76DFE7B6D013643B9BB6B002B25
:1035000088D0BB6B1868FB6B013380D168E7264A13
:10351000D25C11071DD4252B82D006F1FF38012083
:103520002BE702355544A5EB080A06E7A0047FF512
:10353000F1AE4FF0FF33FB636CE72507DED1757802
:10354000164672E72307D9D1757844F0020416466F
:103550006BE7DBF80420FC6C10E0DBF8003012496C
:103560001A788A5C120703F101037FF5E6AEDBF8F7
:103570000420013ACBE900320AF1010A002AECDC0E
:103580005946204602F0C8F90028E6D0D5E614F0E6
:103590008F0FB3D109EB890905EB4909A9F130096E
:1035A000CDE700BF8006002009AF0108DBF804303A
:1035B0007A63002B4FF004067EDDDBF800105D4DD2
:1035C0000B78EB5C180721D5D7F84C800A4605E04C
:1035D000CBF800201378EB5C190717D5DBF8043023
:1035E000013B002B0AF1010ACBF8043002F1010281
:1035F000EEDC5946404602F08FF900287FF4E5AE34
:10360000DBF800201378EB5C1907E7D4033E012EAA
:1036100001F2BA80DFE816F0B0026603DBF804308E
:103620007A63002B44F400742BDD434BBB62102300
:103630007B640326C1E7E1067A6300F11A82FA6A25
:1036400052F8043BFA62220700F1C987660741F18C
:103650007D807E6BA3F800A06FE6DBF804307A6310
:10366000002B354BBB624FF008037B644FF0030621
:10367000A3DC21E0DBF804307A63002B44F4087407
:10368000D3DCF86C594602F047F90028CDD09CE60F
:10369000DBF804307A63002B4FF002068DDC0BE080
:1036A000DBF804307A63002B244BBB624FF00A0333
:1036B0007B644FF0030680DCF86C594602F02CF96D
:1036C00000283FF47AAF80E6DBF804307A63002B01
:1036D0001A4BBB624FF000037B644FF003063FF7C9
:1036E0006CAFE9E714F08F037FF408AFBD6B002DDA
:1036F00000F0B287757844F08004164695E62507F9
:103700007FF4FCAE7578682D00F03F8744F0040428
:1037100016468AE6DBF804307A63002B064BC4E7D2
:10372000DBF804307A63002B40F3E98744F00104AE
:10373000022642E709AF0108410B0108090A010806
:10374000114607F17000F9F707F8DBF80430002B99
:10375000064640F3CB87B9F1000F08BF4FF0FF39A1
:1037600004F0100314F001053B6400F05485002BB5
:1037700040F09A86FB6A200653F8042B7A63FB62BA
:1037800040F18887002A3FF4B9AE8020F4F716FA9A
:103790008046002801F026807B6B1860BB6BDC88BC
:1037A0009D88AC4280F08C8618687B6B40F8243092
:1037B000BB6BC7F830800134DC8020233B627D6A1C
:1037C000C7F848A00024FE61F9F712FEA0423FF4BA
:1037D000FCADDBE9003207F5B87013F8011B0155A9
:1037E000013A032DCBE9003204F1010407F1600A2C
:1037F00003D1DAF80030042B04D00822002150460F
:10380000F9F7E6FCCDF800A04146F86C234607F531
:10381000B872FDF731FB411C05463FF4D6AD0028D8
:1038200040F0A181C8F8000006460822002107F1F7
:103830006800F9F7CDFC954BF86C324607F1500162
:10384000D3F8E06007F16803B04701280CBF97F890
:103850005060002607F170039B5D002B00F0588735
:10386000BB6C032D2344BB6418D03B6C09F1FF39BA
:103870005BB97B6B08F104083BB13B6BA8EB03041D
:103880003B6AB3EBA40F40F2B584DBF80430002BA5
:103890000FDDB9F1000F12D0002495E7DAF80030FF
:1038A000042BE2D13B6C002BE3D0DBF80430002B7F
:1038B000F2DCF86C594602F02FF80028E9D0D7F86E
:1038C00048A0FE697D623B6C002B7FF436ADC8F8E2
:1038D00000307B6B73B13B6B3A6AA8EB03018B1032
:1038E00001339A4206D97C6B04312068FBF75AFFFA
:1038F00000B12060FB6B0133FB631EE5DBF8043095
:103900007A63002B44F0010440F3E786604BBB620E
:103910000A237B64032650E6DBF804307A63002B2D
:1039200044F0010440F3C7865A4BBB6208237B6412
:10393000032642E6DBF804307A63002B44F04104AE
:1039400040F3B0864D46012D38BF012514F0100913
:1039500040F06185FB6A53F8042BFB6223063A644E
:1039600040F18F86002A3FF4C9AD8020F4F726F994
:103970000646002800F036873B6C1860BB6BDC887D
:10398000B3F80480444580F0C38518683B6C40F868
:103990002430BB6B3E620134DC8020233B63C7F8DC
:1039A0004890D7F82490002407F5B878F9F720FD5F
:1039B000A0423FF40AADDBE9002112F8010B08F840
:1039C00004000139B9F1030FCBE9002104F101042E
:1039D00002D1BB6E042B05D00822002107F168003C
:1039E000F9F7F6FB07F168030093F86C23464246AB
:1039F0003146FDF741FAB0F1FF3F81463FF4E5ACB7
:103A0000002840F09F80BB6CA244013D53B9336055
:103A10003B6C33B13B6AF41A3B6BB3EBA40F40F23F
:103A20007B840436DBF80420002A09DD75B100240C
:103A3000BCE7BB6C002BEBD0DBF80420002AF6DCE3
:103A4000F86C594601F068FF0028EFD0C7F82490C1
:103A5000D7F848903B6C33B13B6AF11A3B6BB3EB40
:103A6000A10F00F2E685B9F1000F02D1FB6B013323
:103A7000FB637E6B61E423077FF440AD75786C2DAA
:103A800000F0898544F001041646CEE4800600204B
:103A9000090A0108410B0108DBF804307A63002BA6
:103AA00040F312864D46012D38BF012514F0010365
:103AB00040F09185E60600F1B484FB6A240653F8D1
:103AC000046BFB6240F19184002E3FF417AD284651
:103AD000F4F774F8044600283FF47EACBB6B30600A
:103AE000B3F806809A88904580F07D851868BB6B96
:103AF00040F8286008F10108A3F80680CDF800B06E
:103B00002146F86C2B46012201F022FF04460028D2
:103B100000F08E86854205D930682146FBF742FECB
:103B200000B13060FB6B7E6B0133A244FB6304E4A5
:103B300059EA04097FF4E2AC75781024164674E45F
:103B4000164616E410F1020F00F02A830328A2445F
:103B500003D1BA6E042A3FF46CAFBB6C013D002B5D
:103B60003FF456AF5EE7821C00F02F83D8F8006068
:103B7000731C7FF45AAE6DE609F1FF33B3F5AE7FE7
:103B800088BF6FF4AE7007F5B8788CBF09EB000200
:103B900000224FF000034546464688BF40F25D19BB
:103BA000D84644F45864D346BA649A46D8F800001C
:103BB00090F800C0ACF12B034D2B64D8DFE813F074
:103BC000B1026300B10263006300C902B701B7012B
:103BD000B701B701B701B701B701A802A802630096
:103BE0006300630063006300630063004E004E00E7
:103BF0004E004E004E004E00630063006300630001
:103C0000630063006300630063006300630063009C
:103C1000630063006300630063009B026300630052
:103C20006300630063006300630063004E004E00A6
:103C30004E004E004E004E006300630063006300C0
:103C4000630063006300630063006300630063005C
:103C5000630063006300630063009B027B6C0A2BBC
:103C600011DD24F4386405F801CBD8F80430013BA9
:103C7000002BC8F8043040F386820130C8F80000F9
:103C8000B9F1010992D1E105C7F848A0DA46C34667
:103C9000B04605D5B54200F2B68345453FF42EAC9B
:103CA00014F0100216D17B6C2A70F86CBE6A414683
:103CB000B047FB6AA20603F1040900F16A832307F7
:103CC00040F16F84FB6A1B681870FB6BC7F82C907F
:103CD0000133FB63BB6C7E6BA5EB08051D44AA4456
:103CE000FFF72BBBF86CF9F789FB0368FB6109F15F
:103CF000FF33B3F5AE7F40F248836FF4AE7009EB4B
:103D00000003FB6040F25D190025C7E9045544F447
:103D1000F06307F5B878BB643D643D63BD6144461C
:103D20004E46C7F82080DBF800100A78A2F12B037A
:103D30004E2B50D8DFE813F0D7014F00D7014F00CA
:103D40004F00FB019E009E009E009E009E009E0074
:103D50009E009E009E004F004F004F004F004F00FE
:103D60004F004F005901EF00EF00EF005501CB016C
:103D70004F004F0067014F004F004F004F003B01C5
:103D80004F001C014F004F004F0018014F004F0023
:103D90004F00030150014F004F004F004F004F00F4
:103DA0004F004F005901EF00EF00EF005501CB012C
:103DB0004F004F0067014F004F004F004F003B0185
:103DC0004F001C014F004F004F0018014F004F00E3
:103DD0004F0003015001BB6C9B0569D5F86903785E
:103DE000934265D1C7E9016481465E464FF0000801
:103DF000AB4606E0316091F800E099F80000864596
:103E00001CD119F8010F45465446013108F101084B
:103E10000AF1010A002800F0A58270680138002824
:103E20007060E7DCF86C314601F076FD30B931683E
:103E300099F8000091F800E08645E2D02B465D46F7
:103E4000B3464646D7E90728FC601644BC68D7F855
:103E50004CA03C62914634461E4614F8011D5A4659
:103E6000504601F01BFDA145F7D1FA683C6AA2EB70
:103E7000060A1FE03B6C5B191AD11D46BB6C3D6402
:103E800023F4C073BB6404F8012B013EDBF804305B
:103E9000013B002B0AF1010ACBF8043040F36881A2
:103EA000DBF800300133CBF80030002E7FF43BAF5D
:103EB000D7F820803B6C3A6B013B002A00F0B580BC
:103EC000BA6C012B22F48072BA6440F27F826B1EBE
:103ED000062B40F23383BA6C12F010037FF4C9ADA5
:103EE000237002F4C063B3F5806F40F0CC80BB69EF
:103EF0003A6B934200F0CB809A1A7C61796907F2A1
:103F0000C323994224BF07F2C2237B617869A24987
:103F1000F8F748FDBBE0B96C0805C9D53B6C5B19E7
:103F2000C6D11D4621F4C073BB643D64ABE77A6C17
:103F30009A4B33F912307B6424F4386493E6B96CFD
:103F400001F41863B3F5807FB2D13B6B012BAFD185
:103F500021F4807343F40063BB64302304F8013B15
:103F60000023013E3B638EE7062DA1D107258AE79A
:103F7000BB6C19059CD5B96C01F4A063B3F5806FD7
:103F800004D0480594D53B6B002B4AD0BB6C9905F7
:103F900004D43B6BB9695B1AC7E90434BB6C23F4E6
:103FA000786343F4C073BB6400233B636BE73B6CF3
:103FB000002B40F0C1813B6B33B9BB6C03F4E06371
:103FC000B3F5E06F00F0D483012D02D0042D7FF40F
:103FD0006FAF0135EDB256E7072D7FF469AF0825C5
:103FE00051E7B96C0B05C6D598E7BB6C1B0503D52B
:103FF0003B6C5B193FF441AF3B6C012B7FF458AF36
:1040000002233B643FE7002D40F09D813B6B002B7A
:1040100040F0D181BB6C03F4E063B3F5E06F00F0D6
:10402000A0833B6CD7F82080013B012B40F2CE816E
:104030006B1E062B40F2A18200233B63BB6CD805AC
:104040007FF549AF590500F1D28314F8011C6529A9
:1040500004F1FF350AF1FF360AD0452908D0F86C83
:104060005A4601F01BFC14F8021CAAF10206A51E18
:10407000F86C5A4601F012FCBB6C13F0100340F0D0
:1040800096812B70B2463B69002B40F0EC820022F7
:10409000F86C4146FCF716FCFB6A53F8046BFB62B4
:1040A000BB6CDA0704460D4600F15481BB6C9B07DC
:1040B00000F1508102460B4603F03CFB002840F023
:1040C000C6822046294603F093FB306044E1BB6C76
:1040D000180503D53B6C5B193FF4CFAE022D7FF47E
:1040E000E7AE0325CFE6BB6C19067FF5E1AE23F002
:1040F0008003BB64C7E604F4C063B3F5007F7FF4BC
:10410000C2AD24F40074102344F4A0647B64AAE5D7
:104110007A6C224B33F912307B64082B3FF7A1AD48
:10412000B1E523067FF5AFAD24F080049BE5BB6CC1
:10413000D9057FF59FAE23F08003BB643B6B013351
:104140003B63FB68002B3FF4A0AEFB68013BFB60C8
:104150009CE621057FF587AD7B6C1BB9082344F4F1
:1041600000747B64620540F1178124F4B0647AE541
:10417000F86C594601F0D0FB00287FF499AE002E70
:104180007FF4D1AD94E6F86C414601F0C5FB002800
:104190003FF476AD77E500BF80AB0108FCE4010891
:1041A000DBF80420002A3FF701ACF86C594601F017
:1041B000B3FB00283FF4FAABC7F82490D7F8489037
:1041C000002C3FF447ACFFF700B9DBF80430002BBC
:1041D0003FF7FAAAF86C594601F09EFB00283FF41D
:1041E000F3AAD7F848A0FE697D62002C3FF46BABC0
:1041F000FFF7EBB8386BD9001E46FBF7D3FA3863EC
:10420000002800F0EF827A6B730000EB0408106066
:104210003B62FFF73ABB3B6C002B40F02181FB6A0D
:1042200014F0800453F8048BFB6200F02682B8F18E
:10423000000F3FF463A92020F3F7C0FC05460028D7
:104240003FF4CAA8BB6BC8F80000DC889A88944287
:1042500080F049811868BB6B40F824800134DC8011
:104260002022DBF8003007F170001978415C00294A
:104270003FF444A9BE642C4618461646DBF80410E9
:10428000431C0139CBE900312946007801F8010BC4
:10429000B8F1000F02D00D1BB54223D20D46B9F183
:1042A00001090BD0DBF80410002928DDDBF8000041
:1042B00007F170030178595C0029DFD12C1B3246CD
:1042C000BE6C3FF41BA900232B70B8F1000F03D084
:1042D000611C8A4200F29D81A244FB6B0133FB63A7
:1042E000FFF72BB8760020463146FBF75BFA044611
:1042F00000283FF471A80544C8F80000CFE7F86C27
:10430000594601F009FB0028D0D0A5423246BE6CC8
:104310003FF45BA82C1BD6E7386AD900FBF742FABA
:104320003862002800F05E823B6B3A6C5B00061935
:1043300010603B63FFF775BB3B6C022B7FF444AE10
:1043400003233B649FE5032D3FF443AE052D3FF46B
:1043500040AEADE5C6E90045FB6B7E6B0133FB6308
:10436000FEF7EBBFBB6CF969A246BC6823F420736F
:1043700020464246BB645D46B3467E68F9F700F8C6
:104380003B6BBB610446013E80E50023FB60BBE460
:10439000FB6A1B68186098E4BB6C24F460741BB162
:1043A000013BBB6409F101090AF1010A5DE4B2466F
:1043B0007E6BFEF7C2BF3B6CBA6CD7F82080013B26
:1043C00022F48072012BBA643FF685AD444546461F
:1043D0007FF694A8FD6C14F8011D5A46284601F09A
:1043E0005DFAB442F7D1FFF789B8CDF800B0F86CA8
:1043F0002B463146012201F0ABFA044600287FF437
:1044000091ABFEF7E2BF15F8011CF86C5A46013D6E
:1044100001F044FA41E400263E633E623E64FFF749
:10442000BEBAFE6C1C460AE0CBF800103046594676
:104430001C44ED1A01F070FA002840F08281DBE99B
:1044400000239D4202EB0301EEDC5B1B2A44CBF808
:1044500004302C44CBF800207E6BA244FEF76DBFE5
:10446000DBF8001007F170020B78D35C002B3FF4EF
:1044700045A8FC6C0A4604E0137807F17001CB5C98
:10448000DBB1DBF8043001350132013B4D45CBE9AE
:10449000002312D0002BEFDC5946204601F03CFAF5
:1044A00058B9DBF80020E7E70023C7E90C333B628B
:1044B00007F154039846FFF782B9AA44FEF73DBFBF
:1044C0004FF6F6739D4200F28D81BB6B083518687C
:1044D000A900FBF767F9002800F08481BB6B9D8081
:1044E0001860FFF762B94FF6F6739A423EF678AF5E
:1044F00002F10803BA6BBB6410689900FBF752F92C
:1045000000283EF46DAFBA6BBB6C93801060A2E6DE
:104510004FF6F673984500F26581BB6B08F1080809
:1045200018684FEA8801FBF73DF9002800F05A812E
:10453000BB6BA3F804801860FFF728BA022D40F285
:104540006581032D3FF4C7AC043D5FFA85F96FEA3E
:104550000905FE6C3C64254414F8011D5A4630469A
:1045600001F09CF9AC42F7D13C6C0AF1FF3A013CF6
:10457000AAEB090AA4EB090460E5022D40F246818A
:104580000023032D3B63DFD158E5B57844F00804E0
:104590000236FEF74ABFB57844F002040236FEF751
:1045A00044BF660740D414F001027FF4F1AEA407C3
:1045B0007FF5EEAEA44BB96AF86C99427B6C41462C
:1045C00000F03281FCF78AFB0B46FA6A1168C1E9F8
:1045D0000003FFF77ABB44F04004FFF7B7B983F854
:1045E00000A0FFF746BA4FF6F6739A423EF6F8AED1
:1045F000BB6B02F1080918684FEA8901FBF7D2F892
:1046000000283EF4EDAEBB6BA3F804901860FFF7F2
:104610006EBAD8F80000FBF7C5F800283FF45CAE8E
:10462000C8F80000A24458E6FB6A1B681880FFF730
:104630004CBB3C6C2068FBF7B5F800283FF413AA8C
:104640002060B9F1000F7FF414AAFFF70FBA7F487A
:10465000F9F762FA30607FE682B0CDE9023302AB4F
:10466000BB63FFF747B87969F86C0A230022013170
:10467000FCF7CAF93B69C21A40E445462246A04607
:10468000EFE53E6CC7F83090C7F82090C7F840902F
:10469000FFF785B93B6CD7F834803B62C7E90C3330
:1046A000FFF78DB8F86C594601F036F900283FF451
:1046B00049A9FEF78ABEF86C594601F02DF9002889
:1046C0003FF432A9FEF781BEF86C594601F024F997
:1046D00000283FF4E7A9FEF778BEF86C594601F0D0
:1046E0001BF900283FF412A9FEF76FBEF86C59467B
:1046F00001F012F900283FF42EA8FEF766BEF86C10
:10470000594601F009F900283FF410A8FEF75DBEF4
:10471000D7F848A0FE697D622346002C3FF4D3A859
:1047200007F5B872D7F84C9014191D46013D14F8DE
:10473000011D5A46484601F0B1F8002DF6D1FFF7A9
:10474000C2B8002C7FF488AEFEF73FBEE50717D451
:10475000A40715D54FEAEA72C3F800A05A60FFF724
:1047600088B9BB6C23F4F063BB640125FFF78BBBF6
:10477000BB6C23F4F063BB6401233B64FFF783BB92
:10478000C3F800A0FFF775B9B9F1000F08BF4FF0EB
:10479000FF3914F0010604F0100359D0002B40F04B
:1047A000D780FA6A200652F8041BB964FA6240F115
:1047B00059813B6400293EF4A1AE8020F3F7FEF955
:1047C0003B6C064670B1BA6C1060BA6BB2F80680EA
:1047D0009488A045C0F073814FF6F6718C423B641B
:1047E00040F279814FF0FF33FB63FEF787BE44450B
:1047F00046467EF683AEFD6C14F8011D5A462846E7
:1048000001F04CF8B442F7D1FEF778BE44457EF68D
:1048100075AE454614F8011DF86C5A4601F03EF895
:10482000AC42F7D1FEF76ABEFCF724FB0B46CCE6A0
:10483000FB6B002B3EF4D4ADBBF80C305B067EF571
:1048400060AEFEF7CDBD00BF410B0108DCAC010836
:10485000002B40F00C81FB6A14F0800453F8046BC9
:10486000FB6200F01D81002E3EF448AE2020F3F7DD
:10487000A5F9804600283EF4AFADBB6B3060DA8806
:104880009C88A242C0F07A814FF6F6739C42BA64CB
:104890003EF6A6ADBB6B08341868A100FAF782FF9C
:1048A00000283EF49DADBB6BBA6C9C801860531C15
:1048B00040F82260BA6B2024D380DBF80000037834
:1048C000EB5C1A0700F1158143464146C7F848A042
:1048D000A046B2461C46DBF80420013ACBF804207F
:1048E000421CCBF800200E46027806F8012BBAF1E4
:1048F000000F03D0321B424580F0FD80B9F1010961
:104900000BD0DBF80420002A40F30581DBF800001F
:104910000278AA5C13073146DDD532462346564657
:10492000D7F848A0D31A44469A44591C904600230D
:1049300088F80030002E3FF40FADA142BFF40CAD5B
:104940003068FAF72FFF00283FF406AD306003E52A
:1049500000229646BA6407F15406DBF80010097885
:10496000695C11F0080163D1C7F82090744689464C
:104970003A643B63F8F73CFD48453EF426ADDBE97D
:10498000003213F8011B013ACBE900327B6A07F5CC
:10499000B870032B00F8091009F1010807F1680944
:1049A00003D1D9F80020042A04D008220021484667
:1049B000F8F70EFCCDF8009007F5B872F86C434696
:1049C0003146FCF759FA421C78623EF4FEAC0028EE
:1049D00040F0A9803060FCF7ABFA002840F0E2809C
:1049E000C2443B6A013B3B623B6B002B40F0C18001
:1049F000BB6C0436002B00F0BC803B6CA6EB0409BA
:104A0000B3EBA90F40F2BC80D7F83080DBF804206C
:104A1000002A40F39C80DBF800201278AA5C130780
:104A200003D43B6A002B40F0A7803A6C3B6BA64650
:104A3000002B7FF41EA83360BB6C002B3FF416A83C
:104A4000A6EB0E018B1001339A427FF60FA8BC6CC7
:104A500004312068FAF7A6FE00283FF407A820607A
:104A6000FFF704B8BE6CBB641A469E4675E7DBF8D8
:104A700000301978695C08073EF5FBAFDBF80420CD
:104A800001360133013AB145CBE900320BD0002A9F
:104A90000CDD1A78AA5C1107F0D5B244FEF7E9BF25
:104AA000B046264609E7CA44FEF7E3BFF86C59460C
:104AB00000F032FF0028F0D1DBF80030E9E71068A1
:104AC000BA6C40F82820BA6B08F10108A2F80680F9
:104AD000B646202241E7BB6B08341868A100FAF7FC
:104AE00061FE00283FF47EAEBB6B9C8018603B6C7F
:104AF000E6E701211BE74FEA4808204641463A64B1
:104B0000FAF750FE044600283EF466AC3A6CCAF848
:104B100000008618F2E6F86C594600F0FDFE002809
:104B20003FF4F4AEF9E67B6A02333FF46FAF3068CE
:104B3000FCF7FEF9002835D17B6A032BC2447FF4D1
:104B400050AFD9F80030042B7FF44BAF4CE7F86C32
:104B5000594600F0E1FE00283FF45DAF3A6C3B6B34
:104B6000A646B8F1000F7EF430AC002B7EF481AF86
:104B700061E74FF0000849E7C146FBE6186896E692
:104B80002046D900FAF70EFE044600283FF42AAE6C
:104B90003B6CBA6CD7F8308010605B0000EB090604
:104BA0003B6433E73A6C3B6BA64607F5B87101EB03
:104BB00008047546914614F8011DF86C3B645A468A
:104BC00008F1FF3800F06AFE3B6CB8F1000FF2D13B
:104BD000AE464A46002B7EF44CAF2CE72DE9F84355
:104BE000154692682C68FAB180468946083401E07F
:104BF0000834CFB16B68591E002B1746696013DD6E
:104C000054F8046C002EF3D0334654F8082C49466F
:104C1000404602F075F8431C07D0AA68921B17465D
:104C2000AA600834002FE5D100200023C5E9013334
:104C3000BDE8F88310B50B78722B35D0772B05D0F3
:104C4000612B2AD016230360002010BD4FF4C064EE
:104C50004FF0010C08204B7801316BB916E02B2B7B
:104C600020F01C0E2CF0030303D14EF0100043F093
:104C7000020C11F8013F4BB1622B0BD0782BEED117
:104C800011F8013F4CF4006C002BF5D144EA0C0400
:104C9000146010BD4CF4803CEBE74FF402744FF00D
:104CA000010C4FF48470D6E70024A4460420D2E718
:104CB00070B5B1F90C300C46990796B007D504F1E0
:104CC00043030122C4E90432236016B070BDB4F975
:104CD0000E10002905462BDB6A46F8F7A5FB0028D5
:104CE00024DB4FF480612846019E02F0ADFFB4F949
:104CF0000C30A0B306F4704643F080034FF480629A
:104D0000B6F5005FA38120602061626135D1B4F9FE
:104D10000E10284600F064F8B4F90C3068B323F0A4
:104D2000030343F001034FF4006214E0B4F90C30C4
:104D300013F0800F0CBF4FF48066402631462846A2
:104D400002F082FFB4F90C3048B1C4E9040643F024
:104D50008003206000221343A38116B070BD9A0522
:104D6000B3D423F0030304F1430243F0020301210F
:104D7000C4E90421A3812260A7E74FF40062EAE7B7
:104D800070B50C46B1F90E10002996B015461E46B6
:104D900014DB6A46F8F748FB00280FDB019901F4A1
:104DA0007041A1F50051B1FA81F14FF480634909D6
:104DB0004FF4006031602B6016B070BDA18911F016
:104DC000800106D000214023084631602B6016B0D8
:104DD00070BD4FF48063084631602B6016B070BD23
:104DE00038B5074D0022044608462A60EEF761FCFC
:104DF000431C00D038BD2B68002BFBD0236038BD8E
:104E0000A821002001490020704700BF0000F87F62
:104E100000B50B4C25681446EE681A4685B003466B
:104E20000D464CB107490095CDE9011430460649BD
:104E300000F020FD01F0C4FF04490C46F3E700BF79
:104E4000EC070020D0AC0108E0AC0108DCAC0108A4
:104E50002DE9F0410469B4EB611F05DC0023036117
:104E600000234361BDE8F08100F1140C4E1111F0F4
:104E70001F0E0CEB84050CEB860323D05CF8261088
:104E800004339D4221FA0EF1CEF1200830D9674655
:104E90001A6802FA08F20A4347F8042B53F8041B75
:104EA0009D4221FA0EF1F3D8A31B9B00053B9C0801
:104EB0000CF1040223F0030342F82410134479B1E7
:104EC00004330DE09D4288BF00F11002C6D953F8AB
:104ED000041B42F8041F9D42F9D8A31B0CEB83036B
:104EE000A3EB0C02921063450261B9D0BDE8F081DA
:104EF00041610029B2D06346E2E700BF2DE9F04FDF
:104F00000F6885B0CDE90020BA780393302A89462E
:104F100040F0F881FB1C1A78302A1C4603F101038B
:104F2000F9D0E71B023FDFF8108318F80230002B9E
:104F300000F0EE80237818F803304FF0000A554651
:104F4000002B00F06B81264616F8013F18F803305D
:104F5000002BF9D1B74901223046F8F787F983468B
:104F600000284CD03278002D00F0A281AB1B4FEA14
:104F7000830B02F0DF02502A35464CD0C9F800609E
:104F8000BAF1000F74D12A1B013A072A514604DDF9
:104F90005210072A01F10101FADC0198F9F7BEFE6F
:104FA0008246002800F09B8200F11406AC42029673
:104FB00066D20027B9460DE0202F1AD03A460437B2
:104FC0002B7818F8033003F00F03934049EA0309E4
:104FD000A54258D015F8013D2E2BEDD1A542EBD3BB
:104FE000944901222846F8F741F90028F0D0202FF3
:104FF000E4D1002246F8049B04279146E0E7002D07
:1050000000F07181327802F0DF02AB1B502A4FEAC8
:10501000830B3546B2D16A782B2A00F047812D2ABE
:1050200040F0E5800120AA7818F802104A1E182ADC
:1050300005F1020600F2E580727818F802201039B6
:1050400001365AB90CE001EB810116F8013F02EB81
:105050004102A2F1100118F803200AB1192AF2DD69
:1050600000B149428B44C9F80060BAF1000F8AD000
:10507000002F0CBF06240024204605B0BDE8F08FA9
:10508000029E4FF0000946F8049B029BF61AB610E8
:10509000CAF810604846F9F71BFF009B76011D68AF
:1050A000361AAE4255DCC0F20581009B9A685A451B
:1050B000C0F2F3805A68934580F2A580A2EB0B0BF7
:1050C000AB4571DA0BF1FF36002E40F061813746B7
:1050D0007311029A06F01F0652F823200123B340F1
:1050E0001342A5EB0B055946504600F06081FFF7CF
:1050F000AFFE009BDC68D3F804B0022C00F01481F2
:10510000032C00F07081012C00F0698112247BE0F7
:10511000484901222046F8F7A9F8824600287FD1A5
:10512000637818F80320651C002A7BD0302B2C46AE
:1051300040F05B8114F8013F302BFBD018F80330AE
:10514000B3FA83FA01274FEA5A1A002B7FF4FBAE19
:1051500064E0761B31465046FAF7F6FA074678B116
:10516000711E4A11029B012753F8220001F01F0211
:1051700007FA02F2024203D0B94200F30F8102277C
:1051800031465046FFF764FE009B9A68B3445A4587
:10519000C0F28380009B5A685A4540F3B680A2EB68
:1051A0000B0B5D4500F3E580009BDB68022B45D0CF
:1051B000032B00F00881012B43D1AB4541D1BBF15A
:1051C000010F08D00BF1FF315046FAF7BDFA002865
:1051D00037D0009B5A6803990A60029A0123CAF8E3
:1051E000103013600E9B6224C3F800A044E718F847
:1051F00002104A1E182A05F101064FF000007FF642
:105200001BAF2E46BAE601240E9BC3F800A0039BF9
:105210002046C3F800B005B0BDE8F08F264699E6F9
:105220002378254603F0DF03502B00F0C780C9F830
:1052300000501DE788AB010820E501080F9B002BFB
:10524000C9D001985146F9F78FFD50240E9A0023DA
:105250002046136005B0BDE8F08FDAF808209742C9
:1052600080F2C5800AEB87017A1C0120022CCAF863
:105270001020DDF80880486100F0AA80002A00F3C1
:10528000DB800022CAF810200022CAF81420009BFC
:105290009A680BF1010B5A4569DA01985146F9F702
:1052A00063FD0E9A0023A3241360E5E60020BAE60E
:1052B000AB465EE6AE1B514632460198F9F7B6FFA3
:1052C000009B9A68ABEB060B93458246E5DC5A6877
:1052D000934598DAA2EB0B0B00F11403AB45029354
:1052E000BFF662AFEEE6727818F80210751C2E4613
:1052F00000293FF43EAE16F8012F18F80230002BBB
:10530000F9D133E6BC1C00270DE60124002F3FF441
:105310007BAF009BDA68022A06D0032A08D0012A54
:105320002ED044F010046FE70F9BC3F101030F93DD
:105330000F9B002BF5D0DAF81070029A4FEA87091C
:10534000904602EB8706002003E0964242F8040CE8
:1053500083D9944652F8041B4B1CF6D00131022C21
:10536000CCF8001034D015F01F0540F091802124B6
:105370004AE70BF1FF36002F3FF4A6AE0127A7E660
:10538000B907CED5029B1A681743FA07D3D4C8E7EA
:1053900031465046FAF7D8F9074699E6B11E50460D
:1053A000FAF7D2F900283FF4EAAE0327E8E6FFF760
:1053B0004FFD009B0224D3F804B0A7E74FF0000B89
:1053C0004FF0010A27E60F9B002B7FF404AF38E76C
:1053D000009B1A68013AAA4267D0222414E747F0DA
:1053E00002070224CEE70224A2E70127ABE5DAF8A0
:1053F000041001980131F9F791FC0646002868D0A5
:10540000DAF81020023292000AF10C010C30F8F7A1
:1054100077FA51460198F9F7A7FC3269012006EBAB
:105420008201022C0244326106F114084861B2463E
:10543000CED0974297DA21E708EB82050AF11800EF
:10544000DAF8142085424FEA52023AD944460368FA
:1054500042EAC37244F8042B50F8042B85424FEA09
:105460005202F4D8A5EB0A01193908F104008C089E
:1054700021F0030140F82420014402B10431A1EBE2
:10548000080292104145CAF810207FF400AFFBE6F5
:10549000C144C5F1200559F8040CF9F719FDA842DB
:1054A000BFF665AFDAF81020E8E66A1105F01F05CF
:1054B00058F822100122AA400A4214BF21242224B3
:1054C000A2E6C8F800200AB14146D7E7CAF8102082
:1054D000DAE6064B064832468421FFF799FC034B77
:1054E00003485246E421FFF793FC00BFE0AB0108FC
:1054F00010AD010810B40468013409E014F8013B50
:10550000A3F1410CBCF1190F98BF2033934208D18D
:1055100011F8012B002AF1D1046001205DF8044B41
:10552000704700205DF8044B704700BF09682DE903
:10553000F04F4B1102EB830311F01F0B07460CBF1A
:105540001846181D3C680CBF1D1F1D46002385B062
:1055500040F8043C61780134002900F0A9809E469F
:105560009A461E460B4601461046DFF88491019785
:105570005A46A846AC46834610E0202B00F29080A5
:10558000564508DDC44502D2BEF1070F60DDE34594
:1055900055D34FF0080E14F8013FB3B119F803705A
:1055A000002FEAD00EF1010EBEF1080F06F1010640
:1055B0003BDCDCF800301B0107F00F071F43CCF881
:1055C000007014F8013F002BE8D15B460846934673
:1055D0001A46002E6CD0C44502D2BEF1070F72DD10
:1055E00062454ED2111F634653F8044B41F8044FF5
:1055F000AB42F9D9A5EB0C03691C23F003030CF1B2
:10560000010C8C4588BF0023111D0B440024194652
:105610000433AB420C60FAD950F8043C002B4DD156
:10562000AA4249D055F8043DF8E7E345B3D2002338
:105630004CF8043C4FF0010EACF1040CBCE7002325
:10564000ACF104084CF8043CB246C4469E46A2E7BE
:10565000CEF108008000CDE9022CDCF8003067466E
:10566000C0F1200E8446786800FA0EF21A4320FA40
:105670000CF33A6047F8043F4745F4D3DDE9022CC8
:1056800085E750F8043CBBF1000FC7D0CBF1200BED
:105690004FF0FF3121FA0BF10B4040F8043CBDE71D
:1056A0000846194629295B46019F93461A4607D0AA
:1056B000042005B0BDE8F08F012313600520F8E752
:1056C00001343C6085E7CEF10803DCF800109B0054
:1056D000C3F1200E66460C46776807FA0EF12143A7
:1056E00027FA03F4316046F8044F4645F4D377E7D0
:1056F00020E501082DE9F04F8BB0DDE91589149FF5
:1057000002901C46B8F1000F4FD016680196002990
:10571000C34608BF4FF0FF370025039192468846E5
:1057200007E0019B53F8040B0193013C00284AD089
:105730006546AF4235D9002C33D0DBF800300493F6
:10574000DBF804300593019B02981A68D9F8E060F1
:105750005B4606A9B047431C1CD000EB050CBC45BA
:1057600026D8039B002BDCD000280DDD08F1FF328A
:10577000019E06A902EB000E11F8013B02F8013F61
:105780007245F9D101968044DAF800200432CAF853
:105790000020C6E7029B8A21002219600546CBF84B
:1057A000002028460BB0BDE8F08F00F58678ACE706
:1057B000D846DDF810A0DDF814B02846C8E900ABE3
:1057C0000BB0BDE8F08F0399D84609B1CAF80000C4
:1057D0000CF1FF3500222846C8F800200BB0BDE8C8
:1057E000F08F00BF10B584B0054C06980090079864
:1057F0000190044800680294FFF77CFF04B010BDDC
:1058000080060020EC070020184B98422BD870B57A
:10581000174D4FF0000E40F6F90403E003F1010EBE
:1058200074451CDB0EEB040303EBD37323F001027E
:1058300002EB630205EB420C5B109CF80110BCF814
:105840000260BCF804C041EA06218C4460454FEA7E
:105850004202E3D8884204D25C1E7445E2DAFF209B
:1058600070BDA85C70BDFF20704700BFEF010E0047
:1058700020E601080EB410B583B005AB064C53F812
:10588000042B01930146206800F0B4F803B0BDE892
:10589000104003B0704700BFEC07002038B54B1C28
:1058A0001AD09389144623F020035268A381236BF6
:1058B000CDB2A3B1636B934209DD23685A1E226007
:1058C00003F8015C636801336360284638BD2146F4
:1058D000F7F700F90028F0D04FF0FF35F5E723691E
:1058E00021682BB18B4203D211F8013CAB420ED0A0
:1058F0002346C4E90E1204F14000032220636263D0
:1059000003F8425F0122C4E90032284638BD01395C
:105910000132C4E90012D8E710B50C46096B69B131
:1059200004F14003994201D002F092F9E36B636005
:105930000020206313B1A36B236010BDA2892369EB
:10594000002142F020026160A2814FF0FF30F3E7B6
:105950002DE9F04F85B0834602FB03F00E9C0193C6
:1059600098B38846D4E90015A842064622D9CDE965
:1059700002024FF0000904F1400A40462A46F7F7B8
:10598000BFFF2168236B4F19C4E9007919463746D8
:105990005846A844761BDBB1534501D002F058F9B4
:1059A000E16BC4F83090616091B10D46B542A16BD6
:1059B0002160E2D332464046F7F7A2FFD4E9003235
:1059C000921B3344C4E90032019805B0BDE8F08F62
:1059D000DDE90202A3892844C01B43F02003B0FB89
:1059E000F2F02269A3810023C4E9002305B0BDE8D9
:1059F000F08F00BF2DE9F04FC5B00DF1500A83467E
:105A0000049116460021082250461C460B93F7F7D6
:105A1000DFFBBBF1000F04D0DBF83430002B00F0CB
:105A20005287049A536EB2F90C20D90740F13D8198
:105A3000970400F1D485049942F4005223F40053F2
:105A40008A814B6612B2130740F1BD80049B1B692B
:105A5000002B00F0B88002F01A030A2B00F0C2807D
:105A60000023CDE91933CDE90E331BAADFF8AC983A
:105A70000D93189217460793B0464546D9F8E4406F
:105A8000F7F7B6FCCDF800A003462A4612A95846FF
:105A9000A047002800F0C580C0F2BB80129A252ADA
:105AA000034601D01D44E9E7B5EB0806044640F083
:105AB000BC80002319468DF8433008934FF0FF3225
:105AC0006B78069205F10108039108F10108A3F132
:105AD00020025A2A00F2FC80DFE812F08603FA0066
:105AE000FA007F03FA00FA00FA005F03FA00FA00F6
:105AF0001F023102FA002A029803FA0091035B00A8
:105B00005B005B005B005B005B005B005B005B00BD
:105B1000FA00FA00FA00FA00FA00FA00FA00FA00B5
:105B2000FA00E5013503FA00FA00FA00FA00FA007B
:105B3000FA00FA00FA00FA00FA003702FA00FA0056
:105B4000FA00B701FA001203FA00FA00EB05FA00B6
:105B5000FA00FA00FA00FA00FA00FA00FA00FA0075
:105B6000FA00E5017201FA00FA00FA005503720129
:105B70006E00FA003104FA0022040604B4036E0039
:105B8000FA00B7016B007102FA00FA001C06FA0075
:105B90006B00A3F130020023194618F8013B01EB1A
:105BA000810102EB4101A3F13002092AF5D90891E4
:105BB0008DE798F8003088E7039B43F020030393B8
:105BC00098F8003081E7049D58462946F7F78AF88F
:105BD000002841F02380B5F90C2002F01A030A2BAB
:105BE0007FF43EAF0499B1F90E30002BFFF638AFC9
:105BF0004B6EDD0702D4900540F1BE870499234621
:105C00003246584601F03AF80790079845B0BDE88B
:105C1000F08F082200215046F7F7DAFA01231D44DD
:105C20002CE7B5EB0806044610D01A9B33441A93B0
:105C3000199B0133072BC7E90086199310DC08373D
:105C4000079B33440793002C7FF433AF1A9B002B40
:105C500040F09C87049B0022B3F90C30199218E0A5
:105C6000049918AA5846F5F709FF78B91BAFE7E77A
:105C7000049918AA5846F5F701FF002800F08C8017
:105C8000099B1BB10999584601F0E2FF049BB3F947
:105C90000C30049A526ED00740F188805B0600F108
:105CA0003881079845B0BDE8F08F900540F121811B
:105CB00091047FF5C0AE9F047FF5C5AE049B9B8920
:105CC0009A0500F12681049B986DF7F74FFC20E1BF
:105CD000002BBBD001228DF8AC3000238DF843306F
:105CE00009930A9206932BAD0592DDE919C0039C36
:105CF00014F084060146624626D1089B059C1C1BB5
:105D0000002C00F314849DF8433003B300260C9656
:105D10000132012301317B60072A0DF14303CDE9F4
:105D200019213B6000F39B8308370C9B63B1013260
:105D300011AB02313B60072A4FF00203CDE9192174
:105D40007B6000F380830837802E00F00383069B7E
:105D50000A981C1A002C00F33B830A9B3D60013219
:105D60001944072ACDE919217B6000F361830837C4
:105D7000039B5C0705D5089B059A9C1A002C00F331
:105D80007A83DDE9073205988242ACBF9B181B1865
:105D9000079300297FF46CAF00231993099B1BB173
:105DA0000999584601F054FF1BAF66E69A053FF586
:105DB00075AF049CA06DF7F7D9FBB4F90C306DE713
:105DC000039B9B0640F128840B9B073323F00703BA
:105DD0001A465B6852F8084B0B921E46002BC0F225
:105DE000C381069A002A07DB039B23F080030393F9
:105DF00054EA060300F0B0840A2C76F1000380F028
:105E0000028104F13003DBB2069A8DF80F31012ACA
:105E10009DF84330B8BF01220592002B00F0D383D8
:105E2000059B0133002505930123CDE909530DF2AC
:105E30000F15DDE91921039B13F0840608469446EB
:105E40003FF45BAF00230C9362E70B9E00228DF8BA
:105E5000432056F8042B0992002A00F05D85532B4D
:105E600000F09484039B13F0100440F08F84069A92
:105E7000002AC0F2658609982146F7F7F1FC9DF8E3
:105E80004320099D002800F0AB86431B0A9323EAB8
:105E9000E3730593002A00F09D8601330694059371
:105EA0000B960994C5E70B9A432B02F1040403D027
:105EB000039BD90640F146840822002116A8F7F773
:105EC00087F90B9B2BAD1A68294616AB5846FAF793
:105ED000FDFF034601330A9000F06B860A9B23EA1C
:105EE000E373059300230B948DF8433009930693D5
:105EF000FBE6049DA86DF7F737FBB5F90C206B6E38
:105F000095047FF598AD98047FF59DADD9077FF591
:105F1000D5AE4FF0FF330793C3E60B9B53F8042B2A
:105F20000892002A80F25683089A0B9352420892F4
:105F3000039B43F00403039398F80030C5E52B233B
:105F40008DF8433098F80030BFE5039B9D0643F081
:105F5000100040F177830B9B073323F007031A46A9
:105F6000596852F8083B0B9200228DF84320069A9C
:105F7000002AC0F2248320F49062039253EA0102C3
:105F800000F0318344AD03F00702DB0843EA4173BC
:105F9000C908303253EA0104284605F8012DF2D130
:105FA000039B13F0010340F09F82069A099344ABD0
:105FB0005B1B9A42B8BF1A460A93059295E603996D
:105FC0008E0600F1A38003990B9A11F0100652F887
:105FD000043B40F04083039911F0400100F0D3846A
:105FE0009CB2069B8DF84360002B06DB039B23F0DD
:105FF00080030393002C00F03D830A2C76F100030C
:106000000B92FFF4FEAE039B099703F4806300201C
:10601000CDF8308044A9DDF8348005901F46CDF8D6
:1060200028B025E00590A319BA4843F10003A0FB6E
:10603000032C2CF0030202EB9C029B1AE31A4FF094
:10604000CC32A346B64602FB03F266F1000600FB23
:106050000622A3FB0043BBF10A0F13444FEA54048A
:106060007EF1000E294644EAC3744FEA53062ED34C
:10607000059BA84A01330593A31943F10003104679
:10608000A2FB032525F0030202EB95029B1AE31AFB
:10609000A3FB003266F1000500FB05225B0843EA22
:1060A000C27303EB8303A4EB4303303301F8013CD9
:1060B0004D1E002FB7D0059898F800308342B1D11B
:1060C000FF28AFD00A2C76F1000380F08084069977
:1060D0009DF84330CDF8348044AA521B9142B8BF9A
:1060E0001146DDE9097BDDF830800A920591002B2D
:1060F00000F00A84059B013305930023099398E679
:10610000039B43F010019B0640F1A3820B9B0733D6
:1061100023F007031A465E6852F8084B0B920023DF
:106120008DF84330069B002BC0F2F78221F08003EC
:10613000039354EA06037FF45FAE069B002B00F046
:106140009E8200245DE6039A42F01003920600F15D
:106150009C820B9A04320B9903930C680B92E617FE
:106160003346002BBFF63DAE2D238DF84330069B02
:10617000644266EB4606002BFFF63EAE039B23F01F
:106180008003039338E698F80030682B00F0F4821F
:10619000039A42F04002039297E45846F7F72EF92B
:1061A00043680F931846F7F74BFC0E900446584689
:1061B000F7F724F9826898F800300D92002C3FF42C
:1061C00084AC002A3FF481AC1278002A3FF47DAC05
:1061D000039A42F48062039277E4039B43F0010345
:1061E000039398F8003070E49DF8432098F800304D
:1061F000002A7FF46AAC20228DF8432065E4039BDB
:1062000043F08003039398F800305EE4404610F8B2
:10621000013B2A2B00F0F684A3F13002092A98BF33
:10622000002100F2AE8410F8013B01EB810102EB8A
:106230004101A3F13002092AF5D941EAE17206923F
:10624000804644E40B9C069D54F8043B002247F62C
:1062500030019542ADF844108DF8432018461146A0
:10626000C0F25E82039A0B9422F0800242F0020296
:106270000392002B00F05B83274A03F00F030224F4
:10628000D35C05948DF80F31030943EA01730809C3
:1062900053EA111100F0D0840DF20F1503F00F0135
:1062A0001B09515C05F8011D43EA0073000953EA1C
:1062B0000001F3D144AB5B1B1A460A93069B934241
:1062C000B8BF1346059A002A00F0BA84DDE9192107
:1062D000039C023314F0840605930846944600F0AC
:1062E0007C820023099322E5039884063FF533AEB0
:1062F00003990B9A11F0100152F8043B40F0B3845B
:10630000039C14F0400000F01E839BB20B922046C9
:106310002AE600BFCDCCCCCC4CAB010880060020D7
:10632000039B990640F1B4810B9B079A1B681A6086
:10633000D2175A600B9B04330B93FFF79EBB98F860
:1063400000306C2B00F00E82039A42F01002039290
:10635000FFF7BBBB089B05981C1A002C7FF7F7AC16
:10636000102CB64B23DD38460C951026049D1F4695
:1063700004E0103C102C00F1080015DD0132103152
:10638000072AC0E90076CDE91921F2DD18AA2946CD
:106390005846F5F773FB00287FF472AC103C102CC4
:1063A000DDE919211BA8E9DC0C9D3B4607460132BB
:1063B0002144072ACDE919213B607C6000F39482D7
:1063C000069B0A981C1A002C07F108077FF7C5AC3A
:1063D000102C9A4B21DD384610261F4604E0103C55
:1063E000102C00F1080016DD0132944B1031072A01
:1063F000C0E90036CDE91921F1DD049918AA584603
:10640000F5F73CFB00287FF43BAC103C102CDDE999
:1064100019211BA8E8DC3B46074601322144072A24
:10642000CDE919213B607C6000F3BC80083794E41F
:10643000049918AA5846F5F721FB00287FF420ACF0
:106440001A991BAF94E4049918AA5846F5F716FB5D
:1064500000287FF415ACDDE919211BAF74E4049921
:1064600018AA5846F5F70AFB00287FF409ACDDE9C5
:1064700019211BAF59E4102C199B714E21DD3A46AE
:1064800010253746049E04E0103C102C02F108024F
:1064900015DD01331031072BC2E90075CDE9193143
:1064A000F2DD18AA31465846F5F7E8FA00287FF4DD
:1064B000E7AB103C102CDDE919311BAAE9DC3E46A4
:1064C000174601332144072BC7E90064CDE9193190
:1064D0007FF757AC049918AA5846F5F7CFFA002869
:1064E0007FF4CEAB1A994CE4302A00F0F1813023CE
:1064F000069A05F8013C023844AB1B1A9A42B8BF11
:106500001A460A9305460592DDE91921039B13F00B
:1065100084060846944600F0A8839DF84330002B7B
:1065200000F0A683002309930C93FFF7F1BB00232F
:106530000C93102C424E624623DD394610232F4621
:10654000049D04E0103C102C01F1080117DD01321C
:106550001030072AC1E90063CDE91920F2DD18AA3D
:1065600029465846F5F78AFA00287FF489AB103C93
:10657000102CDDE919201BA94FF01003E7DC3D4684
:106580000F4601322118072ACDE919213E607C60AF
:1065900000F36C819DF843600837002E36D000264A
:1065A000FFF7B6BB049918AA5846F5F767FA002812
:1065B0007FF466ABDDE919211BAFFFF7CEBB20F4FA
:1065C00080620392DEE4099301230A930DF20F1512
:1065D000FFF78BBB0B9398F80030FFF776BA9D045A
:1065E0007FF531AA95E4069A002A7FF4CBAC10F02F
:1065F0000102059200F0348130238DF80F31069BA3
:106600000A9209930DF20F15FFF76FBB0C9B002B3D
:106610007FF48DABFFF79BBB039B0B9ADE0652F812
:10662000044B3FF598AD039B5D0640F1A18144F317
:10663000C0360B9224B23346FFF7D0BBFC1B0208D6
:106640000C1C02080B9B1A1D0B9B0B921B68002154
:106650008AE40B9B1A1D0B9B06981B680026B04210
:106660008DF843601C4657DB21F080010391002B1D
:106670007FF4C3AC069B0B92002B7FF462AD0A93B0
:106680000593099344ADFFF730BB0393FFF79CBB21
:10669000039BDA0600F13B81039B5B0600F13D8220
:1066A000039B9E0540F133810B9B079A1B681A7070
:1066B00040E6AC4A039911F0200100F0B2800B993A
:1066C000073121F0070108460446496854F8080BD1
:1066D0000B94039E16F00105059500F0888050EAA2
:1066E000010440F0D98000238DF84330069B002B35
:1066F000C0F2B281039B23F49063039300F00682FF
:1067000013788DF80F31059B0A93069B05930DF2C4
:106710000F15F9E6944ACDE70B920391FFF76CBB96
:1067200003990B9441F002010391104603F00F010D
:106730008D4A1B09515C8DF80F1100F083820221F4
:106740000591A9E50B9B1B688DF8AC3001230593DF
:106750000A932BADFFF7C6BB002A00F0CC81302393
:10676000FFF752BB039B43F02003039308F101089A
:1067700098F80030FFF7A9B9039B43F40073039323
:1067800008F1010898F80030FFF79FB9099B1393AF
:106790000822002116A8F6F71BFD069B002BC0F26D
:1067A00065810024059725461F460EE02BA9584613
:1067B000FAF78CFB411C284400F0FB81B84209DC4D
:1067C00004F1040400F004820546139A125916AB32
:1067D000002AEBD1059F069557E1089C059B099679
:1067E000E41A002C7FF7A3AA02230C93A1E6059BD1
:1067F0008DF84330069B002B27DB039B23F490632B
:10680000039350EA01035AD10699002900F06481EC
:1068100013788DF80F31012305910A930DF20F15AE
:1068200072E60B9C54F8040B0B94039C14F01004B8
:106830007FF44FAF039911F0400100F0C18080B2A6
:10684000214646E743F002030393039C00F00F0345
:1068500004F0020524F48064D35C0595039411E5EB
:10686000069B44ADCDE90933FFF73FBA049918AA56
:106870005846F5F703F9064600287FF401AA9DF86B
:106880004330DDE91921002B68D10C9B1BAF002B95
:106890007FF44DAAFFF75BBA8DF8453030238DF8B1
:1068A000443000238DF84330069B002B039BC9DB4B
:1068B00023F4906343F0020303930223059300F053
:1068C0000F03D35CDEE45846F5F786FBFFF7A9B863
:1068D000069A44AB5B1B9A42B8BF1A460A93002340
:1068E00005920993FFF701BA049918AA5846F5F7DB
:1068F000C5F800287FF4C4A9DDE919211BAFFFF713
:1069000026BA099D06930B960993FFF7EEB90B9BE8
:10691000079A1B681A600DE5069B144D0B96062B13
:1069200028BF062305930A930692FFF7DEB9002DD0
:1069300000F0EE80302301228DF80F310A922B46B1
:106940000DF20F15C2E4039C14F4007100F0F48002
:106950000146DBB20B922046FFF706BB1BAFFFF7E9
:10696000D7B900BF60AB01084CAB010874AB01089C
:10697000039B0B9298054ABF44F3C016E61764B216
:106980003346FFF72BBA039810F4007640F0CA8024
:1069900006998DF8436000291C46FFF62EAB03983C
:1069A00020F080000390002B7FF427AB0B9200298E
:1069B0007FF4C7AB0A910591099144ADFFF795B9F2
:1069C000039C14F4007414BFC0B2214681E60E9AF1
:1069D0000F99AD1A2846F6F785FC98F801300BB1EF
:1069E00008F10108A44AA31943F10003A2FB030C18
:1069F0002CF0030000EB9C001B1AE31A4FF0CC3183
:106A000066F1000603FB01F102FB0611A3FB023055
:106A100001445B0843EAC1744E08A31943F1000323
:106A2000A2FB031020F0030101EB90015B1AE31AB3
:106A3000A3FB023166F1000002FB00125B0843EA8F
:106A4000C27303EB8303A4EB4303303305F8013C2B
:106A50000120013DFFF730BB13788DF80F3126F48C
:106A600080630A9503930DF20F154DE516AB009365
:106A70000023194613AA5846FAF74EFA0346013383
:106A8000069000F09680099B1393069B43B3632BFB
:106A90006ADC002309932BAD0822002116A8F6F723
:106AA00097FB069C16AB009313AA2346294658462B
:106AB000FAF732FA844240F0CF80069900236B54F3
:106AC00021EAE17205929DF84320002A68D1CDE9C0
:106AD0000A160692FFF709B9069B0A9344AD13E51F
:106AE0009DF84330099D0B96003B18BF0123059389
:106AF000069B0A9308E59DF843303BB1069BCDE920
:106B00000933012344AD0593FFF793B9069BB6E51E
:106B1000069B0A9344ADFFF7D9BB0B9B079A1B68F2
:106B20001A8007E4DCB2069B8DF84310002B0E465A
:106B3000BFF65CAAFFF761BA03980B92FFF714BA8D
:106B4000099D2846F6F77CFF9DF843300A9020EA1D
:106B5000E0720592002B3FF4D4AE01320694059208
:106B60000B960994FFF765B9591C584601F06CF86B
:106B70000546F0B109908FE7886DF6F7F7FCFFF74F
:106B80003DB8002280460692FEF7A1BF049918AADC
:106B90005846F4F773FF00283FF45CA8FFF776B877
:106BA000069A0A92059A0B96013205920693FFF710
:106BB00040B90498B0F90C30426E43F04001D2075E
:106BC00081813FF5A6A999053FF5A3A9FFF7F1B883
:106BD000059F5AE7099D06920B960992FFF785B823
:106BE00042B1069A0B96511C05910A9206900990A3
:106BF000FFF71FB9069B09920B960A93059306921D
:106C0000FFF773B80B9A98F8013052F8041B0B92F7
:106C100041EAE17180460691FEF757BF049A536E30
:106C2000DF073FF576A993899E053FF572A9906D20
:106C3000F6F79CFCFFF76DB90DF20F15FFF73ABBA5
:106C4000059361E4069B0122012BB8BF01230DF2DD
:106C50000F150A92FFF73ABB049A938943F0400359
:106C60009381FFF70DB80398EEE40996FFF745B856
:106C70000993FFF769B800BFCDCCCCCC2DE9F0412A
:106C800098468B89ADF58D6D23F00203ADF80C307D
:106C90001AAB009304934FF48063029305934B6EF9
:106CA0001993CB89ADF80E30CB6907934B6A0993E2
:106CB00016460023074616A80D460693F6F750FC25
:106CC0003246434669463846FEF794FE061E6C4639
:106CD00007DB69463846F4F7E3FF002818BF4FF09A
:106CE000FF36A3895B0603D5AB8943F04003AB8134
:106CF000A06DF6F737FC30460DF58D6DBDE8F081DF
:106D00002DE9F0478F681D46AF420B680C461646CA
:106D100036D8B1F90CC01CF4906F0ED13D46184620
:106D200031462A46F6F7D8F9A368DF1B2368A76027
:106D30002B4400202360BDE8F0874A69096902EB13
:106D400042025F1A02EBD2726B1C52103B44934218
:106D500092BF914699461A461CF4806F804611D026
:106D6000114600F071FF824600B321693A46F6F7FA
:106D7000C7FDA38923F4906343F08003A38105E05A
:106D80002F46CCE700F062FF824658B10AEB0703BA
:106D9000A9EB0707A760C4F810A0C4F814902360FB
:106DA0002F46BCE72169404600F052FFA3890C2220
:106DB00043F04003C8F800204FF0FF30A381BAE74A
:106DC00008B5062000F004F80120ECF731FB00BF05
:106DD00038B5144B1F281D681ED8D5F83821044635
:106DE00062B152F820304BB1012B05D0591C0FD0A5
:106DF000002142F820109847002038BD284600F0B6
:106E000029F8224601462846BDE8384000F00CB873
:106E100016232B60012038BD16232B604FF0FF3066
:106E200038BD00BFEC07002070B50C46084D034686
:106E30000026204611461C462E6000F0FDFE431C35
:106E400000D070BD2B68002BFBD0236070BD00BF4D
:106E5000A821002000F0E8BED0400B00D1409C46A5
:106E6000203AD34018435242634693401843704738
:106E70009140030090409C46203A9340194352426F
:106E80006346D3401943704781F0004102E000BFE0
:106E900083F0004330B54FEA41044FEA430594EADA
:106EA000050F08BF90EA020F1FBF54EA000C55EA15
:106EB000020C7FEA645C7FEA655C00F0E2804FEAE6
:106EC0005454D4EB5555B8BF6D420CDD2C4480EAC8
:106ED000020281EA030382EA000083EA010180EAF8
:106EE000020281EA0303362D88BF30BD11F0004F46
:106EF0004FEA01314FF4801C4CEA113102D040427C
:106F000061EB410113F0004F4FEA03334CEA1333B6
:106F100002D0524263EB430394EA050F00F0A780CE
:106F2000A4F10104D5F1200E0DDB02FA0EFC22FAC9
:106F300005F2801841F1000103FA0EF2801843FABD
:106F400005F359410EE0A5F120050EF1200E012AAE
:106F500003FA0EFC28BF4CF0020C43FA05F3C018EC
:106F600051EBE37101F0004507D54FF0000EDCF165
:106F7000000C7EEB00006EEB0101B1F5801F1BD30E
:106F8000B1F5001F0CD349085FEA30004FEA3C0C12
:106F900004F101044FEA445212F5800F80F09A8008
:106FA000BCF1004F08BF5FEA500C50F1000041EB0C
:106FB000045141EA050130BD5FEA4C0C404141EB10
:106FC0000101013C28BFB1F5801FE9D291F0000F0B
:106FD00004BF01460020B1FA81F308BF2033A3F1BA
:106FE0000B03B3F120020CDA0C3208DD02F1140CB1
:106FF000C2F10C0201FA0CF021FA02F10CE002F1EC
:107000001402D8BFC2F1200C01FA02F120FA0CFCE4
:10701000DCBF41EA0C019040E41AA2BF01EB04512D
:10702000294330BD6FEA04041F3C1CDA0C340EDC2B
:1070300004F11404C4F1200220FA04F001FA02F36E
:1070400040EA030021FA04F345EA030130BDC4F12C
:107050000C04C4F1200220FA02F001FA04F340EA21
:107060000300294630BD21FA04F0294630BD94F0D2
:10707000000F83F4801306BF81F480110134013DB9
:107080004EE77FEA645C18BF7FEA655C29D094EA2A
:10709000050F08BF90EA020F05D054EA000C04BFA8
:1070A0001946104630BD91EA030F1EBF0021002093
:1070B00030BD5FEA545C05D14000494128BF41F032
:1070C000004130BD14F580043CBF01F5801130BD96
:1070D00001F0004545F0FE4141F470014FF0000021
:1070E00030BD7FEA645C1ABF194610467FEA655CD2
:1070F0001CBF0B46024650EA013406BF52EA033574
:1071000091EA030F41F4002130BD00BF90F0000F61
:1071100004BF0021704730B54FF4806404F132049D
:107120004FF000054FF0000150E700BF90F0000F56
:1071300004BF0021704730B54FF4806404F132047D
:1071400010F0004548BF40424FF000013EE700BF4D
:1071500042004FEAE2014FEA31014FEA02701FBFDD
:1071600012F07F4393F07F4F81F06051704732F00F
:107170007F4208BF704793F07F4F04BF41F4002166
:10718000704730B54FF4607401F0004521F00041C4
:107190001CE700BF50EA010208BF704730B54FF04E
:1071A00000050AE050EA010208BF704730B511F04F
:1071B000004502D5404261EB41014FF4806404F187
:1071C00032045FEA915C3FF4D8AE4FF003025FEA0D
:1071D000DC0C18BF03325FEADC0C18BF033202EB91
:1071E000DC02C2F1200300FA03FC20FA02F001FAEB
:1071F00003FE40EA0E0021FA02F11444BDE600BF8E
:1072000070B54FF0FF0C4CF4E06C1CEA11541DBF3C
:107210001CEA135594EA0C0F95EA0C0F00F0DEF807
:107220002C4481EA030621EA4C5123EA4C5350EAEC
:10723000013518BF52EA033541F4801143F480133D
:1072400038D0A0FB02CE4FF00005E1FB02E506F0CE
:107250000042E0FB03E54FF00006E1FB03569CF023
:10726000000F18BF4EF0010EA4F1FF04B6F5007F29
:1072700064F5407404D25FEA4E0E6D4146EB06069B
:1072800042EAC62141EA55514FEAC52040EA5E5024
:107290004FEACE2EB4F1FD0C88BFBCF5E06F1ED8CE
:1072A000BEF1004F08BF5FEA500E50F1000041EB05
:1072B000045170BD06F0004646EA010140EA0200B2
:1072C00081EA0301B4EB5C04C2BFD4EB0C0541EAD4
:1072D000045170BD41F480114FF0000E013C00F3E9
:1072E000AB8014F1360FDEBF002001F0004170BD0D
:1072F000C4F10004203C35DA0C341BDC04F1140426
:10730000C4F1200500FA05F320FA04F001FA05F2B1
:1073100040EA020001F0004221F0004110EBD3707E
:1073200021FA04F642EB06015EEA430E08BF20EAAA
:10733000D37070BDC4F10C04C4F1200500FA04F34D
:1073400020FA05F001FA04F240EA020001F00041DF
:1073500010EBD37041F100015EEA430E08BF20EA52
:10736000D37070BDC4F1200500FA05F24EEA020E9A
:1073700020FA04F301FA05F243EA020321FA04F0C9
:1073800001F0004121FA04F220EA020000EBD37080
:107390005EEA430E08BF20EAD37070BD94F0000F80
:1073A0000FD101F00046400041EB010111F4801FB4
:1073B00008BF013CF7D041EA060195F0000F18BF65
:1073C000704703F00046520043EB030313F4801FA1
:1073D00008BF013DF7D043EA0603704794EA0C0F5B
:1073E0000CEA135518BF95EA0C0F0CD050EA410671
:1073F00018BF52EA4306D1D181EA030101F00041EE
:107400004FF0000070BD50EA410606BF1046194615
:1074100052EA430619D094EA0C0F02D150EA013621
:1074200013D195EA0C0F05D152EA03361CBF104662
:1074300019460AD181EA030101F0004141F0FE4101
:1074400041F470014FF0000070BD41F0FE4141F485
:10745000780170BD70B54FF0FF0C4CF4E06C1CEA85
:1074600011541DBF1CEA135594EA0C0F95EA0C0F3A
:1074700000F0A7F8A4EB050481EA030E52EA0335F5
:107480004FEA013100F088804FEA03334FF0805516
:1074900045EA131343EA12634FEA022245EA111543
:1074A00045EA10654FEA00260EF000419D4208BFF4
:1074B000964244F1FD0404F5407402D25B084FEAA1
:1074C0003202B61A65EB03055B084FEA32024FF44D
:1074D00080104FF4002CB6EB020E75EB030E22BFAA
:1074E000B61A754640EA0C005B084FEA3202B6EB6A
:1074F000020E75EB030E22BFB61A754640EA5C0019
:107500005B084FEA3202B6EB020E75EB030E22BFA8
:10751000B61A754640EA9C005B084FEA3202B6EBA9
:10752000020E75EB030E22BFB61A754640EADC0068
:1075300055EA060E18D04FEA051545EA16754FEACA
:1075400006164FEAC30343EA52734FEAC2025FEAE8
:107550001C1CC0D111F4801F0BD141EA00014FF077
:1075600000004FF0004CB6E711F4801F04BF014348
:107570000020B4F1FD0C88BFBCF5E06F3FF6AFAE64
:10758000B5EB030C04BFB6EB020C5FEA500C50F1F4
:10759000000041EB045170BD0EF0004E4EEA113177
:1075A00014EB5C04C2BFD4EB0C0541EA045170BD7E
:1075B00041F480114FF0000E013C90E645EA060EC2
:1075C0008DE60CEA135594EA0C0F08BF95EA0C0FF0
:1075D0003FF43BAF94EA0C0F0AD150EA01347FF438
:1075E00034AF95EA0C0F7FF425AF104619462CE70F
:1075F00095EA0C0F06D152EA03353FF4FDAE104672
:10760000194622E750EA410618BF52EA43067FF4C2
:10761000C5AE50EA41047FF40DAF52EA43057FF452
:10762000EBAE12E74FF0FF3C06E000BF4FF0010C5D
:1076300002E000BF4FF0010C4DF804CD4FEA410CC1
:107640007FEA6C5C4FEA430C18BF7FEA6C5C1BD08E
:1076500001B050EA410C0CBF52EA430C91EA030F0F
:1076600002BF90EA020F0020704710F1000F91EA6C
:10767000030F58BF994208BF90422CBFD8176FEA3A
:10768000E37040F0010070474FEA410C7FEA6C5C08
:1076900002D150EA013C07D14FEA430C7FEA6C5C0F
:1076A000D6D152EA033CD3D05DF8040B704700BF3B
:1076B0008446104662468C461946634600E000BF89
:1076C00001B5FFF7B7FF002848BF10F1000F01BD5B
:1076D0004DF808EDFFF7F4FF0CBF012000205DF826
:1076E00008FB00BF4DF808EDFFF7EAFF34BF0120AB
:1076F00000205DF808FB00BF4DF808EDFFF7E0FF44
:1077000094BF012000205DF808FB00BF4DF808ED94
:10771000FFF7CEFF94BF012000205DF808FB00BFFB
:107720004DF808EDFFF7C4FF34BF012000205DF8DD
:1077300008FB00BF4FEA410C7FEA6C5C02D150EAC3
:10774000013C0AD14FEA430C7FEA6C5C02D152EA59
:10775000033C02D14FF0000070474FF0010070472A
:107760004FEA410212F5001215D211D56FF4787369
:10777000B3EB625212D94FEAC12343F0004343EA0C
:10778000505311F0004F23FA02F018BF40427047E7
:107790004FF00000704750EA013005D111F0004071
:1077A00008BF6FF0004070474FF00000704700BF07
:1077B0004A0011D212F5001211D20DD56FF4787370
:1077C000B3EB62520ED44FEAC12343F0004343EAC5
:1077D000505323FA02F070474FF00000704750EA10
:1077E000013002D14FF0FF3070474FF0000070477A
:1077F0004FEA4102B2F1E04324BFB3F5001CDCF1D3
:10780000FE5C0DD901F0004C4FEAC0024CEA50700A
:10781000B2F1004F40EB830008BF20F00100704739
:1078200011F0804F21D113F13872BCBF01F000403C
:10783000704741F480114FEA5252C2F11802C2F16E
:10784000200C10FA0CF320FA02F018BF40F00100EF
:107850004FEAC1234FEAD32303FA0CFC40EA0C00A1
:1078600023FA02F34FEA4303CCE77FEA625307D1DE
:1078700050EA01331EBF4FF0FE4040F44000704715
:1078800001F0004040F0FE4040F40000704700BFAF
:1078900053B94AB9002908BF00281CBF4FF0FF3177
:1078A0004FF0FF3000F0BEB9ADF1080C6DE904CE29
:1078B00000F03CF8DDF804E0DDE9022304B0704795
:1078C00038B50022002304460D46FFF70BFF28B908
:1078D00020462946BDE8384000F00AB8204605F1A8
:1078E000004100F005F8404261EB410138BD00BFA6
:1078F000D0B50C4B002206460F46FFF781FCFFF780
:1079000057FF0446FFF702FC074B0022FFF778FC05
:1079100002460B4630463946FFF7BAFAFFF748FFF2
:107920002146D0BD0000F03D0000F0412DE9F047B8
:10793000089D0F4604468C46002B48D18A421646C5
:1079400061D9B2FA82F34BB1C3F1200201FA03FC10
:1079500020FA02F29E4042EA0C0C9C404FEA164E7E
:10796000B7B2BCFBFEF1220C0EFB11CC42EA0C427A
:1079700001FB07F0904209D9B21801F1FF3C80F0F9
:10798000EE80904240F2EB8002393244121AA4B2E7
:10799000B2FBFEF00EFB102244EA024400FB07F7A4
:1079A000A74209D9341900F1FF3280F0DA80A742EA
:1079B00040F2D7803444023840EA0140E41B002101
:1079C0001DB1DC400023C5E90043BDE8F0878B42D0
:1079D00006D90DB1C5E9000100210846BDE8F087D0
:1079E000B3FA83F1002948D1BB4202D3824200F2AC
:1079F0000781841A67EB030201209446002DE4D02E
:107A0000C5E9004CE1E7002A00F09280B2FA82F367
:107A1000002B40F0A8808A1A4FEA164E1FFA86FC07
:107A20000121200CB2FBFEF70EFB172240EA0242B6
:107A30000CFB07F0904207D9B21807F1FF3802D2C9
:107A4000904200F2E2804746121AA4B2B2FBFEF066
:107A50000EFB102244EA02440CFB00FCA44507D9AB
:107A6000341900F1FF3202D2A44500F2CB80104657
:107A7000A4EB0C0440EA0740A2E7C1F120068B40CA
:107A800022FA06FC4CEA030C07FA01F420FA06F38A
:107A9000F7404FEA1C49234300FA01F81FFA8CFE15
:107AA000B7FBF9F01C0C09FB107744EA074400FB14
:107AB0000EF7A74202FA01F20AD91CEB040400F106
:107AC000FF3A80F09B80A74240F2988002386444DD
:107AD000E41B9FB2B4FBF9F309FB134447EA0444E7
:107AE00003FB0EFEA64509D91CEB040403F1FF3786
:107AF00080F08280A6457FD9023B644443EA00407F
:107B0000A4EB0E04A0FB02E7BC427346B94663D364
:107B100060D05DB1B8EB030264EB090404FA06F629
:107B200022FA01F31E43CC40C5E9006400214CE772
:107B30006208480842EAC1710B0C43EA00438AB26A
:107B400042EA0342B3FBF6F1E407B4463746B646D1
:107B50001F23B0FBF6F0D21B41EA004161E761460A
:107B600014E7104628E7C3F1200120FA01F29E40F5
:107B700027FA01F19F403A434FEA164E1FFA86FC5E
:107B8000B1FBFEF70EFB1710110C41EA004107FB99
:107B90000CF8884504FA03F43AD9711807F1FF305C
:107BA00001D288451FD8A1EB0801B1FBFEF808FB04
:107BB0000CF70EFB181192B242EA0142BA422FD2E0
:107BC000B21808F1FF31C6D2BA42C4D2A8F10201FC
:107BD0003244C0E7F0459CD2BEEB020367EB0C07D2
:107BE0000138B94695E7A6EB08084144B81EB1FB39
:107BF000FEF808FB0CF7DCE73B467FE7504667E7FB
:107C00000846FBE63444023832E7023F32441BE7C1
:107C1000A1EB08013846B1FBFEF808FB0CF7C8E7FA
:107C2000414698E7704700BF024B58221A604FF058
:107C3000FF307047A8210020024B58221A604FF0F5
:107C4000FF307047A821002000F090B900F05ABC26
:107C500000F094B800F000B838B5A1FB021454BB92
:107C6000FFF7F2FF054650B350F8042C22F0030250
:107C7000043A242A10D8132A13D91B2AC0E9004435
:107C800016D9242AC0E902440ABFC0E9044400F11D
:107C9000100200F1180205E02146F5F799FA28468E
:107CA00038BD02460023C2E900339360284638BD40
:107CB00000F10802F6E7F5F725FC0C230360002528
:107CC000284638BD2DE9F84306460820894600F0CD
:107CD000CFFDDFF8A48005463046EBF7C9FBD8F8A6
:107CE00008305F6827F00307A7F11104A4EB09042B
:107CF0002C44B4FBF5F4013C05FB04F4A54208DC7C
:107D00000021304600F0A2FDD8F808303B449842EC
:107D100005D03046EBF7B0FB0020BDE8F8836142A8
:107D2000304600F093FD01300FD0114AD8F80830EA
:107D30003F1B47F001075F60136830461B1B136051
:107D4000EBF79AFB0120BDE8F8830021304600F0F4
:107D50007DFDD8F80820831A0F2BDADD43F00103EC
:107D60005360044B02491B68C01A0860D1E700BF8A
:107D7000B0210020300900203809002000295BD004
:107D8000F8B50C460746EBF773FB54F804CC744D7A
:107D9000A4F108022CF00103D118A8684E688842AB
:107DA00026F003060CF0010E7ED088194E60406864
:107DB00000F00100BEF1000F2FD154F8084C121B47
:107DC0002344946805F1080C644562D0D2F80CE0B5
:107DD000C4F80CE0CEF8084000287FD043F0010042
:107DE00050600B60B3F5007F2FD2D90868685C093A
:107DF0000131012309B2A34003436B6055F8310000
:107E0000906005EBC103083BD36045F83120C260A8
:107E10003846BDE8F840EBF72FBB70B9334405F1A5
:107E2000080C8868604543F0010471D0C968C160DE
:107E300088605460D350D5E770474CF00101B3F52A
:107E4000007F44F8041CD350CFD3B3F5206F4FEA22
:107E5000532045D2980900F1390109B200F13804E4
:107E6000C900681869580838884203D157E0896802
:107E7000884204D04C6824F003049C42F7D8C868B8
:107E8000C2E9021082603846CA60BDE8F840EBF7EC
:107E9000F3BA88BB1E44D1E90213CB60996046F067
:107EA000010353609651B3E71E44BEF1000F07D1A2
:107EB00054F8083CD21A1E44D2E90213CB609960F0
:107EC00046F001035360274BAA601B68B3429FD85A
:107ED000254B38461968FFF7F5FE99E73344A0E7CC
:107EE00014280ED9542821D8180B00F16F0109B2BB
:107EF00000F16E04C900B4E743F0010050600B606C
:107F000086E700F15C0109B200F15B04C900A8E753
:107F1000C5E90422C2E902CC5460D35078E76E6808
:107F2000A4100123A34033436B60A9E7B0F5AA7FF7
:107F300007D8D80B00F1780109B200F17704C90025
:107F40008FE740F25451884206D8980C00F17D0129
:107F500000F17C04C90084E74FF47E717E2480E741
:107F60003809002034090020E02100202DE9F04FDD
:107F700001F10B05162D83B0064623D8102900F217
:107F8000B480EBF775FA102518230220B84F3B4454
:107F9000A3F108025C68944200F064816368E268BF
:107FA000A16823F00303CA602344304691605A68F5
:107FB00042F001025A60EBF75FFA0834204603B042
:107FC000BDE8F08F35F0070500F18F80A94200F27F
:107FD0008C80EBF74DFAB5F5FC7FC0F0B8815FEA15
:107FE000552E00F08980BEF1040F00F270814FEA37
:107FF000951E0EF1390003B20EF1380EDB009C4FD6
:108000003B44A3F1080C5C68A44507D10DE0002AAD
:10801000E16880F221818C4507D00C46636823F02B
:1080200003035A1B0F2AF2DD7046DFF85C823C69BD
:10803000444500F0FE80636823F0030CACEB0503BD
:108040000F2B00F38981002BC7E9048880F273812C
:10805000BCF5007FD7F804E080F018814FEADC031C
:10806000013319B24FEA5C1C012303FA0CF357F8F1
:108070003120A2604EEA030E07EBC103083BE36028
:10808000C7F804E047F83140D46083104FF0010C8A
:108090000CFA03FCF44535D81CEA0E0F08D120F089
:1080A00003004FEA4C0C1CEA0E0F00F10400F8D05C
:1080B00007EBC00AD6468146DEF80C300BE0596863
:1080C00021F003014A1B0F2A1C46DB6800F30F81D5
:1080D000002A80F223819E45F1D109F1010919F0AE
:1080E000030F0EF1080EE7D161E10C233360002489
:1080F000204603B0BDE8F08F4FF4007340204FF0EE
:108100003F0E7CE7BC68636823F00309A94504D3EC
:10811000A9EB05030F2B00F38F80564B1B6808203B
:1081200003F1100804EB0903009300F0A1FB524A8D
:1081300013680133A844834605D008F1FF38804412
:10814000434203EA08084146304600F07FFBB0F1A5
:10815000FF3F494A824600F01B8104EB090383423A
:1081600000F21481454B186840440BF1FF3C186045
:1081700000F072811168013100F07A8104EB09028C
:10818000AAEB020202441A601AF00702CDE90023AA
:1081900000F03281C2F108029244D04408EA0C0196
:1081A0005A44521A02EA0C0B5946304600F04EFB74
:1081B000421C019B00F07981A0EB0A0000EB0B0848
:1081C0001868C7F808A048F001025844BC42CAF831
:1081D0000420186016D0B9F10F0F40F24C8161688D
:1081E000A9F10C0222F0070201F0010111436160C4
:1081F0004FF0050CA1180F2AC1E901CC00F25D81F6
:10820000DAF804201E4B1968814238BF18601D4BF4
:108210001968814238BF1860544622F00308A84507
:10822000A8EB050301D30F2B06DC3046EBF724F94E
:108230005DE7D7F804E028E7621943F0010345F051
:10824000010565603046BA605360EBF715F90834F4
:10825000204603B0BDE8F08FA2682344D1603046C9
:108260008A60A4E6DC68A3427FF498AE0230DCE6C4
:1082700038090020E021002030090020B021002032
:10828000DC210020D821002040090020BCF5206F0F
:108290004FEA5C2272D3142A00F2C18002F15C031F
:1082A0001BB25B32DB00F918FB580839994203D145
:1082B00098E09B68994204D05A6822F00302624514
:1082C000F7D8D968C4E902318C60DC60DDE6BEF124
:1082D000140F60D9BEF1540F00F2AB804FEA153E87
:1082E0000EF16F0003B20EF16E0EDB0087E6D4F8DC
:1082F00008C03046661945F001056560CCF80C30C1
:10830000C3F808C042F00103C7E90466C6E9028861
:1083100073606250EBF7B0F80834E9E62144304668
:108320004A6842F001024A6054F8082FD3609A600C
:10833000EBF7A2F8DCE6A4443046DCF8043043F066
:108340000103CCF80430EBF797F80834D0E6E808DE
:10835000431C1BB2DB0019E6621943F0010145F032
:10836000010565603046C7E90422C2E90288516010
:1083700044F80C30EBF780F80834B9E64FEA9C1269
:1083800002F139031BB23832DB008CE7BC425CD00F
:10839000BC68626841E70EF15C0003B20EF15B0E4F
:1083A000DB002CE65AF80839534540F0A68010F05F
:1083B000030F00F1FF30F5D17B6823EA0C037B60EB
:1083C0004FEA4C0C9C453FF69DAEBCF1000F04D12A
:1083D00098E64FEA4C0C09F104091CEA030FF8D0A7
:1083E000484665E692104FF0010C0CFA02F24EEA94
:1083F000020EC7F804E065E70AEB080202EA0C0285
:10840000ABEB020202EA0C0B5946304600F01EFAB2
:10841000431C019B7FF4D0AEDDF800B0D0E6542AB7
:108420002DD84FEA1C3202F16F031BB26E32DB0013
:1084300039E7BEF5AA7F2DD84FEAD53E0EF1780078
:1084400003B20EF1770EDB00D9E52D4B18684044DE
:108450000BF1FF3C18608DE61AEA0C0F7FF48AAE30
:10846000D7F808A0C84448F00102CAF80420C9E6B9
:10847000C2F800A088E60123CAF80430D5E6B2F5B8
:10848000AA7F25D84FEADC3202F178031BB277329B
:10849000DB0008E740F254539E4524D8AB0C03F1AF
:1084A0007D0003F17C0EC300A9E5009A083A9044D0
:1084B000A8EB0A084FF0000B82E6304604F10801F1
:1084C0000093FFF7C5FB009BD7F808A0186897E654
:1084D00040F254539A420CD84FEA9C4202F17D0379
:1084E000DB007C32DFE64FF47E737F204FF07E0EA0
:1084F00085E54FF47E737E22D5E67B6860E700BF9A
:10850000B02100202DE9F84F1646002900F0988090
:108510000C46804606F10B05EAF7AAFF54F8041C46
:10852000162DA4F1080921F0030758D81025AE42F2
:1085300058D8AF4262DABF4B9A6809EB070C624524
:10854000DCF8040000F0928020F0010363445B68D3
:10855000DB076AD420F003003B189D4249DDCB07BE
:1085600012D454F8083CA9EB030BDBF8043023F0D9
:108570000302104400EB070A554540F3F88007EB6F
:10858000020A554540F3CE8031464046FFF75CFB7A
:108590000646002800F0228154F8043C23F0010331
:1085A0004B44A0F10802934200F0B6803A1F242AFF
:1085B00000F2D980132A00F2A480034622461168F3
:1085C00019605168596092689A6021464046FFF7E9
:1085D0003FFB4046EAF750FF3046BDE8F88F35F0E4
:1085E0000705A4D50C23C8F8003000263046BDE8A6
:1085F000F88F1F46DCE90223D3609A60D9F8043073
:108600007A1B0F2A03F0010309EB07001DD83B4337
:10861000C9F80430436843F0010343604046EAF779
:108620002BFF26463046BDE8F88FC907ACD454F876
:10863000083CA9EB030BDBF8043023F003029EE7B0
:10864000BDE8F84F1146FFF7FFBA09EB05012B43D0
:1086500042F00102C9F804304A60436843F0010364
:10866000436008314046FFF7F3FAD7E720F00300F4
:10867000C21905F1100C624580F29180CA0783D4BB
:1086800054F8082CA9EB020BDBF8042022F00302BB
:10869000104400EB070AD4453FF771AF5E46DBF8A4
:1086A0000C1056F8080F3A1F242AC160886000F2A7
:1086B000AE80132A40F2A9802168CBF808106168C7
:1086C000CBF80C101B2A00F2A88008340BF1100222
:1086D0002168116061685160A16891600BEB050130
:1086E000AAEB050242F0010299604A60DBF804300F
:1086F00003F001032B434046CBF80430EAF7BCFEFD
:1087000090E723680360636843601B2A3CD804F148
:10871000080200F1080352E750F8043C23F0030379
:108720001F446BE73A1F5E46DBF80C3056F8081F13
:10873000242ACB60996022D8132A1ED92368CBF84B
:1087400008306368CBF80C301B2A3BD808340BF197
:10875000100322681A6062685A60A2689A60344600
:108760005746D9464AE72146F4F7B6FC2DE7DCE93F
:1087700002133A1FCB609960D5E73346E9E72146FB
:108780003046F4F7A9FCEAE7A3688360E368C360B6
:10879000242A27D004F1100200F110030FE709EB9F
:1087A00005019960531B43F001034B6054F8043CEE
:1087B00003F001032B43404644F8043CEAF75CFE17
:1087C00026462FE7A368CBF81030E368CBF81430C7
:1087D000242A10D010340BF11803BAE74046EAF708
:1087E0004BFE02E7236903616169416104F11802EC
:1087F00000F11803E3E62369CBF818306369CBF87E
:108800001C3018340BF12003A3E7324660E7214601
:108810003046F4F761FC074B60E7A168CBF8101015
:10882000E168CBF81410242A06D010340BF118029A
:108830004EE700BF380900202269CBF81820626992
:10884000CBF81C2018340BF1200241E738B5074D56
:108850000022044608462A60EAF7C8FD431C00D0FF
:1088600038BD2B68002BFBD0236038BDA821002029
:10887000082802D14FF48050704708B5F4F742FE43
:10888000162303604FF0FF3008BD00BFF8B500BFEE
:10889000F8BC08BC9E467047F8B500BFF8BC08BCE1
:1088A0009E46704771756974000A3D3D3D3D3D3DF2
:1088B0003D3D3D3D3D204D617463686573203D3D08
:1088C0003D3D3D3D3D3D3D3D3D0A004E6F206D61CE
:1088D000746368657320666F756E642E0A00446564
:1088E000766963652049443A2025642C205253530D
:1088F000493A2025642064426D0A006C6973740053
:108900006368617420002564005B4552524F525DDC
:1089100020496E76616C696420636F6D6D616E6471
:108920002E205573653A2063686174203C49443EAB
:108930000A005B4552524F525D20556E6B6E6F7749
:108940006E20636F6D6D616E642E20417661696C7F
:1089500061626C653A206C6973742C206368617481
:10896000203C49443E0A005B4552524F525D204430
:108970006576696365202564206E6F7420696E20BA
:108980006D61746368206C697374210A005B4552E1
:10899000524F525D20496E76616C696420696E7039
:1089A00075742E20456E74657220312028616363D2
:1089B00065707429206F72203020286465636C69AB
:1089C0006E65292E0A000A3D3D3D3D3D3D3D3D3D44
:1089D0003D3D3D3D3D3D3D3D3D3D3D3D3D3D3D3DC7
:1089E0003D3D3D3D3D3D3D3D3D3D3D3D3D3D3D0AEA
:1089F000004C6F526120446174696E672043686166
:108A0000742053797374656D0A000A456E7465723B
:108A100020796F757220646576696365204944200A
:108A200028312D323534293A2000496E76616C693F
:108A3000642049442120506C6561736520656E7423
:108A4000657220312D3235342E0A00456E74657200
:108A500020746865204944206F66206465766963E8
:108A60006520796F75206C696B652028312D323552
:108A700034293A2000596F752063616E6E6F74203F
:108A80006C696B6520796F757273656C6621205413
:108A9000727920616761696E2E0A00436F6E6669A4
:108AA0006775726174696F6E20636F6D706C657449
:108AB00065210A0057616974696E6720666F7220CC
:108AC0006D6174636865732E2E2E0A00436F6D6DA1
:108AD000616E64733A0A002020276C697374272042
:108AE0002D2053686F77206D61746368656420641E
:108AF0006576696365730A002020276368617420C6
:108B00003C49443E27202D205374617274206368D1
:108B100061740A002020277175697427202D204573
:108B20006E642063757272656E7420636861740A86
:108B3000003D3D3D3D3D3D3D3D3D3D3D3D3D3D3DA2
:108B40003D3D3D3D3D3D3D3D3D3D3D3D3D3D3D3D55
:108B50003D3D3D3D3D3D3D3D3D0A0A005B57415297
:108B60004E494E475D206D79494420616E64206412
:108B7000657374696E6174696F6E2049442069730E
:108B8000207468652073616D6521206D793A2569CF
:108B90002C20646573743A25690A005B4C325D20B1
:108BA0004661696C656420746F20636F6E666967E7
:108BB000206465737420746F2049442025690A007D
:108BC0005B4C325D205374617465207472616E7306
:108BD0006974696F6E2066726F6D20256920746FED
:108BE0002025690A000A5B4C325D20202D2D3E2095
:108BF0004441544120494E44203A207372633A253F
:108C0000692C2073697A653A25692074797065202A
:108C10003A202569204252203A2025690A000A0A92
:108C200020504455206572726F72210A005B4C32ED
:108C30005D204661696C656420746F20636F6E66A9
:108C40006967205372632049442061742050485959
:108C500020286361757365203A202569290A005B25
:108C60004C335D2044657669636520494420636820
:108C7000616E67656420746F2025640A000A5B4D8D
:108C8000415443485D20446576696365202564202E
:108C90006C696B657320796F752120285253534995
:108CA0003A202564290A000A5B434841545D204369
:108CB00068617420726571756573742066726F6D7A
:108CC000206465766963652025640A0041636365F5
:108CD00070743F2028313A20596573202F20303A94
:108CE000204E6F293A20000A5B434841545D2052D0
:108CF0006571756573742066726F6D2025642072CE
:108D0000656A6563746564202862757379290A0051
:108D10000A5B434841545D2043686174206163638A
:108D20006570746564206279206465766963652086
:108D30002564210A000A5B434841545D204465765E
:108D4000696365202564206465636C696E65640AE7
:108D5000000A5B4465766963652025645D3A2025D9
:108D6000730A000A5B434841545D20446576696399
:108D7000652025642068617320656E6465642074D5
:108D8000686520636861740A005B434841545D2054
:108D9000416C726561647920696E20636861740A50
:108DA000005B434841545D20526571756573746979
:108DB0006E672063686174207769746820646576E3
:108DC0006963652025642E2E2E0A000A5B43484104
:108DD000545D2043686174206163636570746564E9
:108DE0002077697468206465766963652025640A64
:108DF000000A5B434841545D204368617420646508
:108E0000636C696E65640A000A5B4552524F525D9D
:108E100020496E76616C696420696E7075742E20CD
:108E2000547970652031206F7220300A005B43480E
:108E300041545D204E6F7420696E206163746976C1
:108E40006520636861740A005B434841545D2045B6
:108E50006E64696E67206368617420776974682046
:108E60006465766963652025640A000A5B4C335D9E
:108E700020436861742050726F746F636F6C204977
:108E80006E697469616C697A65640A004D7920497C
:108E9000443A2025642C2049206C696B65204944A4
:108EA0003A2025640A005B48414C5D206572726F70
:108EB00072206F6E20636F6E6669672070617261E9
:108EC0006D65746572203A2074696D652069732040
:108ED000746F6F206C6F6E6721202825692C206DC0
:108EE000757374206265206C657373207468616E9D
:108EF00020313032342E20696620796F75207761F9
:108F00006E74206C6F6E676572206F6E652C2074B6
:108F100068656E20646F20636F6E74696E6F757321
:108F2000206D6F64652028727854696D65203D203E
:108F3000302920290A005B48414C5D5B5741524E65
:108F4000494E475D2064617461207261746520251B
:108F500069206973207472756E6361746564005B67
:108F600048414C5D205B4552524F525D204661693D
:108F70006C656420746F20646F205258203A206D15
:108F80006F64656D2073657474696E672069732002
:108F9000696E76616C696420282569290A0046613A
:108FA000696C656420746F20616363657074204828
:108FB000414C20636D643A207061636B6574206975
:108FC0007320656D707479210A004661696C65646F
:108FD00020746F206163636570742048414C206386
:108FE0006D643A207061636B65742073697A6520E3
:108FF000697320746F6F206C61726765212028256A
:1090000069290A005B48414C5D205B4552524F5232
:109010005D204661696C656420746F20646F205424
:10902000582C20696E76616C6964206D6F64656D83
:109030002073746174757320282569290A005B48C0
:10904000414C5D205B4552524F525D2046534D20AE
:109050006661696C20647572696E67204857206488
:109060006F6E652068616E646C6572202852582CA2
:10907000204352434E4F4B290A005B48414C5D2030
:109080005B4552524F525D2046534D206661696CDC
:1090900020647572696E6720485720646F6E652082
:1090A00068616E646C6572202852582C20435243CC
:1090B0004F4B290A005B48414C5D205B4552524FA3
:1090C000525D2046534D206661696C20647572695B
:1090D0006E6720485720646F6E652068616E646C0F
:1090E000657220285458290A005B4552524F525D40
:1090F00020737461746520697320776569726420D8
:109100003A25690A005B48414C5D205B4552524F4D
:10911000525D2048414C20696E697469616C697ABE
:109120006174696F6E206661696C6564203A2063C2
:109130006F6D6D6F6E207265736F757263652073EE
:1091400074617465202825692920697320696E7609
:10915000616C69640A000A09202020496E697469FB
:10916000616C697A696E6720526164696F20496E2B
:10917000746572727570742068616E646C65727368
:10918000200A005B4552524F525D206661696C6552
:109190006420696E20696E6974696174696E672004
:1091A000726164696F203A206D656D6F727920611C
:1091B0006C6C6F63206661696C65640A00426F6164
:1091C000726420636F6E6E6563746564203A202557
:1091D000690A005B48414C5D205B4552524F525D2D
:1091E0002046534D206661696C20647572696E6714
:1091F00020736C656570696E670A005B48414C5D61
:10920000205B4552524F525D2046534D20666169A6
:109210006C20647572696E672048572074696D65AB
:109220002068616E646C65720A005B48414C5D2089
:109230005B4552524F525D2046534D206661696C2A
:1092400020647572696E6720525873746172740A73
:10925000005B48414C5D205B4552524F525D2046B9
:10926000534D206661696C2072782061626F727460
:1092700020647572696E6720747853746172740A21
:10928000005B48414C5D205B4552524F525D204689
:10929000534D206661696C20647572696E67207435
:1092A0007853746172740A006D6F64656D20737415
:1092B00061746520697320696E76616C6964284603
:1092C000534B2C207768696368206973206E6F7434
:1092D00020737570706F72746564206E6F77290AE1
:1092E000005B48414C5D5B4552524F525D204661E8
:1092F000696C656420746F207374617274205258B5
:1093000020636F6E66696775726174696F6E203A6B
:10931000207374617465206D69736D617463682076
:109320006F72207265736F75726365206973206E4A
:109330006F74206F776E6564206279205258202800
:109340002569290A005B48414C5D5B4552524F52EA
:109350005D204661696C656420746F20737461726E
:109360007420545820636F6E666967757261746902
:109370006F6E203A207374617465206D69736D613E
:10938000746368206F72207265736F7572636520F5
:109390006973206E6F74206F776E65642062792028
:1093A000545820282569290A005B48414C5D5B45DB
:1093B00052524F525D204661696C656420746F2083
:1093C00073657420706172616D6574657220506F91
:1093D000776572202D207374617465206D69736DDB
:1093E00061746368206F7220726573206973206EE8
:1093F0006F74206F776E656420627920256920285C
:109400002569290A005B48414C5D5B4552524F5229
:109410005D204661696C656420746F2073746172AD
:109420007420525820636F6E666967757261746943
:109430006F6E203A207374617465206D69736D617D
:10944000746368206F72207265736F757263652034
:109450006973206E6F74206F776E65642062792067
:10946000545820282569290A005B48414C5D5B451A
:1094700052524F525D204661696C656420746F20C2
:1094800073657420706172616D65746572205278C5
:1094900054696D65202D207374617465206D697346
:1094A0006D61746368206F72207265732069732028
:1094B0006E6F74206F776E65642062792025692055
:1094C000282569290A005B48414C5D5B4552524F93
:1094D000525D204661696C656420746F2073657409
:1094E00020706172616D6574657220436F646552AE
:1094F000617465202D207374617465206D69736DCE
:1095000061746368206F7220726573206973206EC6
:109510006F74206F776E656420627920256920283A
:109520002569290A005B48414C5D5B4552524F5208
:109530005D204661696C656420746F2073657420DA
:10954000706172616D65746572204461746152610D
:109550007465202D207374617465206D69736D616D
:10956000746368206F7220726573206973206E6F58
:1095700074206F776E656420627920256920282524
:1095800069290A005B48414C5D5B4552524F525D70
:10959000204661696C656420746F20736574207067
:1095A0006172616D65746572204C6F7744524F70C3
:1095B00074202D207374617465206D69736D6174FE
:1095C0006368206F7220726573206973206E6F74F8
:1095D000206F776E656420627920256920282569CF
:1095E000290A005B48414C5D205B5741524E494E71
:1095F000475D20726573657276696E6720636F6D73
:109600006D6F6E207265736F757263652077697414
:109610006820656E74697479204E4F4E452E0A009D
:109620005B48414C5D205B4552524F525D20466184
:10963000696C656420746F2072657365727665204D
:109640007265736F75726365203A20616C72656133
:109650006479206F63637570696564206279202581
:10966000690A005B48414C5D205B4552524F525D98
:109670002046534D206661696C20647572696E677F
:10968000207265736F75726365207265736572769B
:109690006174696F6E0A005B48414C5D5B455252D4
:1096A0004F525D204661696C656420746F2073655C
:1096B0007420706172616D65746572204257202D4F
:1096C000207374617465206D69736D6174636820C3
:1096D0006F7220726573206973206E6F74206F77CC
:1096E0006E656420627920256920282569290A0091
:1096F0005B48414C5D5B4552524F525D204661696B
:109700006C656420746F2073657420706172616D84
:109710006574657220507265616D626C654C656E32
:10972000202D207374617465206D69736D6174639D
:1097300068206F7220726573206973206E6F7420C9
:109740006F776E6564206279202569202825692954
:109750000A005B48414C5D5B4552524F525D2046CA
:1097600061696C656420746F207365742070617228
:10977000616D65746572205258436F6E742E202D92
:10978000207374617465206D69736D617463682002
:109790006F7220726573206973206E6F74206F770B
:1097A0006E656420627920256920282569290A00D0
:1097B0005B48414C5D5B4552524F525D20466169AA
:1097C0006C656420746F2073657420706172616DC4
:1097D000657465722046726571204348202D2073A0
:1097E00074617465206D69736D61746368206F7254
:1097F00020726573206973206E6F74206F776E65B9
:109800006420627920256920282569290A005B489F
:10981000414C5D205B4552524F525D2046534D20D6
:109820006661696C20647572696E67205357207495
:10983000696D656F75740A005B48414C5D205B453E
:1098400052524F525D204661696C656420746F20EE
:1098500072656C65617365207265736F757263659F
:10986000203A206F636375706965642062792025F2
:10987000692C207768696C65202569207472696598
:109880007320746F2072656C656173650A005B48B4
:10989000414C5D205B4552524F525D2046534D2056
:1098A0006661696C20647572696E67207265736F9A
:1098B000757263652072656C656173650A002020AE
:1098C0002D20526164696F20636F756C64206E6F28
:1098D00074206265206465746563746564210A00A0
:1098E0005B5048594D41435D204552524F52203AFA
:1098F000206661696C656420746F2068616E646CB9
:109900006520444154415F524551203A20696E76AA
:10991000616C696420737461746520282569290A63
:10992000005B5048594D41435D204552524F5220F3
:109930003A206661696C656420746F2068616E64AA
:109940006C6520444154415F524551203A2073696F
:109950007A6520697320746F6F206C61726765206F
:10996000282569203E202569290A005B5048594D69
:1099700041435D204552524F52203A206661696C46
:10998000656420746F2068616E646C6520636F6E1F
:1099900066696775726174696F6E203A20736F75BE
:1099A0007263652049442063616E6E6F7420626546
:1099B000206368616E67656420696E205458207367
:1099C0007461746520282569290A005B5048594D47
:1099D00041435D205741524E494E47203A20504462
:1099E000552073697A6520697320746F6F206C61EC
:1099F0007267652121205044552077696C6C206284
:109A000065207472756E63617465642E2E2E0A0073
:109A10005B5048594D41435D205741524E494E4796
:109A2000203A206B656570207468652073746174DA
:109A3000652061732054582C2073696E636520740F
:109A40006865205458206973206F6E2D676F696EAA
:109A500067207269676874206E6F770A005B4841FF
:109A60004C5D2046534D206572726F7221206361F8
:109A70006E6E6F742068617070656E206576656EBD
:109A8000742025692825732920696E2073746174F8
:109A900065203A202569282573290A0050696E6DD2
:109AA0006170206572726F723A2077726F6E6720F4
:109AB000706F7274206E756D6265722E002F686F04
:109AC0006D652F6A656E6B696E732F6275696C6464
:109AD0005F6E6F64655F345F322F776F726B737088
:109AE0006163652F626D5F777261702F3137303738
:109AF0002F6D6265642D6F732F7461726765747367
:109B00002F5441524745545F53544D2F6770696F2E
:109B10005F6170692E630070696E20213D202850BE
:109B2000696E4E616D65294E4300496E74657272AF
:109B3000757074496E206572726F723A2070696E2A
:109B4000206E6F7420737570706F727465642E0A66
:109B500000556E6578706563746564205370757226
:109B6000696F757320696E746572727570742C20DC
:109B7000696E6465782025640D0A002F686F6D6535
:109B80002F6A656E6B696E732F6275696C645F6EA8
:109B90006F64655F345F322F776F726B73706163D0
:109BA000652F626D5F777261702F313730372F6D9F
:109BB0006265642D6F732F4255494C442F6D626569
:109BC000642F706C6174666F726D2F53696E676C71
:109BD00065746F6E5074722E68005F707472203DF1
:109BE0003D202854202A29265F64617461002F6873
:109BF0006F6D652F6A656E6B696E732F6275696C28
:109C0000645F6E6F64655F345F322F776F726B7362
:109C1000706163652F626D5F777261702F313730CD
:109C2000372F6D6265642D6F732F706C6174666F72
:109C3000726D2F6D6265645F7265746172676574C1
:109C40002E6370700030203D3D20282A67756172B8
:109C5000645F6F626A6563742026204358415F47E2
:109C6000554152445F4D41534B29004358415F4792
:109C7000554152445F494E49545F494E5F50524FDF
:109C80004752455353203D3D20282A677561726431
:109C90005F6F626A6563742026204358415F4755B1
:109CA0004152445F4D41534B29002F686F6D652F22
:109CB0006A656E6B696E732F6275696C645F6E6F37
:109CC00064655F345F322F776F726B7370616365A9
:109CD0002F626D5F777261702F313730372F6D6271
:109CE00065642D6F732F746172676574732F5441AF
:109CF000524745545F53544D2F70696E6D61702EFD
:109D0000630043616E6E6F7420696E697469616C83
:109D1000697A65205254432077697468204C534512
:109D20000A00506572697068436C6B496E697453C0
:109D3000747275637420525443206661696C656463
:109D40002077697468204C53450A005254432069B7
:109D50006E697469616C697A6174696F6E2066619D
:109D6000696C656400456E61626C6542797061730F
:109D700073536861646F77206572726F7200484137
:109D80004C5F5254435F536574446174652065723F
:109D9000726F720A0048414C5F5254435F536574BE
:109DA00054696D65206572726F720A0043616E6E50
:109DB0006F7420696E697469616C697A65205541B8
:109DC00052542077697468206261756420726174EE
:109DD000652025750A002F686F6D652F6A656E6BAB
:109DE000696E732F6275696C645F6E6F64655F3452
:109DF0005F322F776F726B73706163652F626D5F77
:109E0000777261702F313730372F6D6265642D6F37
:109E1000732F746172676574732F544152474554B0
:109E20005F53544D2F73657269616C5F6170692E69
:109E300063006F626A5F732D3E7561727420213D0D
:109E40002028554152544E616D65294E430045729C
:109E5000726F723A206E65772073657269616C204B
:109E60006F626A656374206973207573696E672019
:109E700073616D65205541525420617320535444E1
:109E8000494F006F626A5F732D3E696E646578208A
:109E90003E3D203000434C4B3A2053504920696EE0
:109EA0007374616E6365206E6F7420736574003324
:109EB0002077697265732053504920736C61766511
:109EC000206E6F7420737570706F72746564202DCE
:109ED00020736C6176652077696C6C206F6E6C798D
:109EE00020726561640D0A0043616E6E6F742069B3
:109EF0006E697469616C697A6520535049002F68F6
:109F00006F6D652F6A656E6B696E732F6275696C14
:109F1000645F6E6F64655F345F322F776F726B734F
:109F2000706163652F626D5F777261702F313730BA
:109F3000372F6D6265642D6F732F7461726765745E
:109F4000732F5441524745545F53544D2F73746DD2
:109F50005F7370695F6170692E63007370696F620F
:109F60006A2D3E73706920213D20285350494E616F
:109F70006D65294E4300536574537973436C6F6369
:109F80006B206661696C65640A002F686F6D652FD0
:109F90006A656E6B696E732F6275696C645F6E6F54
:109FA00064655F345F322F776F726B7370616365C6
:109FB0002F626D5F777261702F313730372F6D628E
:109FC00065642D6F732F4255494C442F6D62656453
:109FD0002F706C6174666F726D2F43616C6C62617F
:109FE000636B2E68005F6F70730070696E6D6170D7
:109FF000206D69732D6D617463680070696E6D61A9
:10A0000070206E6F7420666F756E6420666F7220AC
:10A010007065726970686572616C00636F756C64FD
:10A02000206E6F742070696E6F7574004465657082
:10A03000536C6565704C6F636B206F766572666CF0
:10A040006F7720283E2055534852545F4D41582980
:10A050000044656570536C6565704C6F636B20756B
:10A060006E646572666C6F7720283C203029006D25
:10A07000626564206173736572746174696F6E20C8
:10A080006661696C65643A2025732C2066696C658D
:10A090003A2025732C206C696E65202564200A0007
:10A0A0002F686F6D652F6A656E6B696E732F6275B1
:10A0B000696C645F6E6F64655F345F322F776F72B7
:10A0C0006B73706163652F626D5F777261702F31A2
:10A0D0003730372F6D6265642D6F732F706C61742C
:10A0E000666F726D2F6D6265645F63726974696318
:10A0F000616C2E6300637269746963616C5F736580
:10A100006374696F6E5F7265656E7472616E637998
:10A110005F636F756E746572203C2055494E5433F1
:10A12000325F4D4158002F686F6D652F6A656E6B09
:10A13000696E732F6275696C645F6E6F64655F34FE
:10A140005F322F776F726B73706163652F626D5F23
:10A15000777261702F313730372F6D6265642D6FE4
:10A16000732F68616C2F6D6265645F7469636B65E2
:10A17000725F6170692E63002F002F686F6D652F0D
:10A180006A656E6B696E732F6275696C645F6E6F62
:10A1900064655F345F322F776F726B7370616365D4
:10A1A0002F626D5F777261702F313730372F6D629C
:10A1B00065642D6F732F706C6174666F726D2F46BE
:10A1C000696C65506174682E637070006C656E20F8
:10A1D000213D203000466174616C2052756E2D74F3
:10A1E000696D65206572726F72000A0A2B2B204D13
:10A1F0006265644F53204572726F7220496E666FBC
:10A20000202B2B0A4572726F722053746174757320
:10A210003A203078255820436F64653A2025642021
:10A220004D6F64756C653A2025640A4572726F72D1
:10A23000204D6573736167653A20004B65726E65EA
:10A240006C204572726F723A20307825582C2000AD
:10A250005468726561643A20307825582C20004D8E
:10A26000757465783A20307825582C200053656D38
:10A270006170686F72653A20307825582C20004D47
:10A28000656D6F7279506F6F6C3A20307825582C5D
:10A2900020004576656E74466C6167733A203078AD
:10A2A00025582C200054696D65723A203078255865
:10A2B0002C20004D65737361676551756575653A4E
:10A2C00020307825582C20000A4C6F636174696F28
:10A2D0006E3A2030782558000A4572726F72205607
:10A2E000616C75653A2030782558000A43757272A2
:10A2F000656E74205468726561643A2049643A203E
:10A300003078255820456E7472793A203078255877
:10A3100020537461636B53697A653A20307825580D
:10A3200020537461636B4D656D3A20307825582059
:10A3300053503A203078255820000A2D2D204D62A8
:10A3400065644F53204572726F7220496E666F20AC
:10A350002D2D0A00772B0053747265616D206F629A
:10A360006A206661696C757265002F686F6D652F74
:10A370006A656E6B696E732F6275696C645F6E6F70
:10A3800064655F345F322F776F726B7370616365E2
:10A390002F626D5F777261702F313730372F6D62AA
:10A3A00065642D6F732F68616C2F6D6265645F63E8
:10A3B0007269746963616C5F73656374696F6E5F02
:10A3C0006170692E6300216172655F696E746572E8
:10A3D00072757074735F656E61626C6564282900C4
:10A3E000AD0B0008B10B0008B70B0008000C2300F0
:10A3F0000D1E000ED2001A01001FAA00240700271C
:10A40000120028C1002994002AC10030D800358FDD
:10A41000003B020040000041300131430123400174
:10A420000300000001010201010103020201030314
:10A43000030201000201010001010001010000010D
:10A440000100010101000000060000000030014091
:10A450000205000014000000003001400205000069
:10A4600014010000003C0040020600001E00000035
:10A4700000380040020500002200000000380040C3
:10A48000020500002B000000003C00400206000016
:10A49000FFFF0000FFFFFFFF0000000007000000BB
:10A4A000003001400205000010000000003C0040A8
:10A4B0000207000012000000003C004002070000FC
:10A4C00015000000003001400205000015010000E9
:10A4D000003C0040020600001F0000000038004061
:10A4E00002050000210000000038004002070000C3
:10A4F00021010000003C0040020500002300000094
:10A5000000380040020500002C000000003C004024
:10A5100002060000FFFF0000FFFFFFFF0000000039
:10A5200005000000003001400205000009000000A5
:10A530000038004002050000130000000030014018
:10A540000205000013010000003C0040020600006C
:10A550001A00000000380040020500001D00000045
:10A5600000380040020500002700000000380040CD
:10A57000020500002A000000003C00400206000026
:10A58000FFFF0000FFFFFFFF0000000004000000CD
:10A59000003001400205000004010000003C0040C2
:10A5A000020600000F00000000300140020500001C
:10A5B0000F010000003C00400206000014000000F3
:10A5C0000038004002070000190000000038004079
:10A5D000020500001C0000000038004002050000D9
:10A5E000FFFF0000FFFFFFFF000000000100000070
:10A5F000004C00401208000003000000004400402E
:10A60000120700000A0000000010014012070000BD
:10A610001700000000100140120700002500000094
:10A62000004800401207000027000000001401400D
:10A63000120800002B000000004800401207000034
:10A640002B010000004C0040120800003200000006
:10A650000050004012080000FFFF0000FFFFFFFF56
:10A660000000000000000000004C00401208000044
:10A670000200000000440040120700000900000032
:10A6800000100140120700001600000000100140F9
:10A69000120700001A0000000048004012070000E6
:10A6A0002600000000140140120800002A000000EB
:10A6B00000480040120700002A010000004C004042
:10A6C000120800002C00000000500040120800009A
:10A6D000FFFF0000FFFFFFFF000000000000000080
:10A6E0000000000006000000000000000100000063
:10A6F0000700000000000000020000000800000049
:10A70000000000000300000009000000000000003D
:10A71000040000000A000000000000000500000026
:10A7200017000000010000000500000017000000F5
:10A7300002000000050000001700000003000000F8
:10A7400005000000170000000400000005000000E4
:10A7500017000000000000000600000028000000B4
:10A7600001000000060000002800000002000000B8
:10A7700006000000280000000300000006000000A2
:10A78000280000000400000006000000280000006F
:10A790000500000006000000280000000000000086
:10A7A000000000002D3300088533000891330008B5
:10A7B000313300081933000829330008D932000862
:10A7C00025330008DD320008E73200081F33000897
:10A7D000F1320008F7320008FD32000803330008A8
:10A7E0000F33000855330008173300082F737464C3
:10A7F000657272002F737464696E002F7374646FD6
:10A800007574000001000000020000000400000058
:10A8100008000000100000002000000040000000C0
:10A8200080000000000100000002000000040000A1
:10A8300000080000001000000020000000400000A0
:10A840000080000000000800100018002000280010
:10A850003000380000000000000000000102030486
:10A8600006070809000000000102030440420F002F
:10A8700020000000000000000000000000000000B8
:10A8800000000000E53300080000000000000000A8
:10A89000C90B0008ED0B000855650008000000001A
:10A8A00000000000010C0008150C000805660008F7
:10A8B000B8A80108281F0020B96300085D630008DC
:10A8C000A5630008BD63000869630008856300088C
:10A8D000AD6200080000000000000000E56600080E
:10A8E000E5660008CD02000869060008F766000862
:10A8F0000367000844FFFFFF00000000F9020008A2
:10A900007B060008A179000871790008D379000856
:10A91000D9790008D9790008D9790008DD790008CB
:10A92000D7790008DD790008F1320008F732000815
:10A93000FD320008033300080F330008133300080A
:10A940001733000807670008FB660008E766000881
:10A95000EF66000840FFFFFF00000000FF02000854
:10A96000810600080000000000000000AD6700083C
:10A97000D56700080000000000000000316A0008F0
:10A98000596A00089569000895690008A92300081C
:10A99000712400080000000080DE280080C84D00FF
:10A9A00000A7760000349E008012C700809FEE0052
:10A9B000007E1701805C400180E9670100C89001BA
:10A9C0000055B8010000000080DE2800001A4F008A
:10A9D00080F8770080859F000064C80000F1EF00D8
:10A9E00080CF180100AE4101003B6901801992013E
:10A9F00080A6B9010000000000000000FD6D000805
:10AA0000FF6D000831700008A17000080000000010
:10AA100000000000C9780008157900080000000057
:10AA2000000000000000000000000000E533000806
:10AA3000E5330008E5330008E5330008D9320008A3
:10AA400069790008DD320008E7320008897B0008D8
:10AA5000F1320008F7320008FD3200080333000825
:10AA60000F3300081333000817330008FCFFFFFF03
:10AA700000000000000000000000000000000000D6
:10AA8000000000000000000000000000A1790008A4
:10AA900071790008D3790008D9790008D9790008BC
:10AAA000D9790008DD790008D7790008DD79000838
:10AAB000F1320008F7320008FD32000803330008C5
:10AAC0000F3300081333000817330008E53300087C
:10AAD000E53300086D7900086F790008FCFFFFFF7F
:10AAE0000000000000000000000000000000000066
:10AAF000000000000000000000000000E533000836
:10AB0000E5330008E5330008E5330008D9320008D2
:10AB100069790008DD320008E7320008897B000807
:10AB2000F1320008F7320008FD3200080333000854
:10AB30000F3300081333000817330008494E46004E
:10AB4000696E66004E414E006E616E0030313233E8
:10AB50003435363738396162636465660000000059
:10AB60003031323334353637383941424344454643
:10AB700000000000286E756C6C2900003000000099
:10AB800065256C64000000002E0000004C435F430C
:10AB90004F4C4C41544500004C435F435459504581
:10ABA000000000004C435F4D4F4E45544152590048
:10ABB0004C435F4E554D4552494300004C435F5452
:10ABC000494D45004C435F4D455353414745530064
:10ABD000496E66696E697479000000004E614E002E
:10ABE00042616C6C6F632073756363656564656453
:10ABF000000000002F646174612F6A656E6B696EDE
:10AC0000732F776F726B73706163652F474E552D8D
:10AC1000746F6F6C636861696E2F61726D2D313472
:10AC20002F7372632F6E65776C69622D6379677716
:10AC3000696E2F6E65776C69622F6C6962632F7322
:10AC400074646C69622F64746F612E63000000008D
:10AC50002F646174612F6A656E6B696E732F776FF5
:10AC6000726B73706163652F474E552D746F6F6CF7
:10AC7000636861696E2F61726D2D31342F73726359
:10AC80002F6E65776C69622D63796777696E2F6EB9
:10AC900065776C69622F6C6962632F7374646C6989
:10ACA000622F6D707265632E630000006E66000097
:10ACB000696E697479000000616E00004A495300B2
:10ACC000534A4953000000004555434A50000000D4
:10ACD0002C2066756E6374696F6E3A200000000068
:10ACE000617373657274696F6E202225732220660A
:10ACF00061696C65643A2066696C6520222573225F
:10AD00002C206C696E65202564257325730A00006C
:10AD10002F646174612F6A656E6B696E732F776F34
:10AD2000726B73706163652F474E552D746F6F6C36
:10AD3000636861696E2F61726D2D31342F73726398
:10AD40002F6E65776C69622D63796777696E2F6EF8
:10AD500065776C69622F6C6962632F7374646C69C8
:10AD6000622F6764746F612D6765746865782E6300
:10AD70000000000030303030303030303030303093
:10AD80003030303020202020202020202020202083
:10AD9000202020200A00010002000300040005001A
:10ADA00006000700080009000A000B000C000D0057
:10ADB0000E000F0010000000050000001900000048
:10ADC0007D000000000000000080E03779C34143AF
:10ADD000176E05B5B5B89346F5F93FE9034F384D01
:10ADE000321D30F94877825A3CBF737FDD4F1575AD
:10ADF000000000000000F03F0000000000002440C0
:10AE000000000000000059400000000000408F409A
:10AE1000000000000088C34000000000006AF84005
:10AE20000000000080842E4100000000D012634129
:10AE30000000000084D797410000000065CDCD419F
:10AE4000000000205FA00242000000E87648374280
:10AE5000000000A2941A6D42000040E59C30A2421E
:10AE60000000901EC4BCD64200003426F56B0C4393
:10AE70000080E03779C3414300A0D885573476433A
:10AE800000C84E676DC1AB43003D9160E458E1439B
:10AE9000408CB5781DAF154450EFE2D6E41A4B4410
:10AEA00092D54D06CFF08044F64AE1C7022DB54455
:10AEB000B49DD9794378EA4434000000CEFBFFFF0B
:10AEC000CB0300000100000000000000350000007E
:10AED000CEFBFFFFCB0300000100000000000000DC
:10AEE000BC89D897B2D29C3C33A7A8D523F6493960
:10AEF0003DA7F444FD0FA5329D978CCF08BA5B2582
:10AF0000436FAC64280668110020202020202020F8
:10AF10002020282828282820202020202020202009
:10AF20002020202020202020208810101010101019
:10AF30001010101010101010100404040404040465
:10AF400004040410101010101010414141414141FF
:10AF500001010101010101010101010101010101E1
:10AF600001010101101010101010424242424242F1
:10AF700002020202020202020202020202020202B1
:10AF80000202020210101010200000000000000059
:10AF900000000000000000000000000000000000B1
:10AFA00000000000000000000000000000000000A1
:10AFB0000000000000000000000000000000000091
:10AFC0000000000000000000000000000000000081
:10AFD0000000000000000000000000000000000071
:10AFE0000000000000000000000000000000000061
:10AFF0000000000000000000000000000000000051
:10B000000000000000000000000000000C5F104E77
:10B01000154E2A4E314E364E3C4E3F4E424E564E07
:10B02000584E824E854E6B8C8A4E12820D5F8E4E2C
:10B030009E4E9F4EA04EA24EB04EB34EB64ECE4E3A
:10B04000CD4EC44EC64EC24ED74EDE4EED4EDF4EF6
:10B05000F74E094F5A4F304F5B4F5D4F574F474F99
:10B06000764F884F8F4F984F7B4F694F704F914F5E
:10B070006F4F864F964F1851D44FDF4FCE4FD84F5A
:10B08000DB4FD14FDA4FD04FE44FE54F1A502850E5
:10B0900014502A50255005501C4FF64F215029506E
:10B0A0002C50FE4FEF4F115006504350475003674E
:10B0B0005550505048505A5056506C50785080500F
:10B0C0009A508550B450B250C950CA50B350C25073
:10B0D000D650DE50E550ED50E350EE50F950F550AB
:10B0E0000951015102511651155114511A51215152
:10B0F0003A5137513C513B513F51405152514C51C3
:10B1000054516251F87A69516A516E51805182519D
:10B11000D8568C5189518F519151935195519651D7
:10B12000A451A651A251A951AA51AB51B351B15149
:10B13000B251B051B551BD51C551C951DB51E0516A
:10B140005586E951ED51F051F551FE5104520B5223
:10B1500014520E5227522A522E52335239524F5203
:10B1600044524B524C525E5254526A52745269527B
:10B1700073527F527D528D52945292527152885224
:10B180009152A88FA78FAC52AD52BC52B552C1524A
:10B19000CD52D752DE52E352E652ED98E052F352CE
:10B1A000F552F852F9520653085338750D5310539F
:10B1B0000F5315531A5323532F53315333533853CB
:10B1C000405346534553174E49534D53D6515E5342
:10B1D00069536E5318597B53775382539653A05338
:10B1E000A653A553AE53B053B653C353127CD9964E
:10B1F000DF53FC66EE71EE53E853ED53FA530154FE
:10B200003D5440542C542D543C542E5436542954FF
:10B210001D544E548F5475548E545F54715477544A
:10B22000705492547B548054765484549054865471
:10B23000C754A254B854A554AC54C454C854A854C8
:10B24000AB54C254A454BE54BC54D854E554E65430
:10B250000F551455FD54EE54ED54FA54E25439553B
:10B26000405563554C552E555C55455556555755CB
:10B27000385533555D5599558055AF548A559F556E
:10B280007B557E5598559E55AE557C558355A95591
:10B290008755A855DA55C555DF55C455DC55E455D5
:10B2A000D4551456F7551656FE55FD551B56F955EF
:10B2B0004E565056DF7134563656325638566B5607
:10B2C00064562F566C566A56865680568A56A05635
:10B2D00094568F56A556AE56B656B456C256BC5660
:10B2E000C156C356C056C856CE56D156D356D75659
:10B2F000EE56F9560057FF560457095708570B5793
:10B300000D57135718571657C7551C5726573757F9
:10B3100038574E573B5740574F576957C057885774
:10B3200061577F5789579357A057B357A457AA57C8
:10B33000B057C357C657D457D257D3570A58D657C2
:10B34000E3570B5819581D587258215862584B58DA
:10B350007058C06B52583D5879588558B9589F5805
:10B36000AB58BA58DE58BB58B858AE58C558D35821
:10B37000D158D758D958D858E558DC58E458DF5830
:10B38000EF58FA58F958FB58FC58FD5802590A5919
:10B3900010591B59A66825592C592D59325938591D
:10B3A0003E59D27A555950594E595A59585962599D
:10B3B000605967596C596959785981599D595E4F3F
:10B3C000AB4FA359B259C659E859DC598D59D959CF
:10B3D000DA59255A1F5A115A1C5A095A1A5A405AF0
:10B3E0006C5A495A355A365A625A6A5A9A5ABC5A4B
:10B3F000BE5ACB5AC25ABD5AE35AD75AE65AE95AEC
:10B40000D65AFA5AFB5A0C5B0B5B165B325BD05A6E
:10B410002A5B365B3E5B435B455B405B515B555B48
:10B420005A5B5B5B655B695B705B735B755B785BF1
:10B4300088657A5B805B835BA65BB85BC35BC75B3D
:10B44000C95BD45BD05BE45BE65BE25BDE5BE55B48
:10B45000EB5BF05BF65BF35B055C075C085C0D5C2B
:10B46000135C205C225C285C385C395C415C465C87
:10B470004E5C535C505C4F5C715B6C5C6E5C624E0E
:10B48000765C795C8C5C915C945C9B59AB5CBB5C3E
:10B49000B65CBC5CB75CC55CBE5CC75CD95CE95C97
:10B4A000FD5CFA5CED5C8C5DEA5C0B5D155D175D27
:10B4B0005C5D1F5D1B5D115D145D225D1A5D195D94
:10B4C000185D4C5D525D4E5D4B5D6C5D735D765DF0
:10B4D000875D845D825DA25D9D5DAC5DAE5DBD5DA1
:10B4E000905DB75DBC5DC95DCD5DD35DD25DD65D60
:10B4F000DB5DEB5DF25DF55D0B5E1A5E195E115E64
:10B500001B5E365E375E445E435E405E4E5E575E57
:10B51000545E5F5E625E645E475E755E765E7A5E16
:10B52000BC9E7F5EA05EC15EC25EC85ED05ECF5E26
:10B53000D65EE35EDD5EDA5EDB5EE25EE15EE85E25
:10B54000E95EEC5EF15EF35EF05EF45EF85EFE5E78
:10B55000035F095F5D5F5C5F0B5F115F165F295FD3
:10B560002D5F385F415F485F4C5F4E5F2F5F515FDB
:10B57000565F575F595F615F6D5F735F775F835F92
:10B58000825F7F5F8A5F885F915F875F9E5F995F61
:10B59000985FA05FA85FAD5FBC5FD65FFB5FE45FB5
:10B5A000F85FF15FDD5FB360FF5F2160606019608D
:10B5B000106029600E6031601B6015602B60266092
:10B5C0000F603A605A6041606A6077605F604A600D
:10B5D00046604D6063604360646042606C606B60B5
:10B5E000596081608D60E76083609A6084609B60D1
:10B5F000966097609260A7608B60E160B860E060E1
:10B60000D360B460F05FBD60C660B560D8604D6166
:10B6100015610661F660F7600061F460FA6003612D
:10B620002161FB60F1600D610E6147613E6128613F
:10B6300027614A613F613C612C6134613D61426137
:10B64000446173617761586159615A616B617461DA
:10B650006F61656171615F615D6153617561996180
:10B6600096618761AC6194619A618A619161AB6115
:10B67000AE61CC61CA61C961F761C861C361C6616D
:10B68000BA61CB61797FCD61E661E361F661FA6110
:10B69000F461FF61FD61FC61FE61006208620962A4
:10B6A0000D620C6214621B621E6221622A622E62AB
:10B6B00030623262336241624E625E6263625B623A
:10B6C000606268627C62826289627E629262936278
:10B6D0009662D46283629462D762D162BB62CF62A7
:10B6E000FF62C662D464C862DC62CC62CA62C262B3
:10B6F000C7629B62C9620C63EE62F16227630263F8
:10B700000863EF62F56250633E634D631C644F63F0
:10B7100096638E638063AB637663A3638F63896391
:10B720009F63B5636B636963BE63E963C063C663AC
:10B73000E363C963D263F663C46316643464066466
:10B740001364266436641D65176428640F64676497
:10B750006F6476644E642A6595649364A564A964F5
:10B760008864BC64DA64D264C564C764BB64D864AA
:10B77000C264F164E7640982E064E164AC62E3649A
:10B78000EF642C65F664F464F264FA640065FD64A9
:10B7900018651C650565246523652B65346535656D
:10B7A0003765366538654B754865566555654D6531
:10B7B00058655E655D6572657865826583658A8BAF
:10B7C0009B659F65AB65B765C365C665C165C465A7
:10B7D000CC65D265DB65D965E065E165F1657267C9
:10B7E0000A660366FB6573673566366634661C66F3
:10B7F0004F664466496641665E665D666466676676
:10B8000068665F6662667066836688668E6689664D
:10B81000846698669D66C166B966C966BE66BC6682
:10B82000C466B866D666DA66E0663F66E666E966CE
:10B83000F066F566F7660F6716671E672667276767
:10B8400038972E673F6736674167386737674667BF
:10B850005E67606759676367646789677067A96730
:10B860007C676A678C678B67A667A1678567B76720
:10B87000EF67B467EC67B367E967B867E467DE67EB
:10B88000DD67E267EE67B967CE67C667E7679C6A00
:10B890001E684668296840684D6832684E68B3681B
:10B8A0002B685968636877687F689F688F68AD68A0
:10B8B00094689D689B688368AE6AB9687468B56867
:10B8C000A068BA680F698D687E680169CA680869EE
:10B8D000D86822692669E1680C69CD68D468E76890
:10B8E000D568366912690469D768E3682569F9681B
:10B8F000E068EF6828692A691A6923692169C668BE
:10B90000796977695C6978696B6954697E696E6980
:10B91000396974693D695969306961695E695D6950
:10B9200081696A69B269AE69D069BF69C169D36961
:10B93000BE69CE69E85BCA69DD69BB69C369A7698D
:10B940002E6A9169A0699C699569B469DE69E869A4
:10B95000026A1B6AFF690A6BF969F269E769056A9D
:10B96000B1691E6AED69146AEB690A6A126AC16AF2
:10B97000236A136A446A0C6A726A366A786A476A8A
:10B98000626A596A666A486A386A226A906A8D6A87
:10B99000A06A846AA26AA36A976A1786BB6AC36AA6
:10B9A000C26AB86AB36AAC6ADE6AD16ADF6AAA6A36
:10B9B000DA6AEA6AFB6A056B1686FA6A126B166B1C
:10B9C000319B1F6B386B376BDC76396BEE98476BAE
:10B9D000436B496B506B596B546B5B6B5F6B616B6B
:10B9E000786B796B7F6B806B846B836B8D6B986BE3
:10B9F000956B9E6BA46BAA6BAB6BAF6BB26BB16BB1
:10BA0000B36BB76BBC6BC66BCB6BD36BDF6BEC6B89
:10BA1000EB6BF36BEF6BBE9E086C136C146C1B6CC2
:10BA2000246C236C5E6C556C626C6A6C826C8D6CE1
:10BA30009A6C816C9B6C7E6C686C736C926C906C75
:10BA4000C46CF16CD36CBD6CD76CC56CDD6CAE6C2A
:10BA5000B16CBE6CBA6CDB6CEF6CD96CEA6C1F6DB0
:10BA60004D88366D2B6D3D6D386D196D356D336DAF
:10BA7000126D0C6D636D936D646D5A6D796D596DBA
:10BA80008E6D956DE46F856DF96D156E0A6EB56DF1
:10BA9000C76DE66DB86DC66DEC6DDE6DCC6DE86D95
:10BAA000D26DC56DFA6DD96DE46DD56DEA6DEE6D33
:10BAB0002D6E6E6E2E6E196E726E5F6E3E6E236E02
:10BAC0006B6E2B6E766E4D6E1F6E436E3A6E4E6EC3
:10BAD000246EFF6E1D6E386E826EAA6E986EC96EF1
:10BAE000B76ED36EBD6EAF6EC46EB26ED46ED56ED1
:10BAF0008F6EA56EC26E9F6E416F116F4C70EC6EB3
:10BB0000F86EFE6E3F6FF26E316FEF6E326FCC6E7D
:10BB10003E6F136FF76E866F7A6F786F816F806FED
:10BB20006F6F5B6FF36F6D6F826F7C6F586F8E6F8F
:10BB3000916FC26F666FB36FA36FA16FA46FB96F80
:10BB4000C66FAA6FDF6FD56FEC6FD46FD86FF16FD0
:10BB5000EE6FDB6F09700B70FA6F117001700F7070
:10BB6000FE6F1B701A70746F1D7018701F7030702C
:10BB70003E7032705170637099709270AF70F17056
:10BB8000AC70B870B370AE70DF70CB70DD70D97010
:10BB90000971FD701C71197165715571887166713B
:10BBA00062714C7156716C718F71FB7184719571FA
:10BBB000A871AC71D771B971BE71D271C971D471EC
:10BBC000CE71E071EC71E771F571FC71F971FF7183
:10BBD0000D7210721B7228722D722C7230723272BA
:10BBE0003B723C723F72407246724B725872747272
:10BBF0007E7282728172877292729672A272A7723C
:10BC0000B972B272C372C672C472CE72D272E2726A
:10BC1000E072E172F972F7720F5017730A731C73B6
:10BC200016731D7334732F73297325733E734E730C
:10BC30004F73D89E57736A73687370737873757394
:10BC40007B737A73C873B373CE73BB73C073E573BE
:10BC5000EE73DE73A27405746F742574F873327416
:10BC60003A7455743F745F74597441745C746974A8
:10BC7000707463746A7476747E748B749E74A77423
:10BC8000CA74CF74D474F173E074E374E774E97424
:10BC9000EE74F274F074F174F874F774047503754B
:10BCA00005750C750E750D75157513751E75267554
:10BCB0002C753C7544754D754A7549755B754675AF
:10BCC0005A756975647567756B756D757875767578
:10BCD0008675877574758A758975827594759A7578
:10BCE0009D75A575A375C275B375C375B575BD751D
:10BCF000B875BC75B175CD75CA75D275D975E37552
:10BD0000DE75FE75FF75FC750176F075FA75F275D6
:10BD1000F3750B760D7609761F76277620762176D9
:10BD200022762476347630763B76477648764676A9
:10BD30005C76587661766276687669766A7667763A
:10BD40006C7670767276767678767C768076837688
:10BD500088768B768E769676937699769A76B07686
:10BD6000B476B876B976BA76C276CD76D676D2760D
:10BD7000DE76E176E576E776EA762F86FB7608775B
:10BD800007770477297724771E77257726771B771F
:10BD90003777387747775A7768776B775B77657748
:10BDA0007F777E7779778E778B779177A0779E777D
:10BDB000B077B677B977BF77BC77BD77BB77C777F2
:10BDC000CD77D777DA77DC77E377EE77FC770C7887
:10BDD0001278267920782A7945788E787478867852
:10BDE0007C789A788C78A378B578AA78AF78D1786F
:10BDF000C678CB78D478BE78BC78C578CA78EC7829
:10BE0000E778DA78FD78F478077912791179197979
:10BE10002C792B794079607957795F795A795579FE
:10BE200053797A797F798A799D79A7794B9FAA7915
:10BE3000AE79B379B979BA79C979D579E779EC79F5
:10BE4000E179E379087A0D7A187A197A207A1F7ADB
:10BE50008079317A3B7A3E7A377A437A577A497ACF
:10BE6000617A627A697A9D9F707A797A7D7A887A26
:10BE7000977A957A987A967AA97AC87AB07AB67AC1
:10BE8000C57AC47ABF7A8390C77ACA7ACD7ACF7AD4
:10BE9000D57AD37AD97ADA7ADD7AE17AE27AE67AF1
:10BEA000ED7AF07A027B0F7B0A7B067B337B187B73
:10BEB000197B1E7B357B287B367B507B7A7B047B12
:10BEC0004D7B0B7B4C7B457B757B657B747B677BFC
:10BED000707B717B6C7B6E7B9D7B987B9F7B8D7B6E
:10BEE0009C7B9A7B8B7B927B8F7B5D7B997BCB7BD7
:10BEF000C17BCC7BCF7BB47BC67BDD7BE97B117CBC
:10BF0000147CE67BE57B607C007C077C137CF37B08
:10BF1000F77B177C0D7CF67B237C277C2A7C1F7C9F
:10BF2000377C2B7C3D7C4C7C437C547C4F7C407C20
:10BF3000507C587C5F7C647C567C657C6C7C757C1A
:10BF4000837C907CA47CAD7CA27CAB7CA17CA87C17
:10BF5000B37CB27CB17CAE7CB97CBD7CC07CC57C42
:10BF6000C27CD87CD27CDC7CE27C3B9BEF7CF27C8C
:10BF7000F47CF67CFA7C067D027D1C7D157D0A7DB5
:10BF8000457D4B7D2E7D327D3F7D357D467D737DAC
:10BF9000567D4E7D727D687D6E7D4F7D637D937D88
:10BFA000897D5B7D8F7D7D7D9B7DBA7DAE7DA37D13
:10BFB000B57DC77DBD7DAB7D3D7EA27DAF7DDC7D4A
:10BFC000B87D9F7DB07DD87DDD7DE47DDE7DFB7D10
:10BFD000F27DE17D057E0A7E237E217E127E317E0A
:10BFE0001F7E097E0B7E227E467E667E3B7E357EF0
:10BFF000397E437E377E327E3A7E677E5D7E567E18
:10C000005E7E597E5A7E797E6A7E697E7C7E7B7EEC
:10C01000837ED57D7D7EAE8F7F7E887E897E8C7E81
:10C02000927E907E937E947E967E8E7E9B7E9C7E7C
:10C03000387F3A7F457F4C7F4D7F4E7F507F517FC9
:10C04000557F547F587F5F7F607F687F697F677F00
:10C05000787F827F867F837F887F877F8C7F947FB6
:10C060009E7F9D7F9A7FA37FAF7FB27FB97FAE7F98
:10C07000B67FB87F718BC57FC67FCA7FD57FD47FDF
:10C08000E17FE67FE97FF37FF97FDC98068004801B
:10C090000B801280188019801C80218028803F80AE
:10C0A0003B804A804680528058805A805F80628000
:10C0B0006880738072807080768079807D807F80D8
:10C0C0008480868085809B8093809A80AD8090510B
:10C0D000AC80DB80E580D980DD80C480DA80D680CA
:10C0E0000981EF80F1801B81298123812F814B8180
:10C0F0008B9646813E8153815181FC8071816E8196
:10C10000658166817481838188818A818081828151
:10C11000A0819581A481A3815F819381A981B08150
:10C12000B581BE81B881BD81C081C281BA81C9811A
:10C13000CD81D181D981D881C881DA81DF81E08147
:10C14000E781FA81FB81FE810182028205820782FA
:10C150000A820D821082168229822B8238823382D3
:10C160004082598258825D825A825F8264826282F2
:10C1700068826A826B822E827182778278827E8266
:10C180008D829282AB829F82BB82AC82E182E3820B
:10C19000DF82D282F482F382FA8293830383FB826A
:10C1A000F982DE820683DC820983D9823583348377
:10C1B00016833283318340833983508345832F83B1
:10C1C0002B831783188385839A83AA839F83A283F3
:10C1D000968323838E8387838A837C83B58373834B
:10C1E0007583A0838983A883F4831384EB83CE8330
:10C1F000FD830384D8830B84C183F7830784E083A2
:10C20000F2830D8422842084BD8338840685FB83D9
:10C210006D842A843C845A85848477846B84AD84BD
:10C220006E848284698446842C846F847984358406
:10C23000CA846284B984BF849F84D984CD84BB843A
:10C24000DA84D084C184C684D684A1842185FF8405
:10C25000F484178518852C851F8515851485FC8425
:10C260004085638558854885418502864B8555857F
:10C270008085A485888591858A85A8856D85948526
:10C280009B85EA8587859C8577857E859085C98590
:10C29000BA85CF85B985D085D585DD85E585DC85F1
:10C2A000F9850A8613860B86FE85FA850686228620
:10C2B0001A8630863F864D86554E54865F86678641
:10C2C00071869386A386A986AA868B868C86B68677
:10C2D000AF86C486C686B086C9862388AB86D486D8
:10C2E000DE86E986EC86DF86DB86EF8612870687A8
:10C2F000088700870387FB86118709870D87F986E2
:10C300000A8734873F8737873B87258729871A879E
:10C3100060875F8778874C874E87748757876887E1
:10C320006E875987538763876A870588A2879F87A7
:10C330008287AF87CB87BD87C087D087D696AB87EC
:10C34000C487B387C787C687BB87EF87F287E08735
:10C350000F880D88FE87F687F7870E88D2871188A9
:10C360001688158822882188318836883988278858
:10C370003B8844884288528859885E8862886B88E6
:10C3800081887E889E8875887D88B5887288828835
:10C3900097889288AE889988A2888D88A488B0886A
:10C3A000BF88B188C388C488D488D888D988DD88F4
:10C3B000F9880289FC88F488E888F28804890C8965
:10C3C0000A89138943891E8925892A892B894189EC
:10C3D00044893B89368938894C891D8960895E8901
:10C3E000668964896D896A896F89748977897E898C
:10C3F000838988898A8993899889A189A989A68945
:10C40000AC89AF89B289BA89BD89BF89C089DA8907
:10C41000DC89DD89E789F489F889038A168A108A1C
:10C420000C8A1B8A1D8A258A368A418A5B8A528A2F
:10C43000468A488A7C8A6D8A6C8A628A858A828A60
:10C44000848AA88AA18A918AA58AA68A9A8AA38AB6
:10C45000C48ACD8AC28ADA8AEB8AF38AE78AE48AB6
:10C46000F18A148BE08AE28AF78ADE8ADB8A0C8BF7
:10C47000078B1A8BE18A168B108B178B208B338BD3
:10C48000AB97268B2B8B3E8B288B418B4C8B4F8B0A
:10C490004E8B498B568B5B8B5A8B6B8B5F8B6C8B6C
:10C4A0006F8B748B7D8B808B8C8B8E8B928B938B15
:10C4B000968B998B9A8B3A8C418C3F8C488C4C8C08
:10C4C0004E8C508C558C628C6C8C788C7A8C828CD7
:10C4D000898C858C8A8C8D8C8E8C948C7C8C988CA1
:10C4E0001D62AD8CAA8CBD8CB28CB38CAE8CB68C1C
:10C4F000C88CC18CE48CE38CDA8CFD8CFA8CFB8CC0
:10C50000048D058D0A8D078D0F8D0D8D108D4E9F1D
:10C51000138DCD8C148D168D678D6D8D718D738DF2
:10C52000818D998DC28DBE8DBA8DCF8DDA8DD68DD0
:10C53000CC8DDB8DCB8DEA8DEB8DDF8DE38DFC8D8E
:10C54000088E098EFF8D1D8E1E8E108E1F8E428EC0
:10C55000358E308E348E4A8E478E498E4C8E508E5C
:10C56000488E598E648E608E2A8E638E558E768E9E
:10C57000728E7C8E818E878E858E848E8B8E8A8E37
:10C58000938E918E948E998EAA8EA18EAC8EB08E43
:10C59000C68EB18EBE8EC58EC88ECB8EDB8EE38EE0
:10C5A000FC8EFB8EEB8EFE8E0A8F058F158F128F01
:10C5B000198F138F1C8F1F8F1B8F0C8F268F338F1C
:10C5C0003B8F398F458F428F3E8F4C8F498F468FDF
:10C5D0004E8F578F5C8F628F638F648F9C8F9F8F7E
:10C5E000A38FAD8FAF8FB78FDA8FE58FE28FEA8F92
:10C5F000EF8F8790F48F0590F98FFA8F1190159037
:10C6000021900D901E9016900B90279036903590AB
:10C610003990F88F4F905090519052900E904990D1
:10C620003E90569058905E9068906F907690A89645
:10C63000729082907D90819080908A9089908F9066
:10C64000A890AF90B190B590E290E4904862DB90F2
:10C65000029112911991329130914A9156915891CB
:10C66000639165916991739172918B918991829196
:10C67000A291AB91AF91AA91B591B491BA91C091A9
:10C68000C191C991CB91D091D691DF91E191DB918C
:10C69000FC91F591F6911E92FF9114922C921592B5
:10C6A00011925E9257924592499264924892959265
:10C6B0003F924B9250929C92969293929B925A9256
:10C6C000CF92B992B792E9920F93FA9244932E9334
:10C6D000199322931A9323933A9335933B935C9344
:10C6E00060937C936E935693B093AC93AD93949375
:10C6F000B993D693D793E893E593D893C393DD93F7
:10C70000D093C893E4931A941494139403940794C5
:10C71000109436942B94359421943A9441945294E5
:10C7200044945B94609462945E946A9429927094A9
:10C73000759477947D945A947C947E9481947F949C
:10C74000829587958A959495969598959995A095B3
:10C75000A895A795AD95BC95BB95B995BE95CA957D
:10C76000F66FC395CD95CC95D595D495D695DC959A
:10C77000E195E595E295219628962E962F9642967C
:10C780004C964F964B9677965C965E965D965F9626
:10C79000669672966C968D96989695969796AA96AA
:10C7A000A796B196B296B096B496B696B896B99644
:10C7B000CE96CB96C996CD964D89DC960D97D5969B
:10C7C000F99604970697089713970E9711970F9766
:10C7D0001697199724972A97309739973D973E9740
:10C7E000449746974897429749975C976097649714
:10C7F00066976897D2526B977197799785977C97D0
:10C8000081977A9786978B978F9790979C97A89701
:10C81000A697A397B397B497C397C697C897CB9794
:10C82000DC97ED974F9FF297DF7AF697F5970F9881
:10C830000C9838982498219837983D9846984F98A6
:10C840004B986B986F987098719874987398AA9891
:10C85000AF98B198B698C498C398C698E998EB98E1
:10C860000399099912991499189921991D991E995A
:10C87000249920992C992E993D993E99429949994C
:10C88000459950994B99519952994C995599979925
:10C890009899A599AD99AE99BC99DF99DB99DD99E5
:10C8A000D899D199ED99EE99F199F299FB99F89966
:10C8B000019A0F9A059AE299199A2B9A379A459AF2
:10C8C000429A409A439A3E9A559A4D9A5B9A579A41
:10C8D0005F9A629A659A649A699A6B9A6A9AAD9A13
:10C8E000B09ABC9AC09ACF9AD19AD39AD49ADE9A27
:10C8F000DF9AE29AE39AE69AEF9AEB9AEE9AF49A22
:10C90000F19AF79AFB9A069B189B1A9B1F9B229BF6
:10C91000239B259B279B289B299B2A9B2E9B2F9BF8
:10C92000329B449B439B4F9B4D9B4E9B519B589BE3
:10C93000749B939B839B919B969B979B9F9BA09B98
:10C94000A89BB49BC09BCA9BB99BC69BCF9BD19B0A
:10C95000D29BE39BE29BE49BD49BE19B3A9CF29BA2
:10C96000F19BF09B159C149C099C139C0C9C069CB1
:10C97000089C129C0A9C049C2E9C1B9C259C249C1D
:10C98000219C309C479C329C469C3E9C5A9C609CBF
:10C99000679C769C789CE79CEC9CF09C099D089D8C
:10C9A000EB9C039D069D2A9D269DAF9D239D1F9D6B
:10C9B000449D159D129D419D3F9D3E9D469D489DD8
:10C9C0005D9D5E9D649D519D509D599D729D899D6B
:10C9D000879DAB9D6F9D7A9D9A9DA49DA99DB29DBB
:10C9E000C49DC19DBB9DB89DBA9DC69DCF9DC29D56
:10C9F000D99DD39DF89DE69DED9DEF9DFD9D1A9ED1
:10CA00001B9E1E9E759E799E7D9E819E889E8B9EFE
:10CA10008C9E929E959E919E9D9EA59EA99EB89E3F
:10CA2000AA9EAD9E6197CC9ECE9ECF9ED09ED49E58
:10CA3000DC9EDE9EDD9EE09EE59EE89EEF9EF49EDF
:10CA4000F69EF79EF99EFB9EFC9EFD9E079F089F0B
:10CA5000B776159F219F2C9F3E9F4A9F529F549FC0
:10CA6000639F5F9F609F619F669F679F6C9F6A9FA8
:10CA7000779F729F769F959F9C9FA09F2F58C76915
:10CA800059906474DC5199719C4E1655035A3F9627
:10CA9000C0541B612863F659229075841C83507A18
:10CAA000AA60E163256EED656684A682F59B9368B6
:10CAB0002757A16571629B5BD0597B86F498627D94
:10CAC000BE7D8E9B16629F7CB788895BB55E0963CD
:10CAD00097664868C7958D974F67E54E0A4F4D4F4B
:10CAE0009D4F4950F2563759D459015A095CDF60BD
:10CAF0000F61706113660569BA704F757075FB79C7
:10CB0000AD7DEF7DC3800E846388028B55907A9053
:10CB10003B53954EA54EDF57B280C190EF78004E43
:10CB2000F158A26E3890327A28838B822F9C415123
:10CB30007053BD54E154E056FB59155FF298EB6D0C
:10CB4000E4802D8562967096A096FB970B54F35364
:10CB5000875BCF70BD7FC28FE8966F535C9DBA7ABA
:10CB6000114E9378FC81266E185604551D6B1A855C
:10CB70003B9CE559A953666DDC748F954256914EE6
:10CB80004B90F2964F830C99E153B655305B715F31
:10CB90002066F3660468386CF36C296D5B74C876A4
:10CBA0004E7A3498F1825B88608AED92B26DAB75F3
:10CBB000CA76C599A660018B8A8DB2958E69AD53F0
:10CBC0008651125730584459B45BF65E2860A96309
:10CBD000F463BF6C146F8E7014715971D5713F730B
:10CBE000017E7682D182978560905B921B9D695809
:10CBF000BC655A6C2575F9512E596559805FDC5F0B
:10CC0000BC62FA652A6A276BB46B8B73C17F568945
:10CC10002C9D0E9DC49EA15C966C7B8304514B5C45
:10CC2000B661C68176686172594EFA4F7853696071
:10CC3000296E4F7AF3970B4E1653EE4E554F3D4FDC
:10CC4000A14F734FA052EF5309560F59C15AB65B0B
:10CC5000E15BD17987669C67B6674C6BB36C6B7090
:10CC6000C2738D79BE793C7A877BB182DB82048383
:10CC70007783EF83D3836687B28A2956A88CE68FA1
:10CC80004E901E978A86C44FE85C116259723B75BC
:10CC9000E581BD82FE86C08CC5961399D599CB4E91
:10CCA0001A4FE389DE564A58CA58FB5EEB5F2A608A
:10CCB00094606260D0611262D0623965419B6666A1
:10CCC000B068776D70704C758676757DA582F98732
:10CCD0008B958E969D8CF151BE521659B354B35B11
:10CCE000165D68618269AF6D8D78CB845788728AD2
:10CCF000A793B89A6C6DA899D986A357FF67CE867B
:10CD00000E92835287560454D35EE162B9643C6844
:10CD10003868BB6B7273BA786B7A9A89D2896B8DDB
:10CD2000038FED90A39594966997665BB35C7D69DC
:10CD30004D984E989B63207B2B6A7F6AB6680D9C4A
:10CD40005F6F72529D557060EC623B6D076ED16EE5
:10CD50005B841089448F144E399CF6531B693A6AE0
:10CD600084972A685C51C37AB284DC918C935B56B9
:10CD7000289D226805833184A57C0852C582E6740B
:10CD80007E4E834FA051D25B0A52D852E752FB5DD0
:10CD90009A552A58E6598C5B985BDB5B725E795E2C
:10CDA000A3601F616361BE61DB636265D167536825
:10CDB000FA683E6B536B576C226F976F456FB07478
:10CDC0001875E3760B77FF7AA17B217CE97D367FAE
:10CDD000F07F9D8066829E83B389CC8AAB8C8490E1
:10CDE000519493959195A2956596D3972899188219
:10CDF000384E2B54B85CCC5DA9734C763C77A95C5B
:10CE0000EB7F0B8DC196119854985898014F0E4F97
:10CE100071539C556856FA574759095BC45B905C3F
:10CE20000C5E7E5ECC5FEE633A67D765E2651F6796
:10CE3000CB68C4685F6A305EC56B176C7D6C7F75AC
:10CE40004879635B007A007DBD5F8F89188AB48C56
:10CE5000778DCC8E1D8FE2980E9A3C9B804E7D5034
:10CE6000005193599C5B2F628062EC643A6BA07214
:10CE700091754779A97FFB87BC8A708BAC63CA83A5
:10CE8000A09709540354AB555468586A708A2778A0
:10CE90007567CD9E7453A25B1A8150860690184E1A
:10CEA000454EC74E114FCA533854AE5B135F2560D1
:10CEB00051653D67426C726CE36C78700374767AEE
:10CEC000AE7A087B1A7DFE7C667DE7655B72BB539C
:10CED000455CE85DD262E0621963206E5A86318A51
:10CEE000DD8DF892016FA6795A9BA84EAB4EAC4EE1
:10CEF0009B4FA04FD1504751F67A7151F651545380
:10CF000021537F53EB53AC558358E15C375F4A5F45
:10CF10002F6050606D601F6359654B6AC16CC272AF
:10CF2000ED72EF77F880058108824E85F790E193E6
:10CF3000FF9757995A9AF04EDD512D5C81666D69C5
:10CF4000405CF266756989735068817CC550E45213
:10CF50004757FE5D2693A465236B3D6B347481793E
:10CF6000BD794B7BCA7DB982CC837F885F89398B41
:10CF7000D18FD1911F5480925D4E3650E5533A5374
:10CF8000D7729673E977E682AF8EC699C899D2991F
:10CF900077511A615E86B0557A7A7650D35B4790A6
:10CFA0008596324EDB6AE791515C485C98639F7AC4
:10CFB000936C7497618FAA7A8A718896827C1768BD
:10CFC000707E51686C93F2521B54AB85138AA47F18
:10CFD000CD8EE190665388884179C24FBE50115280
:10CFE000445153552D57EA738B575159625F845FF3
:10CFF000756076616761A961B2633A646C656F665A
:10D000004268136E66753D7AFB7C4C7D997D4B7E44
:10D010006B7F0E834A83CD86088A638A668BFD8E7A
:10D020001A988F9DB882CE8FE89B87521F628364C7
:10D03000C06F999641689150206B7A6C546F747AE6
:10D04000507D4088238A0867F64E39502650655037
:10D050007C5138526352A7550F570558CC5AFA5E87
:10D06000B261F861F36272631C69296A7D72AC7205
:10D070002E7314786F78797D0C77A9808B89198B42
:10D08000E28CD28E639075937A965598139A789E17
:10D0900043519F53B3537B5E265F1B6E906E847328
:10D0A000FE73437D3782008AFA8A50964E4E0B50AB
:10D0B000E4537C54FA56D159645BF15DAB5E275F53
:10D0C00038624565AF67566ED072CA7CB488A1805D
:10D0D000E180F0834E86878AE88D3792C7966798FD
:10D0E000139F944E924E0D4F485349543E542F5A1D
:10D0F0008C5FA15F9F60A7688E6A5A7481789E8A50
:10D10000A48A778B90915E4EC99BA44E7C4FAF4F03
:10D110001950165049516C519F52B952FE529A53B0
:10D12000E35311540E5489555157A2577D59545BFE
:10D130005D5B8F5BE55DE75DF75D785E835E9A5EC4
:10D14000B75E185F52604C619762D862A7633B6517
:10D1500002664366F4666D6721689768CB695F6C09
:10D160002A6D696D2F6E9D6E327587766C783F7A69
:10D17000E07C057D187D5E7DB17D15800380AF80EC
:10D18000B18054818F812A8252834C8861881B8BA5
:10D19000A28CFC8CCA90759171923F78FC92A495F8
:10D1A0004D9605989999D89A3B9D5B52AB52F7538F
:10D1B0000854D558F762E06F6A8C5F8FB99E4B5167
:10D1C0003B524A54FD56407A7791609DD29E4473FB
:10D1D000096F70811175FD5FDA60A89ADB72BC8FF0
:10D1E000646B0398CA4EF0566457BE585A5A68602A
:10D1F000C7610F6606663968B168F76DD5753A7D07
:10D200006E82429B9B4E504FC95306556F5DE65D43
:10D21000EE5DFB67996C73740278508A9693DF8891
:10D220005057A75E2B63B550AC508D510067C95461
:10D230005E58BB59B05B695F4D62A1633D68736B1B
:10D24000086E7D70C7918072157826786D798E652D
:10D25000307DDC83C188098F9B96645228575067C4
:10D260006A7FA18CB45142572A963A588A69B48091
:10D27000B2540E5DFC579578FA9D5C4F4A528B5420
:10D280003E6428661467F567847A567B227D2F9367
:10D290005C68AD9B397B19538A513752DF5BF6626C
:10D2A000AE64E6642D67BA6BA985D1969076D69B5D
:10D2B0004C630693AB9BBF765266094E9850C2539F
:10D2C000715CE860926463655F68E671CA73237598
:10D2D000977B827E9586838BDB8C78911099AC65E9
:10D2E000AB668B6BD54ED44E3A4F7F4F3A52F853C4
:10D2F000F253E355DB56EB58CB59C959FF59505BF4
:10D300004D5C025E2B5ED75F1D6007632F655C5B23
:10D31000AF65BD65E8659D67626B7B6B0F6C4573A0
:10D320004979C179F87C197D2B7DA2800281F38136
:10D3300096895E8A698A668A8C8AEE8AC78CDC8CBA
:10D34000CC96FC986F6B8B4E3C4F8D4F5051575B7A
:10D35000FA5B486101634266216BCB6EBB6C3E7227
:10D36000BD74D475C1783A790C803380EA81948495
:10D370009E8F506C7F9E0F5F588B2B9DFA7AF88E94
:10D380008D5BEB96034EF153F7573159C95AA45BA5
:10D3900089607F6E066FBE75EA8C9F5B0085E07BBF
:10D3A0007250F4679D82615C4A851E7E0E8299519F
:10D3B000045C6863668D9C656E713E79177D05809F
:10D3C0001D8BCA8E6E90C786AA901F50FA523A5C87
:10D3D00053677C7035724C91C8912B93E582C25B88
:10D3E000315FF9603B4ED653885B4B6231678A6B85
:10D3F000E972E0732E7A6B81A38D52919699125146
:10D40000D7536A54FF5B8863396AAC7D0097DA565C
:10D41000CE536854975B315CDE5DEE4F0161FE6276
:10D42000326DC079CB79427D4D7ED27FED811F82F6
:10D43000908446887289908B748E2F8F31904B9197
:10D440006C91C6969C91C04E4F4F45514153935F8E
:10D450000E62D467416C0B6E6373267ECD9183920E
:10D46000D4531959BF5BD16D5D792E7E9B7C7E585C
:10D470009F71FA515388F08FCA4FFB5C2566AC77D9
:10D48000E37A1C82FF99C651AA5FEC656F69896BCC
:10D49000F36D966E646FFE76147DE15D75908791F5
:10D4A0000698E6511D5240629166D9661A6EB65EC4
:10D4B000D27D727FF866AF85F785F88AA952D95375
:10D4C00073598F5E905F5560E4926496B7501F5118
:10D4D000DD5220534753EC53E85446553155175607
:10D4E0006859BE593C5AB55B065C0F5C115C1A5C0E
:10D4F000845E8A5EE05E705F7F628462DB628C6362
:10D50000776307660C662D6676667E67A2681F6A7B
:10D51000356ABC6C886D096E586E3C7126716771F6
:10D52000C77501775D7801796579F079E07A117BCB
:10D53000A77C397D9680D6838B8449855D88F38866
:10D540001F8A3C8A548A738A618CDE8CA49166920D
:10D550007E9318949C9698970A4E084E1E4E574EEE
:10D5600097517052CE573458CC58225B385EC56004
:10D57000FE6461675667446DB6727375637AB884EA
:10D58000728BB89120933156F457FE98ED620D6975
:10D59000966BED71547E77807282E689DF985587AD
:10D5A000B18F3B5C384FE14FB54F0755205ADD5BDB
:10D5B000E95BC35F4E612F63B0654B66EE689B69A4
:10D5C000786DF16D3375B9751F775E79E679337DC6
:10D5D000E381AF82AA85AA893A8AAB8E9B8F32906B
:10D5E000DD910797BA4EC14E03527558EC580B5C4B
:10D5F0001A753D5C4E810A8AC58F63966D97257BAF
:10D60000CF8A08986291F356A853179039548257DD
:10D61000255EA863346C8A7061778B7CE07F7088AC
:10D6200042905491109318938F965E74C49A075D3C
:10D63000695D7065A267A88DDB966E63496719699D
:10D64000C5831798C096FE88846F7A64F85B164E7F
:10D650002C705D752F66C4513652E252D359815FEA
:10D66000276010623F6574651F667466F26816680D
:10D67000636B056E72721F75DB76BE7C5680F05848
:10D68000FD887F89A08A938ACB8A1D9092915297B8
:10D69000599789650E7A0681BB962D5EDC601A6209
:10D6A000A56514669067F3774D7A4D7C3E7E0A81BE
:10D6B000AC8C648DE18D5F8EA9780752D962A56329
:10D6C000426498622D8A837AC07BAC8AEA96767D22
:10D6D0000C824987D94E485143536053A35B025C87
:10D6E000165CDD5D26624762B06413683468C96CFD
:10D6F000456D176DD3675C6F4E717D71CB657F7A19
:10D70000AD7BDA7D4A7EA87F7A811B823982A6852D
:10D710006E8ACE8CF58D78907790AD9291928395AC
:10D72000AE9B4D528455386F367168518579557E60
:10D73000B381CE7C4C565158A85CAA63FE66FD6648
:10D740005A69D9728F758E750E795679DF79977C03
:10D75000207D447D0786348A3B966190209FE75068
:10D760007552CC53E2530950AA55EE584F593D72A9
:10D770008B5B645C1D53E360F3605C6383633F63B6
:10D78000BB63CD64E965F966E35DCD69FD69156F3D
:10D79000E571894EE975F876937ADF7CCF7D9C7DC3
:10D7A0006180498358836C84BC84FB85C588708DF7
:10D7B00001906D9097931C97129ACF5097588E6155
:10D7C000D3813585088D2090C34F745047527353D1
:10D7D0006F6049635F672C6EB38D1F90D74F5E5C9F
:10D7E000CA8CCF659A7D525396887651C363585B35
:10D7F0006B5B0A5C0D6451675C90D64E1A592A59CE
:10D80000706C518A3E551558A559F0605362C16736
:10D81000358255694096C499289A534F0658FE5B45
:10D820001080B15C2F5E855F20604B613462FF66C3
:10D83000F06CDE6ECE807F81D4828B88B88C0090B5
:10D840002E908A96DB9EDB9BE34EF05327592C7B70
:10D850008D914C98F99DDD6E277053534455855B2F
:10D8600058629E62D362A26CEF6F2274178A38945A
:10D87000C16FFE8A3883E751F886EA53E953464F71
:10D880005490B08F6A593181FD5DEA7ABF8FDA68B2
:10D89000378CF872489C3D6AB08A394E5853065608
:10D8A0006657C562A263E6654E6BE16D5B6EAD7057
:10D8B000ED77EF7AAA7BBB7D3D80C680CB86958ACB
:10D8C0005B93E356C7583E5FAD659666806AB56B5D
:10D8D0003775C78A2450E57730571B5F65607A66D5
:10D8E000606CF4751A7A6E7FF48118874590B3994D
:10D8F000C97B5C75F97A517BC4841090E979927A7E
:10D900003683E15A40772D4EF24E995BE05FBD625F
:10D910003C66F167E86C6B8677883B8A4E91F392A0
:10D92000D099176A26702A73E7825784AF8C014E0C
:10D930004651CB518B55F55B165E335E815E145FAD
:10D94000355F6B5FB45FF2611163A2661D676E6F36
:10D9500052723A753A777480398178817687BF8AB6
:10D96000DC8A858DF38D9A9277950298E59CC55255
:10D970005763F4761567886CCD73C38CAE9373963A
:10D98000256D9C580E69CC69FD8F9A93DB751A90B2
:10D990005A580268B463FB69434F2C6FD867BB8F3A
:10D9A0002685B47D54933F69706F6A57F7582C5B96
:10D9B0002C7D2A720A54E391B49DAD4E4E4F5C50BB
:10D9C000755043529E8C485424589A5B1D5E955E58
:10D9D000AD5EF75E1F5F8C60B5623A63D063AF687F
:10D9E000406C87788E790B7AE07D4782028AE68ADE
:10D9F000448E1390B8902D91D8910E9FE56C586489
:10DA0000E2647565F46E84761B7B6990D193BA6E7F
:10DA1000F254B95FA4644D8FED8F449278516B58E6
:10DA20002959555C975EFB6D8F7E1C75BC8CE28E10
:10DA30005B98B9701D4FBF6BB16F3075FB964E513F
:10DA4000105435585758AC59605C925F97655C67C5
:10DA5000216E7B76DF83ED8C1490FD904D932578BD
:10DA60003A78AA52A65E1F577459126012505A5142
:10DA7000AC51CD5100521055545858585759955BD8
:10DA8000F65C8B5DBC6095622D6471674368BC6811
:10DA9000DF68D776D86D6F6E9B6D6F70C871535FFE
:10DAA000D8757779497B547B527BD67C717D305217
:10DAB00063846985E4850E8A048B468C0F8E0390FF
:10DAC0000F90199476962D98309AD895CD50D552BE
:10DAD0000C5402580E5CA7619E641E6DB377E57A04
:10DAE000F480048453908592E05C079D3F53975FD8
:10DAF000B35F9C6D79726377BF79E47BD26BEC7214
:10DB0000AD8A0368616AF851817A34694A5CF69C8F
:10DB1000EB82C55B49911E7078566F5CC760666585
:10DB20008C6C5A8C419013985154C7660D92485989
:10DB3000A39085514D4EEA5199850E8B58707A63AA
:10DB40004B936269B499047E777557536069DF8E91
:10DB5000E3965D6C8C4E3C5C105FE98F0253D18C78
:10DB600089807986FF5EE565734E655182593F5C19
:10DB7000EE97FB4E8A59CD5F8D8AE16FB07962795D
:10DB8000E75B71842B73B171745EF55F7B639A649C
:10DB9000C371987C434EFC5E4B4EDC57A256A96085
:10DBA000C36F0D7DFD803381BF81B28F9789A486BD
:10DBB000F45D8A62AD6487897767E26C3E6D367486
:10DBC0003478465A757FAD82AC99F34FC35EDD62FF
:10DBD000926357656F67C3764C72CC80BA80298F89
:10DBE0004D910D50F957925A856873696471FD72B1
:10DBF000B78CF258E08C6A9619907F87E479E777C2
:10DC000029842F4F65525A53CD62CF67CA6C7D76F7
:10DC1000947B957C36828485EB8FDD66206F06725F
:10DC20001B7EAB83C199A69EFD51B17B7278B87BF8
:10DC30008780487BE86A615E8C80517560756B51A6
:10DC400062928C6E7A769791EA9A104F707F9C62FE
:10DC50004F7BA595E99C7A565958E486BC96344F7B
:10DC600024524A53CD53DB53065E2C6491657F6783
:10DC70003E6C4E6C4872AF72ED735475417E2C82CF
:10DC8000E985A98CC47BC69169711298EF983D63B0
:10DC900069666A75E476D0784385EE862A535153D7
:10DCA00026548359875E7C5FB26049627962AB62B9
:10DCB0009065D46BCC6CB275AE769178D879CB7D0B
:10DCC000777FA580AB88B98ABB8C7F905E97DB9805
:10DCD0000B6A387C99503E5CAE5F8767D86B3574B1
:10DCE00009778E7F3B9FCA67177A39538B75ED9AF8
:10DCF000665F9D81F18398803C5FC55F6275467B5E
:10DD00003C906768EB599B5A107D7E762C8BF54FC3
:10DD10006A5F196A376C026FE27468796888558A9D
:10DD2000798CDF5ECF63C575D279D7822893F29262
:10DD30009C84ED862D9CC1546C5F8C655C6D157068
:10DD4000A78CD38C3B984F65F6740D4ED84EE05798
:10DD50002B59665ACC5BA851035E9C5E16607662B6
:10DD60007765A7656E666E6D3672267B50819A81E7
:10DD700099825C8BA08CE68C748D1C964496AE4F79
:10DD8000AB64666B1E8261846A85E890015C5369AE
:10DD9000A8987A8457850F4F6F52A95F455E0D672B
:10DDA0008F79798107898689F56D175F5562B86C1F
:10DDB000CF4E6972929B06523B547456B358A4617D
:10DDC0006E621A716E59897CDE7C1B7DF0968765C8
:10DDD0005E80194E754F75514058635E735E0A5FE1
:10DDE000C467264E3D8589955B96737C0198FB50F0
:10DDF000C1585676A7782552A5771185867B4F5056
:10DE000009594772C77BE87DBA8FD48F4D90BF4FB9
:10DE1000C952295A015FAD97DD4F1782EA92035725
:10DE20005563696B2B75DC88148F427ADF529358E7
:10DE300055610A62AE66CD6B3F7CE9832350F84F93
:10DE400005534654315849599D5BF05CEF5C295DA0
:10DE5000965EB16267633E65B9650B67D56CE16C30
:10DE6000F97032782B7EDE80B3820C84EC840287DA
:10DE700012892A8A4A8CA690D292FD98F39C6C9DB6
:10DE80004F4EA14E8D5056524A57A8593D5ED85F0D
:10DE9000D95F3F62B4661B67D067D2689251217D1B
:10DEA000AA80A881008B8C8CBF8C7E9232962054E5
:10DEB0002C981753D5505C53A858B26434676772D6
:10DEC0006677467AE691C352A16C866B00584C5E29
:10DED00054592C67FB7FE151C6766964E878549BFE
:10DEE000BB9ECB57B95927669A67CE6BE954D9695F
:10DEF000555E9C819567AA9BFE67529C5D68A64E05
:10DF0000E34FC853B9622B67AB6CC48FAD4F6D7EC6
:10DF1000BF9E074E6261806E2B6F138573542A6714
:10DF2000459BF35D957BAC5CC65B1C874A6ED184D8
:10DF3000147A088199598D7C116C2077D952225915
:10DF400021715F72DB772797619D0B697F5A185AA1
:10DF5000A5510D547D540E66DF76F78F9892F49C90
:10DF6000EA595D72C56E4D51C968BF7DEC7D6297FF
:10DF7000BA9E7864216A028384595F5BDB6B1B73F2
:10DF8000F276B27D1780998432512867D99EEE7659
:10DF90006267FF520599245C3B627E7CB08C4F55D2
:10DFA000B6600B7D809501535F4EB6511C593A7295
:10DFB0003680CE91255FE2778453795F047DAC850E
:10DFC000338A8D8E5697F367AE8553940961086145
:10DFD000B96C5276ED8A388F2F55514F2A51C7525E
:10DFE000CB53A55B7D5EA0608261D6630967DA676B
:10DFF000676E8C6D3673377331755079D588988A12
:10E000004A909190F590C4968D871559884E594F36
:10E010000E4E898A3F8F1098AD507C5E9659B95B41
:10E02000B85EDA63FA63C164DC664A69D8690B6D6D
:10E03000B66E94712875AF7A8A7F00804984C9844E
:10E040008189218B0A8E65907D960A997E61916205
:10E05000326B836C746DCC7FFC7FC06D857FBA871B
:10E06000F8886567B1833C98F7961B6D617D3D84A8
:10E070006A91714E7553505D046BEB6FCD852D86A3
:10E08000A78929520F54655C4E67A868067483748B
:10E09000E275CF88E188CC91E29678968B5F8773A2
:10E0A000CB7A4E84A06365758952416D9C6E09746C
:10E0B00059756B78927C8696DC7A8D9FB64F6E612F
:10E0C000C5655C86864EAE4EDA50214ECC51EE5B75
:10E0D00099658168BC6D1F734276AD771C7AE77CC9
:10E0E0006F82D28A7C90CF91759618989B52D17D81
:10E0F0002B5098539767CB6DD0713374E8812A8F7A
:10E10000A396579C9F9E60744158996D2F7D5E9891
:10E11000E44E364F8B4FB751B152BA5D1C60B273AB
:10E120003C79D3823492B796F6960A97979E629F6F
:10E13000A666746B1752A352C870C288C95E4B6042
:10E140009061236F49713E7CF47D6F80EE84239053
:10E150002C9342546F9BD36A8970C28CEF8D329797
:10E16000B452415ACA5E045F17677C6994696A6D4C
:10E170000F6F6272FC72ED7B01807E804B87CE90C8
:10E180006D51939E84798B803293D68A2D508C5416
:10E19000718A6A6BC48C0781D160A067F29D994E29
:10E1A000984E109C6B8AC185688500697E6E977851
:10E1B00055810000002502250C2510251825142561
:10E1C0001C252C25242534253C25012503250F2538
:10E1D00013251B251725232533252B253B254B25CB
:10E1E00020252F25282537253F251D2530252525A8
:10E1F00038254225100411041204130414041504D4
:10E20000010416041704180419041A041B041C043E
:10E210001D041E041F0420042104220423042404DA
:10E22000250426042704280429042A042B042C048A
:10E230002D042E042F040000000000000000000048
:10E2400000000000000000000000000000000000CE
:10E250000000000030043104320433043404350477
:10E26000510436043704380439043A043B043C04AE
:10E270003D043E043F04400441044204430444047A
:10E28000450446044704480449044A044B044C042A
:10E290004D044E044F040000910392039303940332
:10E2A000950396039703980399039A039B039C0392
:10E2B0009D039E039F03A003A103A303A403A5033F
:10E2C000A603A703A803A9030000000000000000A4
:10E2D0000000000000000000B103B203B303B40368
:10E2E000B503B603B703B803B903BA03BB03BC0352
:10E2F000BD03BE03BF03C003C103C303C403C503FF
:10E30000C603C703C803C9030000000000000000E3
:10E3100000000000000000010101010101010101F4
:10E3200001000000000000000101010101010101E4
:10E3300001010101010101010101010101010101CD
:10E3400001010000000000000001010101010101C4
:10E3500001010101010101010101010101010101AD
:10E3600001010100C625A125A025B325B225BD25A3
:10E37000BC253B2012309221902191219321133012
:10E38000000000000000000000000000000000008D
:10E3900000000000000008220B2286228722822231
:10E3A00083222A2229220000000000000000000031
:10E3B00000000000000027222822AC00D221D42136
:10E3C00000220322292200000000000000000000BB
:10E3D000000000000000000000002022A5221223FF
:10E3E00002220722612252226A226B221A223D2235
:10E3F0001D2235222B222C220000000000000000EC
:10E400000000000000002B2130206F266D266A26B8
:10E4100020202120B6002C22000000000000EF2563
:10E420000030013002300CFF0EFFFB301AFF1BFFE3
:10E430001FFF01FF9B309C30B40040FFA8003EFF4F
:10E440003E203FFFFD30FE309D309E300330DD4EDC
:10E45000053006300730FC30142010200FFF3CFF41
:10E460001C3016205CFF26202520182019201C2097
:10E470001D2008FF09FF143015303BFF3DFF5BFFF7
:10E480005DFF083009300A300B300C300D300E3093
:10E490000F30103011300BFF1222B100D700F700FF
:10E4A0001DFF60221CFF1EFF662267221E223422EF
:10E4B00042264026B000322033200321A50004FF6D
:10E4C000A200A30005FF03FF06FF0AFF20FFA7002D
:10E4D00006260526CB25CF25CE25C7253030303062
:10E4E000303030303030303030303030202020206C
:10E4F0002020202020202020202020200A00010091
:10E5000002000300040005000600070008000900DF
:10E510000A000B000C000D000E000F0010000000A0
:10E5200000000000000000000000000000000000EB
:10E5300000000000000000000000000000000000DB
:10E5400000000000000000000000000000000000CB
:10E5500010111213141516171819000000000000EE
:10E56000001A1B1C1D1E1F00000000000000000000
:10E57000000000000000000000000000000000009B
:10E58000001A1B1C1D1E1F000000000000000000E0
:10E59000000000000000000000000000000000007B
:10E5A000000000000000000000000000000000006B
:10E5B000000000000000000000000000000000005B
:10E5C000000000000000000000000000000000004B
:10E5D000000000000000000000000000000000003B
:10E5E000000000000000000000000000000000002B
:10E5F000000000000000000000000000000000001B
:10E60000000000000000000000000000000000000A
:10E6100000000000000000000000000000000000FA
:10E62000000000001F001C2000000000142100005A
:10E630000200162400000000142500000200152826
:10E6400000000000112900000000142A0000000052
:10E65000182B00000000142C00000000102D0000FA
:10E660000000142E000001000C3000000900143AD4
:10E6700000000100183C00000200143F00000100EF
:10E68000034100001900155B00000000145C00004D
:10E690000000115D00000000175E000000000F5F29
:10E6A0000000000017600000000003610000190076
:10E6B000157B00000000187C00000000117D0000A8
:10E6C0000000187E00000000007F000020001CA059
:10E6D0000000000014A10000000016A200000300CA
:10E6E00019A60000000014A70000000017A80000F1
:10E6F000000019A90000000006AA0000000013ABEA
:10E700000000000018AC0000000001AD0000000097
:10E7100019AE0000000017AF0000000019B00000A3
:10E72000000018B1000000000EB20000010017B494
:10E730000000000003B50000000014B60000010056
:10E7400017B8000000000EB90000000006BA000073
:10E75000000012BB000000000EBC0000020014BF4D
:10E760000000000003C00000160018D700000000E1
:10E7700003D80000060004DF0000000003E00000F2
:10E78000160018F70000000003F800003F000438EE
:10E7900001000000033901000F00044901000000DE
:10E7A000034A01004200048D01000000038E0100B5
:10E7B0000C00049B01000000039C01000D0004AA52
:10E7C0000100010003AC01000D0004BA01000000CB
:10E7D00006BB0100000003BC0100010004BE0100F3
:10E7E000000003BF0100000006C00100030003C4D5
:10E7F0000100000007C50100000003C60100010080
:10E8000007C80100000003C90100010007CB010097
:10E81000000003CC0100230004F00100000003F11C
:10E820000100000007F20100000003F301002D00C9
:10E83000042102000000032202001100043402003F
:10E840000500033A02001A000455020000000356B6
:10E8500002000100045802000000035902000000F9
:10E86000045A02000000035B02000100045D020084
:10E870000200036002000100046202000000036362
:10E8800002000000046402000000036502000100B1
:10E89000046702000000036802000400046D020027
:10E8A0000100036F02000000047002000000037109
:10E8B0000200010004730200010003750200000061
:10E8C000047602000600037D02000000047E0200C0
:10E8D00001000380020000000481020000000382A6
:10E8E0000200010004840200020003870200050008
:10E8F000048D020004000392020000000493020051
:10E900000000069402000000049502000700039D29
:10E9100002000100049F0200100005B00200110077
:10E9200017C20200030005C602000B0017D2020046
:10E930000D0005E00200040017E50200060005ECEA
:10E940000200000017ED0200000005EE02000000CA
:10E9500017EF020010000B0003006F0003700300AC
:10E960000300057403000000177503000000037620
:10E9700003000100057A03000000037B030002008E
:10E98000147E03000000037F0300000017840300CF
:10E9900001000386030000001487030000000388C1
:10E9A00003000200038C03000000038E030001003B
:10E9B00004900300000003910300100003A3030070
:10E9C0000C0004B00300000003B10300200008D2D3
:10E9D0000300020003D50300200018F60300000026
:10E9E00003F70300040004FC0300000003FD030020
:10E9F00084001982040000000B83040004000A88CC
:10EA000004000100038A0400A5000331050025006D
:10EA1000055905000000145A0500050004600500B2
:10EA2000000003610500250004870500010014892A
:10EA300005000000108A05000000198D0500010086
:10EA4000168F050000000B9105002C0010BE05007C
:10EA500000000BBF0500000014C0050000000BC142
:10EA60000500010014C3050000000BC405000100EF
:10EA700014C6050000000BC70500000006D0050005
:10EA80001A0006EF0500030014F305000100010061
:10EA90000600050018060600020014090600010021
:10EAA000160B06000000140C06000100190E0600EB
:10EAB00001000B1006000A00141B06000000011CD8
:10EAC00006000000141D06000200062006001F00BC
:10EAD0000540060000000641060009000B4B060039
:10EAE00014000C6006000900146A06000300066E9C
:10EAF000060001000B7006000000067106006200AF
:10EB000014D40600000006D5060000000BD606004F
:10EB1000060001DD0600000019DE060000000BDF24
:10EB20000600050005E5060001000BE706000100F0
:10EB300019E9060000000BEA0600030006EE0600D5
:10EB400001000CF00600090006FA0600020019FD9B
:10EB50000600010006FF06000000140007000D007B
:10EB6000010F070000000610070000000B1107004E
:10EB70000000061207001D000B3007001A00064DAA
:10EB8000070058000BA607000A0006B107000000A6
:10EB90000CC00700090006CA070020000BEB0700A5
:10EBA000080005F40700010019F60700000014F73B
:10EBB0000700020005FA070000000BFD0700000037
:10EBC00016FE070001000600080015000B160800DD
:10EBD0000300051A080000000B1B080008000524AC
:10EBE000080000000B2508000200052808000000AE
:10EBF0000B2908000400143008000E00064008002D
:10EC000018000B5908000200145E0800000006609E
:10EC100008000A00067008001700178808000000A6
:10EC20000689080005000190080001000B98080003
:10EC3000070006A00800280005C9080000000BCA4C
:10EC40000800170001E2080000000BE308001F00A5
:10EC50000903090000000604090035000B3A090009
:10EC60000000093B090000000B3C09000000063DC4
:10EC700009000000093E090002000B4109000700DD
:10EC80000949090003000B4D09000000094E090065
:10EC900001000650090000000B510900060006584B
:10ECA000090009000B620900010014640900010059
:10ECB0000C660900090014700900000005710900C4
:10ECC0000000067209000E000B8109000000098295
:10ECD00009000100068509000700068F09000100F0
:10ECE00006930900150006AA0900060006B20900ED
:10ECF000000006B6090003000BBC0900000006BDB9
:10ED00000900000009BE090002000BC10900030050
:10ED100009C70900010009CB090001000BCD09005A
:10ED2000000006CE0900000009D70900000006DC3B
:10ED30000900010006DF090002000BE209000100E2
:10ED40000CE60900090006F00900010016F20900AE
:10ED500001000EF40900050019FA0900000016FB75
:10ED60000900000006FC0900000014FD0900000075
:10ED70000BFE090000000B010A00010009030A0054
:10ED8000000006050A000500060F0A000100061330
:10ED90000A001500062A0A00060006320A000100D1
:10EDA00006350A00010006380A0001000B3C0A0083
:10EDB0000000093E0A0002000B410A0001000B4757
:10EDC0000A0001000B4B0A0002000B510A00000070
:10EDD00006590A000300065E0A0000000C660A00DD
:10EDE00009000B700A00010006720A0002000B7590
:10EDF0000A00000014760A0000000B810A000100DE
:10EE000009830A00000006850A000800068F0A0030
:10EE1000020006930A00150006AA0A00060006B2C0
:10EE20000A00010006B50A0004000BBC0A0000003D
:10EE300006BD0A00000009BE0A0002000BC10A005C
:10EE400004000BC70A00010009C90A00000009CB31
:10EE50000A0001000BCD0A00000006D00A000000E5
:10EE600006E00A0001000BE20A0001000CE60A00BD
:10EE7000090014F00A00000016F10A00000006F96B
:10EE80000A0000000BFA0A0005000B010B0000004D
:10EE900009020B00010006050B000700060F0B001E
:10EEA000010006130B001500062A0B0006000632AF
:10EEB0000B00010006350B0004000B3C0B000000AA
:10EEC000063D0B000000093E0B0000000B3F0B004D
:10EED000000009400B0000000B410B000300094734
:10EEE0000B000100094B0B0001000B4D0B00000053
:10EEF0000B550B00010009570B000000065C0B00CE
:10EF00000100065F0B0002000B620B0001000C66A3
:10EF10000B00090019700B00000006710B000000C7
:10EF20000E720B0005000B820B00000006830B0025
:10EF3000000006850B000500068E0B0002000692FD
:10EF40000B00030006990B000100069C0B0000005B
:10EF5000069E0B00010006A30B00010006A80B0093
:10EF6000020006AE0B000B0009BE0B0001000BC037
:10EF70000B00000009C10B00010009C60B000200D4
:10EF800009CA0B0002000BCD0B00000006D00B00DD
:10EF9000000009D70B0000000CE60B0009000EF082
:10EFA0000B00020019F30B00050016F90B0000001E
:10EFB00019FA0B0000000B000C00000009010C0006
:10EFC00002000B040C00000006050C000700060EF2
:10EFD0000C00020006120C001600062A0C000F009E
:10EFE0000B3C0C000000063D0C0000000B3E0C002A
:10EFF000020009410C0003000B460C0002000B4A02
:10F000000C0003000B550C00010006580C00020018
:10F01000065D0C00000006600C0001000B620C0095
:10F0200001000C660C00090014770C0000000E783B
:10F030000C000600197F0C00000006800C00000088
:10F040000B810C00000009820C00010014840C00EC
:10F05000000006850C000700068E0C0002000692D8
:10F060000C00160006AA0C00090006B50C000400EE
:10F070000BBC0C00000006BD0C00000009BE0C001B
:10F0800000000BBF0C00000009C00C0004000BC600
:10F090000C00000009C70C00010009CA0C000100A7
:10F0A0000BCC0C00010009D50C00010006DD0C00A2
:10F0B000010006E00C0001000BE20C0001000CE670
:10F0C0000C00090006F10C00010009F30C0000001F
:10F0D0000B000D00010009020D00010006040D00E7
:10F0E0000800060E0D00020006120D0028000B3B62
:10F0F0000D000100063D0D000000093E0D0002005C
:10F100000B410D00030009460D000200094A0D00E5
:10F1100002000B4D0D000000064E0D000000194FBF
:10F120000D00000006540D00020009570D000000FC
:10F130000E580D000600065F0D0002000B620D0068
:10F1400001000C660D0009000E700D000800197911
:10F150000D000000067A0D0005000B810D00000077
:10F1600009820D00010006850D001100069A0D00B0
:10F17000170006B30D00080006BD0D00000006C014
:10F180000D0006000BCA0D00000009CF0D000200A3
:10F190000BD20D0002000BD60D00000009D80D00A7
:10F1A00007000CE60D00090009F20D00010014F43F
:10F1B0000D00000006010E002F000B310E000000B4
:10F1C00006320E0001000B340E000600163F0E0042
:10F1D000000006400E00050005460E0000000B472B
:10F1E0000E000700144F0E0000000C500E00090026
:10F1F000145A0E00010006810E00010006840E0064
:10F20000000006860E000400068C0E00170006A5FE
:10F210000E00000006A70E0009000BB10E00000052
:10F2200006B20E0001000BB40E00080006BD0E0071
:10F23000000006C00E00040005C60E0000000BC84A
:10F240000E0006000CD00E00090006DC0E000300C4
:10F2500006000F00000019010F00020014040F0047
:10F260000E0019130F00000014140F0000001915F0
:10F270000F0002000B180F000100191A0F00050003
:10F280000C200F0009000E2A0F00090019340F008E
:10F2900000000B350F00000019360F0000000B377F
:10F2A0000F00000019380F0000000B390F0000009C
:10F2B000153A0F000000113B0F000000153C0F0035
:10F2C0000000113D0F000000093E0F000100064044
:10F2D0000F00070006490F0023000B710F000D00FF
:10F2E000097F0F0000000B800F00040014850F0041
:10F2F00000000B860F00010006880F0004000B8D34
:10F300000F000A000B990F00230019BE0F00070021
:10F310000BC60F00000019C70F00050019CE0F0023
:10F32000010014D00F00040019D50F00030014D9F8
:10F330000F000100060010002A00092B1000010038
:10F340000B2D100003000931100000000B321000DB
:10F3500005000938100000000B3910000100093BBE
:10F36000100001000B3D10000100063F10000000DE
:10F370000C4010000900144A10000500065010004F
:10F3800005000956100001000B5810000100065A34
:10F39000100003000B5E1000020006611000000068
:10F3A00009621000020006651000010009671000E4
:10F3B0000600066E100002000B71100003000675B7
:10F3C00010000C000B8210000000098310000100E7
:10F3D0000B85100001000987100005000B8D10003F
:10F3E0000000068E10000000098F100000000C9035
:10F3F00010000900099A100002000B9D1000000087
:10F40000199E1000010003A01000250003C7100082
:10F41000000003CD1000000003D010002A0014FBF0
:10F420001000000005FC1000000003FD10000200A9
:10F43000060011004801064A12000300065012009F
:10F440000600065812000000065A1200030006606B
:10F4500012002800068A1200030006901200200005
:10F4600006B21200030006B81200060006C0120021
:10F47000000006C21200030006C812000E0006D8E3
:10F480001200380006121300030006181300420091
:10F490000B5D130002001460130008000E691300D6
:10F4A0001300068013000F0019901300090003A039
:10F4B0001300550003F813000500100014000000AD
:10F4C000060114006B02196D16000000146E160080
:10F4D0000000066F160010001C8016000000068158
:10F4E00016001900159B16000000119C1600000064
:10F4F00006A016004A0014EB160002000DEE1600DE
:10F50000020006F1160007000600170011000B129A
:10F5100017000200091517000000061F170012004F
:10F520000B321700010009341700000014351700D2
:10F5300001000640170011000B5217000100066081
:10F5400017000C00066E170002000B721700010076
:10F550000680170033000BB41700010009B617002E
:10F5600000000BB71700060009BE170007000BC606
:10F570001700000009C7170001000BC917000A0097
:10F5800014D41700020005D71700000014D8170084
:10F59000020016DB1700000006DC170000000BDD80
:10F5A000170000000CE0170009000EF0170009001A
:10F5B00014001800050010061800000014071800B9
:10F5C00003000B0B18000200010E180000000B0FC7
:10F5D000180000000C101800090006201800220076
:10F5E0000543180000000644180034000680180087
:10F5F00004000B85180001000687180021000BA9E4
:10F600001800000006AA1800000006B01800450007
:10F61000060019001E000B20190002000923190022
:10F6200003000B2719000100092919000200093005
:10F63000190001000B321900000009331900050000
:10F640000B39190002001940190000001444190078
:10F6500001000C4619000900065019001D00067033
:10F6600019000400068019002B0006B019001900CB
:10F670000CD0190009000EDA1900000019DE19007B
:10F68000210006001A0016000B171A0001000919C4
:10F690001A0001000B1B1A000000141E1A000100C2
:10F6A00006201A00340009551A0000000B561A00F3
:10F6B000000009571A0000000B581A0006000B60E2
:10F6C0001A00000009611A0000000B621A00000015
:10F6D00009631A0001000B651A000700096D1A0082
:10F6E00005000B731A0009000B7F1A0000000C8044
:10F6F0001A0009000C901A00090014A01A00060054
:10F7000005A71A00000014A81A0005000BB01A0083
:10F710000D000ABE1A0000000BBF1A000F000B00FC
:10F720001B00030009041B00000006051B002E003F
:10F730000B341B00000009351B0000000B361B00BA
:10F740000400093B1B0000000B3C1B000000093DAE
:10F750001B0004000B421B00000009431B000100BA
:10F7600006451B0007000C501B000900145A1B0023
:10F77000060019611B0009000B6B1B0008001974BF
:10F780001B000800147D1B0001000B801B00010002
:10F7900009821B00000006831B001D0009A11B003D
:10F7A00000000BA21B00030009A61B0001000BA810
:10F7B0001B00010009AA1B0000000BAB1B0002008C
:10F7C00006AE1B0001000CB01B00090006BA1B00AE
:10F7D0002B000BE61B00000009E71B0000000BE8F4
:10F7E0001B00010009EA1B0002000BED1B000000DA
:10F7F00009EE1B0000000BEF1B00020009F21B00CA
:10F80000010014FC1B00030006001C002300092457
:10F810001C0007000B2C1C00070009341C00010011
:10F820000B361C000100143B1C0004000C401C00A3
:10F830000900064D1C0002000C501C000900065A6D
:10F840001C001D0005781C000500147E1C00010032
:10F8500003801C00080003901C002A0003BD1C004C
:10F86000020014C01C0007000BD01C00020014D3BF
:10F870001C0000000BD41C000C0009E11C0000005F
:10F880000BE21C00060006E91C0003000BED1C0047
:10F89000000006EE1C0005000BF41C00000006F53D
:10F8A0001C00010009F71C0000000BF81C000100FF
:10F8B00006FA1C00000004001D002B00052C1D0092
:10F8C0003E00046B1D000C0005781D00000003794C
:10F8D0001D000000047A1D000200037D1D000000D1
:10F8E000047E1D000F00038E1D000000048F1D000C
:10F8F0000B00059B1D0024000BC01D003F000300F2
:10F900001E00950004961E000400039B1E000000CC
:10F91000049C1E000100039E1E000000049F1E00A8
:10F92000000003A01E00750003181F00050003203F
:10F930001F00250003481F00050004501F000000A1
:10F9400003511F00000004521F00000003531F005A
:10F95000000004541F00000003551F00000004565F
:10F960001F00000003571F00000003591F00000084
:10F97000035B1F000000035D1F000000035F1F000A
:10F980001E0003801F00070007881F000700039068
:10F990001F00070007981F00070003A01F000700B3
:10F9A00007A81F00070003B01F00010004B21F00DA
:10F9B000000003B31F00000004B41F00000004B6E1
:10F9C0001F00010003B81F00030007BC1F00000058
:10F9D00017BD1F00000003BE1F00000017BF1F005F
:10F9E000020004C21F00000003C31F00000004C483
:10F9F0001F00000004C61F00010003C81F00030011
:10FA000007CC1F00000017CD1F00020003D01F000D
:10FA1000010004D21F00010004D61F00010003D81A
:10FA20001F00030017DD1F00020003E01F0001009C
:10FA300004E21F00020003E51F00000004E61F00AF
:10FA4000010003E81F00040017ED1F00020004F28C
:10FA50001F00000003F31F00000004F41F0000005B
:10FA600004F61F00010003F81F00030007FC1F003D
:10FA7000000017FD1F0001001C0020000A00010B00
:10FA800020000400101020000500141620000100C2
:10FA9000131820000000121920000000151A200081
:10FAA0000000131B20000100121D20000000151E85
:10FAB00020000000131F2000000014202000070079
:10FAC0001A28200000001B2920000000012A200025
:10FAD00004001C2F200000001430200008001339FF
:10FAE00020000000123A20000000143B2000030018
:10FAF0000F3F2000010014412000020018442000A4
:10FB000000001545200000001146200000001447A9
:10FB100020000A00185220000000145320000000AA
:10FB20000F54200000001455200009001C5F200025
:10FB300000000160200004000166200009000E7032
:10FB4000200000000571200000000E742000050058
:10FB5000187A20000200157D20000000117E200090
:10FB60000000057F200000000E8020000900188A98
:10FB700020000200158D20000000118E20000000E2
:10FB8000059020000C0016A0200020000BD02000C3
:10FB90000C000ADD200003000BE1200000000AE257
:10FBA000200002000BE520000B00190021000100DD
:10FBB00008022100000019032100030008072100AA
:10FBC0000000190821000100040A21000000080BB0
:10FBD00021000200040E2100010008102100020093
:10FBE0000413210000001914210000000815210051
:10FBF0000000191621000100181821000000081942
:10FC000021000400191E2100050008242100000025
:10FC100019252100000003262100000019272100DA
:10FC20000000082821000000192921000000032AF3
:10FC300021000100082C21000100192E21000000E4
:10FC4000042F2100000008302100010003322100B0
:10FC500000000833210000000434210000000635B4
:10FC600021000300043921000000193A210001009D
:10FC7000043C21000100083E210001001840210041
:10FC80000400084521000000044621000300194A31
:10FC900021000000184B21000000194C2100010038
:10FCA000034E21000000194F210000000E502100DA
:10FCB0000F000D60210022000383210001000D854B
:10FCC000210003000E8921000000198A2100010093
:10FCD000189021000400199521000400189A2100B1
:10FCE0000100199C2100030018A02100000019A1A7
:10FCF0002100010018A32100000019A42100010027
:10FD000018A62100000019A72100060018AE210046
:10FD1000000019AF21001E0018CE2100010019D0EB
:10FD20002100010018D22100000019D32100000099
:10FD300018D42100000019D521001E0018F421005C
:10FD40000B0119002300070015082300000011090A
:10FD500023000000150A23000000110B23000000FF
:10FD6000190C23001300182023000100192223007E
:10FD70000600152923000000112A23000000192B7A
:10FD800023005000187C23000000197D23001D0073
:10FD9000189B2300180019B42300270018DC230047
:10FDA000050019E223004400194024000A000E60F7
:10FDB00024003B00199C24004D000EEA240015008D
:10FDC00019002500B60018B72500000019B8250055
:10FDD000080018C12500000019C22500350018F8D8
:10FDE00025000700190026006E00186F260000008D
:10FDF00019702600F7001568270000001169270018
:10FE00000000156A27000000116B27000000156C28
:10FE100027000000116D27000000156E270000006C
:10FE2000116F2700000015702700000011712700D6
:10FE300000001572270000001173270000001574E0
:10FE4000270000001175270000000E7627001D0016
:10FE5000199427002B0018C02700040015C527009F
:10FE6000000011C62700000018C727001E0015E675
:10FE70002700000011E72700000015E82700000018
:10FE800011E92700000015EA2700000011EB270008
:10FE9000000015EC2700000011ED2700000015EE12
:10FEA0002700000011EF2700000018F027000F00C6
:10FEB00019002800FF00180029008200158329007E
:10FEC000000011842900000015852900000011861A
:10FED0002900000015872900000011882900000072
:10FEE000158929000000118A29000000158B2900BE
:10FEF0000000118C29000000158D29000000118ED2
:10FF000029000000158F2900000011902900000031
:10FF10001591290000001192290000001593290075
:10FF20000000119429000000159529000000119689
:10FF300029000000159729000000119829000000F1
:10FF4000189929003E0015D82900000011D9290070
:10FF5000000015DA2900000011DB2900000018DC80
:10FF600029001F0015FC2900000011FD29000000D8
:10FF700018FE2900010119002B002F0018302B005A
:10FF8000140019452B00010018472B000500194DDE
:10FF90002B00260019762B001F0019972B006800F4
:10FFA00003002C00700004712C00000003722C0070
:10FFB000010004742C00000003752C00010004777C
:10FFC0002C000400057C2C000100037E2C00650041
:10FFD00004E42C00000019E52C00050003EB2C00C4
:10FFE00003000BEF2C00020003F22C00010014F9B7
:10FFF0002C0003000EFD2C00000014FE2C0001005C
:020000040802F0
:1000000003002D00250003272D000000032D2D00E7
:10001000000006302D003700056F2D000000147021
:100020002D0000000B7F2D00000006802D00160023
:1000300006A02D00060006A82D00060006B02D0023
:10004000060006B82D00060006C02D00060006C8F2
:100050002D00060006D02D00060006D82D00060053
:100060000BE02D001F0014002E00010013022E00D3
:10007000000012032E00000013042E0000001205E1
:100080002E00000014062E00020013092E000000AE
:10009000120A2E000000140B2E000000130C2E007C
:1000A0000000120D2E000000140E2E000800101784
:1000B0002E00000014182E000100101A2E0000005F
:1000C000141B2E000000131C2E000000121D2E0019
:1000D0000000141E2E00010013202E00000012212B
:1000E0002E00000015222E00000011232E0000001B
:1000F00015242E00000011252E00000015262E00CC
:10010000000011272E00000015282E0000001129E4
:100110002E000000142A2E000400052F2E000000DF
:1001200014302E000900103A2E000100143C2E005D
:10013000030010402E00000014412E000000154264
:100140002E00000014432E000C0019502E00010058
:1001500014522E00020015552E00000011562E00DC
:10016000000015572E00000011582E0000001559F0
:100170002E000000115A2E000000155B2E0000001A
:10018000115C2E000000105D2E00000019802E0072
:100190001900199B2E00580019002F00D50019F0E6
:1001A0002F000B001C003000000014013000020082
:1001B000190430000000050530000000060630007C
:1001C00000000D0730000000150830000000110984
:1001D00030000000150A30000000110B3000000054
:1001E000150C30000000110D30000000150E30001D
:1001F0000000110F30000000151030000000111138
:100200003000000019123000010015143000000009
:1002100011153000000015163000000011173000D5
:100220000000151830000000111930000000151AE8
:1002300030000000111B30000000101C30000000D6
:10024000151D30000000111E300001001920300083
:1002500000000D21300008000B2A30000300092E99
:100260003000010010303000000005313000040083
:100270001936300001000D3830000200053B300017
:100280000000063C30000000143D30000000193E24
:10029000300001000641300055000B99300001008C
:1002A000179B30000100059D30000100069F3000C3
:1002B000000010A03000000006A13000590014FB1F
:1002C0003000000005FC3000020006FF3000000096
:1002D000060531002A00063131005D001990310019
:1002E00001000E923100030019963100090006A0AA
:1002F00031001F0019C03100230006F031000F004B
:10030000190032001E000E2032000900192A3200A6
:100310001D000E48320007001950320000000E5137
:1003200032000E00196032001F000E8032000900FA
:10033000198A320026000EB132000E0019C03200B8
:100340003F0106003400BF1919C04D003F000600F0
:100350004E0014520515A00000000616A0007604F9
:100360001990A400360006D0A400270005F8A400C8
:10037000050014FEA40001000600A5000B01050CF9
:10038000A6000000140DA60002000610A6000F0033
:100390000C20A6000900062AA60001000340A600C2
:1003A0002D00066EA60000000B6FA60000000A706C
:1003B000A60002001473A60000000B74A60009003A
:1003C000147EA6000000057FA60000000380A600A2
:1003D0001B00059CA60001000B9EA600010006A0C4
:1003E000A60045000DE6A60009000BF0A6000100DE
:1003F00014F2A60005001700A70016000517A700B5
:1004000008001720A70001000322A7000D000430F8
:10041000A70001000332A7003D000570A7000000FF
:100420000471A70007000379A7000E000588A70044
:1004300000001789A7000100038BA7000200048EAB
:10044000A7000000068FA70000000390A70004008B
:100450000495A70000000396A700180004AFA700AA
:10046000000003B0A7001A0003D0A700010004D3C6
:10047000A700000004D5A700000003D6A7000300D2
:1004800005F2A700020003F5A700010006F7A70088
:10049000000005F8A700010004FAA700000006FB11
:1004A000A70006000B02A80000000603A800020037
:1004B0000B06A80000000607A80003000B0BA8000D
:1004C0000000060CA80016000923A80001000B2557
:1004D000A80001000927A80000001928A8000300AF
:1004E0000B2CA80000000E30A80005001936A8004B
:1004F00001001638A80000001939A80000000640C5
:10050000A80033001474A80003000980A8000100AB
:100510000682A800310009B4A8000F000BC4A8008F
:10052000010014CEA80001000CD0A80009000BE0C7
:10053000A800110006F2A800050014F8A8000200A7
:1005400006FBA800000014FCA800000006FDA8009F
:1005500001000BFFA80000000C00A9000900060A1A
:10056000A9001B000B26A9000700142EA9000100FA
:100570000630A90016000B47A9000A000952A9007D
:100580000100145FA90000000660A9001C000B8098
:10059000A90002000983A90000000684A9002E001A
:1005A0000BB3A900000009B4A90001000BB6A90013
:1005B000030009BAA90001000BBCA900010009BE93
:1005C000A900020014C1A9000C0005CFA900000079
:1005D0000CD0A900090014DEA900010006E0A90062
:1005E00004000BE5A900000005E6A900000006E7ED
:1005F000A90008000CF0A900090006FAA9000400EF
:100600000600AA0028000B29AA000500092FAA004D
:1006100001000B31AA0001000933AA0001000B35CB
:10062000AA0001000640AA0002000B43AA00000035
:100630000644AA0007000B4CAA000000094DAA00BE
:1006400000000C50AA000900145CAA000300066018
:10065000AA000F000570AA0000000671AA0005009C
:100660001977AA000200067AAA000000097BAA00F6
:1006700000000B7CAA000000097DAA000000067E95
:10068000AA0031000BB0AA00000006B1AA000000C9
:100690000BB2AA00020006B5AA0001000BB7AA001F
:1006A000010006B9AA0004000BBEAA00010006C0A2
:1006B000AA0000000BC1AA00000006C2AA000000A8
:1006C00006DBAA00010005DDAA00000014DEAA0076
:1006D000010006E0AA000A0009EBAA0000000BECEA
:1006E000AA00010009EEAA00010014F0AA0001000E
:1006F00006F2AA00000005F3AA00010009F5AA000D
:1007000000000BF6AA0000000601AB000500060978
:10071000AB0005000611AB0005000620AB0006008B
:100720000628AB0006000430AB0022000353AB00E8
:1007300000000454AB000600175BAB000000055C32
:10074000AB0003000460AB0008000569AB000000CB
:10075000176AAB0001000370AB004F0006C0AB008E
:10076000220009E3AB0001000BE5AB00000009E645
:10077000AB0001000BE8AB00000009E9AB00010091
:1007800014EBAB00000009ECAB0000000BEDAB007C
:1007900000000CF0AB0009000600AC00A32B06B073
:1007A000D700160006CBD70030000200D800FF07A4
:1007B0000600F9006D010670FA0069000400FB00F4
:1007C00006000413FB000400061DFB0000000B1EC6
:1007D000FB000000061FFB0009001829FB000000B9
:1007E000062AFB000C000638FB000400063EFB0056
:1007F00000000640FB0001000643FB000100064626
:10080000FB006B0017B2FB00100006D3FB006A016F
:10081000113EFD000000153FFD0000001940FD00E5
:100820000F000650FD003F000692FD00350019CF75
:10083000FD00000006F0FD000B0016FCFD000000AE
:1008400019FDFD0002000B00FE000F001410FE0059
:1008500006001517FE0000001118FE000000141914
:10086000FE0000000B20FE000F001430FE00000010
:100870001031FE0001000F33FE0001001535FE00AF
:1008800000001136FE0000001537FE000000113890
:10089000FE0000001539FE000000113AFE000000C5
:1008A000153BFE000000113CFE000000153DFE005F
:1008B0000000113EFE000000153FFE000000114048
:1008C000FE0000001541FE0000001142FE00000085
:1008D0001543FE0000001144FE0000001445FE0018
:1008E00001001547FE0000001148FE0000001449F9
:1008F000FE0003000F4DFE0002001450FE00020037
:100900001454FE0003001058FE0000001559FE00AC
:100910000000115AFE000000155BFE000000115C93
:10092000FE000000155DFE000000115EFE000000EC
:10093000145FFE0002001862FE0000001063FE005B
:1009400000001864FE0002001468FE000000166932
:10095000FE000000146AFE0001000670FE000400A4
:100960000676FE00860001FFFE0000001401FF0075
:1009700002001604FF0000001405FF000200150825
:10098000FF0000001109FF000000140AFF00000032
:10099000180BFF000000140CFF000000100DFF00FA
:1009A0000000140EFF0001000C10FF000900141AD3
:1009B000FF000100181CFF000200141FFF000100CF
:1009C0000321FF001900153BFF000000143CFF004D
:1009D0000000113DFF000000173EFF0000000F3F28
:1009E000FF0000001740FF0000000341FF00190056
:1009F000155BFF000000185CFF000000115DFF00A8
:100A00000000185EFF000000155FFF00000011608D
:100A1000FF0000001461FF0000001562FF000000ED
:100A20001163FF0000001464FF0001000666FF0070
:100A300009000570FF0000000671FF002C00059EF4
:100A4000FF00010006A0FF001E0006C2FF00050017
:100A500006CAFF00050006D2FF00050006DAFF0007
:100A6000020016E0FF00010018E2FF00000017E39B
:100A7000FF00000019E4FF00000016E5FF00010080
:100A800019E8FF00000018E9FF00030019EDFF005E
:100A9000010001F9FF00020019FCFF00010006003F
:100AA00000010B00060D00011900062800011200CC
:100AB000063C00010100063F00010E000650000147
:100AC0000D00068000017A001400010102000E07EB
:100AD00001012C001937010108000D40010134000B
:100AE0000E75010103001979010110000E8A010140
:100AF0000100198C01010200199001010C0019A0DC
:100B00000101000019D001012C000BFD01010000C2
:100B1000068002011C0006A0020130000BE0020169
:100B200000000EE102011A00060003011F000E2062
:100B300003010300062D030113000D410301000012
:100B40000642030107000D4A03010000065003019D
:100B500025000B7603010400068003011D00149F8D
:100B60000301000006A00301230006C803010700DB
:100B700014D0030100000DD103010400030004019F
:100B80004F00065004014D000CA00401090003B001
:100B90000401230003D804012300060005012700F7
:100BA000063005013300146F0501000003700501D4
:100BB0000A00037C05010E00038C05010600039466
:100BC00005010100039705010A0003A305010E00BA
:100BD00003B30501060003BB050101000600060181
:100BE0003601064007011500066007010700058071
:100BF0000701050005870701290005B20701080064
:100C0000060008010500060808010000060A0801A0
:100C10002B00063708010100063C08010000063FD2
:100C2000080116001457080100000E5808010700BB
:100C30000660080116001977080101000E79080105
:100C40000600068008011E000EA70801080006E045
:100C50000801120006F4080101000EFB080104005F
:100C60000600090115000E1609010500141F0901EF
:100C70000000062009011900143F09010000068048
:100C8000090137000EBC0901010006BE090101007F
:100C90000EC009010F000ED209012D0006000A0145
:100CA00000000B010A0102000B050A0101000B0CF8
:100CB0000A01030006100A01030006150A010200DA
:100CC00006190A011C000B380A0102000B3F0A0139
:100CD00000000E400A01080014500A0108000660D6
:100CE0000A011C000E7D0A010100147F0A010000A8
:100CF00006800A011C000E9D0A01020006C00A01BE
:100D0000070019C80A01000006C90A011B000BE50B
:100D10000A0101000EEB0A01040014F00A010600AA
:100D200006000B01350014390B01060006400B01CB
:100D300015000E580B01070006600B0112000E781B
:100D40000B01070006800B01110014990B01030031
:100D50000EA90B01060006000C01480003800C01DF
:100D6000320003C00C0132000EFA0C01050006002F
:100D70000D0123000B240D0103000C300D010900AF
:100D80000E600E011E0006800E0129000BAB0E0145
:100D9000010010AD0E01000006B00E0101000BFDB8
:100DA0000E01020006000F011C000E1D0F010900BC
:100DB00006270F01000006300F0115000B460F013A
:100DC0000A000E510F01030014550F0104000670B4
:100DD0000F0111000B820F01030014860F010300A5
:100DE00006B00F0114000EC50F01060006E00F014A
:100DF00016000900100100000B011001000009029B
:100E0000100100000603100134000B3810010E0021
:100E10001447100106000E52100113000C66100159
:100E200009000B70100100000671100101000B7326
:100E3000100101000675100100000B7F1001020077
:100E4000098210010000068310012C0009B0100176
:100E500002000BB31001030009B7100101000BB928
:100E60001001010014BB1001010001BD10010000C0
:100E700014BE100103000BC21001000001CD1001CF
:100E8000000006D0100118000CF0100109000B0042
:100E9000110102000603110123000B2711010400B8
:100EA000092C110100000B2D110107000C36110156
:100EB0000900144011010300064411010000094516
:100EC0001101010006471101000006501101220026
:100ED0000B73110100001474110101000676110159
:100EE00000000B801101010009821101000006833E
:100EF00011012F0009B3110102000BB61101080006
:100F000009BF1101010006C11101030014C511013F
:100F100003000BC91101030014CD1101000009CE1B
:100F2000110100000BCF110100000CD011010900CC
:100F300006DA1101000014DB1101000006DC1101CA
:100F4000000014DD110102000EE111011300060082
:100F500012011100061312011800092C12010200DF
:100F60000B2F120102000932120101000B34120191
:100F700000000935120100000B361201010014387F
:100F8000120105000B3E12010000063F1201010094
:100F90000B411201000006801201060006881201B2
:100FA0000000068A12010300068F12010E00069F40
:100FB0001201090014A91201000006B012012E004E
:100FC0000BDF1201000009E0120102000BE3120125
:100FD00007000CF0120109000B00130101000902C7
:100FE00013010100060513010700060F130101009C
:100FF000061313011500062A130106000632130119
:1010000001000635130104000B3B13010100063DEE
:1010100013010000093E130101000B401301000001
:10102000094113010300094713010100094B130192
:101030000200065013010000095713010000065D6D
:10104000130104000962130101000B66130106007D
:101050000B7013010400060014013400093514015B
:1010600002000B38140107000940140101000B4273
:10107000140102000945140100000B461401000090
:10108000064714010300144B140104000C50140112
:101090000900145A14010100145D140100000B5ED4
:1010A00014010000065F14010200068014012F00E5
:1010B00009B0140102000BB31401050009B91401B1
:1010C00000000BBA1401000009BB140103000BBFA0
:1010D0001401010009C1140100000BC21401010038
:1010E00006C41401010014C61401000006C714014F
:1010F00000000CD014010900068015012E0009AF74
:10110000150102000BB21501030009B81501030017
:101110000BBC1501010009BE150100000BBF150134
:10112000010014C11501160006D8150103000BDCDF
:1011300015010100060016012F00093016010200FA
:101140000B3316010700093B160101000B3D160188
:101150000000093E160100000B3F1601010014417A
:10116000160102000644160100000C501601090089
:10117000146016010C00068016012A000BAB160144
:10118000000009AC160100000BAD1601000009AE0D
:10119000160101000BB01601050009B6160100008A
:1011A0000BB71601000006B81601000014B91601AD
:1011B00000000CC016010900060017011A000B1DE3
:1011C000170102000920170101000B22170103007B
:1011D0000926170100000B27170104000C30170126
:1011E00009000E3A17010100143C17010200193FD3
:1011F00017010000064017010600060018012B0029
:10120000092C180102000B2F1801080009381801D9
:1012100000000B3918010100143B1801000003A065
:1012200018013F000CE0180109000EEA180108003F
:1012300006FF18010700060919010000060C190134
:1012400007000615190101000618190117000930D9
:10125000190105000937190101000B3B19010100B3
:10126000093D190100000B3E19010000063F19015C
:10127000000009401901000006411901000009425F
:10128000190100000B431901000014441901020068
:101290000C501901090006A01901070006AA19013E
:1012A000260009D1190102000BD4190103000BDA41
:1012B0001901010009DC190103000BE0190100000C
:1012C00006E11901000014E21901000006E319010A
:1012D000000009E41901000006001A0100000B01DA
:1012E0001A010900060B1A0127000B331A01050029
:1012F00009391A010000063A1A0100000B3B1A01D5
:101300000300143F1A0107000B471A0100000650A2
:101310001A0100000B511A01050009571A010100BA
:101320000B591A010200065C1A012D000B8A1A01E2
:101330000C0009971A0100000B981A010100149A79
:101340001A010200069D1A010000149E1A010400F1
:1013500006B01A01480014001B01090006001C0118
:101360000800060A1C012400092F1C0100000B3094
:101370001C0106000B381C010500093E1C01000081
:101380000B3F1C01000006401C01000014411C0121
:1013900004000C501C0109000E5A1C0112001470AC
:1013A0001C01010006721C011D000B921C0115009E
:1013B00009A91C0100000BAA1C01060009B11C01AF
:1013C00000000BB21C01010009B41C0100000BB5A8
:1013D0001C01010006001D01060006081D01010098
:1013E000060B1D0125000B311D0105000B3A1D01E7
:1013F00000000B3C1D0101000B3F1D0106000646CD
:101400001D0100000B471D0100000C501D010900CB
:1014100006601D01050006671D010100066A1D0129
:101420001F00098A1D0104000B901D010100099392
:101430001D0101000B951D01000009961D01000012
:101440000B971D01000006981D0100000CA01D0156
:10145000090006E01E0112000BF31E01010009F550
:101460001E01010014F71E0101000B001F01010005
:1014700006021F01000009031F01000006041F01EE
:101480000C0006121F01210009341F0101000B3658
:101490001F010400093E1F0101000B401F01000055
:1014A00009411F0100000B421F01000014431F01EE
:1014B0000C000C501F01090006B01F0100000EC0F7
:1014C0001F01140019D51F01070016DD1F010300BD
:1014D00019E11F01100014FF1F0100000600200188
:1014E00099030D0024016E0014702401040006808D
:1014F0002401C30006902F01600014F12F010100A8
:10150000060030012F04013034010F000B4034017C
:1015100000000641340105000B4734010E000600AF
:101520004401460206006801380206406A011E00B6
:101530000C606A010900146E6A01010006706A01FC
:101540004E000CC06A01090006D06A011D000BF0B4
:101550006A01040014F56A01000006006B012F0007
:101560000B306B01060014376B010400193C6B0152
:10157000030005406B01030014446B010000194592
:101580006B0100000C506B0109000E5B6B01060043
:1015900006636B011400067D6B01120003406E01AF
:1015A0003F000E806E01160014976E0103000600C6
:1015B0006F014A000B4F6F01000006506F010000E1
:1015C00009516F0136000B8F6F01030005936F0106
:1015D0000C0005E06F01010014E26F01000005E35B
:1015E0006F0100000BE46F01000009F06F010100C2
:1015F00006007001F71706008801D50406008D016A
:10160000080005F0AF01030005F5AF01060005FD78
:10161000AF0101000600B00122010632B101000055
:101620000650B10102000655B10100000664B10187
:1016300003000670B1018B010600BC016A00067050
:10164000BC010C000680BC0108000690BC0109002A
:10165000199CBC0100000B9DBC010100149FBC0142
:10166000000001A0BC0103000B00CF012D000B30D6
:10167000CF0116001950CF0173001900D001F500F9
:101680001900D10126001929D1013B000965D101BA
:1016900001000B67D1010200196AD1010200096D36
:1016A000D10105000173D10107000B7BD1010700B7
:1016B0001983D10101000B85D1010600198CD101DC
:1016C0001D000BAAD101030019AED1013C00190085
:1016D000D20141000B42D20102001945D2010000A3
:1016E0000EC0D20113000EE0D20113001900D30185
:1016F00056000E60D30118000800D4011900041A26
:10170000D40119000834D4011900044ED401060094
:101710000456D40111000868D40119000482D401D0
:101720001900089CD4010000089ED401010008A201
:10173000D401000008A5D401010008A9D4010300C8
:1017400008AED401070004B6D401030004BBD401E1
:10175000000004BDD401060004C5D4010A0008D06D
:10176000D401190004EAD40119000804D5010100CC
:101770000807D5010300080DD50107000816D5019B
:101780000600041ED50119000838D5010100083BE8
:10179000D50103000840D50104000846D50100002A
:1017A000084AD50106000452D5011900086CD5017C
:1017B00019000486D501190008A0D501190004BA42
:1017C000D501190008D4D501190004EED50119007E
:1017D0000808D60119000422D6011900083CD601D8
:1017E00019000456D60119000870D6011900048AA0
:1017F000D6011B0008A8D601180018C1D6010000A8
:1018000004C2D601180018DBD601000004DCD601A2
:10181000050008E2D601180018FBD601000004FC00
:10182000D60118001815D70100000416D7010500CD
:10183000081CD70118001835D70100000436D7015D
:101840001800184FD70100000450D70105000856B2
:10185000D7011800186FD70100000470D7011800D5
:101860001889D7010000048AD70105000890D70124
:10187000180018A9D701000004AAD701180018C33E
:10188000D701000004C4D701050008CAD701000031
:1018900004CBD70100000CCED70131001900D801CC
:1018A000FF010B00DA0136001937DA0103000B3BA8
:1018B000DA013100196DDA0107000B75DA01000059
:1018C0001976DA010D000B84DA0100001985DA01BE
:1018D00001001487DA0104000B9BDA0104000BA15C
:1018E000DA010E000400DF010900060ADF01000032
:1018F000040BDF0113000425DF0105000B00E001EC
:1019000006000B08E00110000B1BE00106000B2392
:10191000E00101000B26E00104000530E0013D007C
:101920000B8FE00100000600E1012C000B30E1010B
:1019300006000537E10106000C40E1010900064EF2
:10194000E1010000194FE10100000690E2011D00D5
:101950000BAEE201000006C0E2012B000BECE2013D
:1019600003000CF0E201090016FFE201000006D0BE
:10197000E4011A0005EBE40100000BECE4010300B4
:101980000CF0E401090006E0E701060006E8E701C3
:10199000030006EDE701010006F0E7010E00060076
:1019A000E801C4000EC7E80108000BD0E8010600FA
:1019B0000300E90143000B44E9010600054BE9017E
:1019C00000000C50E9010900145EE90101000E71EC
:1019D000EC013A0019ACEC0100000EADEC01020084
:1019E00016B0EC0100000EB1EC0103000E01ED0198
:1019F0002C00192EED0100000E2FED010E00060047
:101A0000EE0103000605EE011A000621EE010100B9
:101A10000624EE0100000627EE0100000629EE0173
:101A200009000634EE0103000639EE010000063B12
:101A3000EE0100000642EE0100000647EE01000044
:101A40000649EE010000064BEE010000064DEE01D6
:101A500002000651EE0101000654EE010000065797
:101A6000EE0100000659EE010000065BEE010000E9
:101A7000065DEE010000065FEE0100000661EE016A
:101A800001000664EE0100000667EE010300066C2B
:101A9000EE0106000674EE0103000679EE01030074
:101AA000067EEE0100000680EE010900068BEE01C5
:101AB000100006A1EE01020006A5EE01040006AB2F
:101AC000EE01100018F0EE0101001900F0012B00EA
:101AD0001930F001630019A0F0010E0019B1F001F6
:101AE0000E0019C1F0010E0019D1F00124000E0002
:101AF000F1010C00190DF101A00019E6F1011C0023
:101B00001910F2012B001940F20108001950F201DE
:101B100001001960F20105001900F301FA0017FB3A
:101B2000F30104001900F401D70219DCF6011000DA
:101B300019F0F6010C001900F7017600197BF70186
:101B40005E0019E0F7010B0019F0F7010000190021
:101B5000F8010B001910F80137001950F8010900BD
:101B60001960F80127001990F8011D0019B0F8015B
:101B700001001900F90153011960FA010D001970F3
:101B8000FA010C001980FA0108001990FA012D00E1
:101B900019BFFA01060019CEFA010D0019E0FA0189
:101BA000080019F0FA0108001900FB0192001994CD
:101BB000FB0136000CF0FB01090006000002DFA665
:101BC0000600A70239100640B702DD000620B80261
:101BD000811606B0CE02301D0600F8021D02060076
:101BE00000034A13065013035F100101000E0000AA
:101BF0000120000E5F000B00010EEF00303030308E
:101C00003030303030303030303030302020202014
:101C10002020202020202020202020200000000044
:081C200030E6FD7F0100000029
:101C2800000000000100000033000000434F4E4652
:101C38004947205245510000000000000000000004
:101C4800000000000000000000000000000000008C
:101C5800000000000000000000000000000000007C
:101C6800000000000000000000000000000000006C
:101C7800000000000000000000000000000000005C
:101C8800000000000000000000000000000000004C
:101C980052554E205245510000000000000000003F
:101CA800000000000000000000000000000000002C
:101CB800000000000000000000000000000000001C
:101CC800000000000000000000000000000000000C
:101CD80000000000000000000000000000000000FC
:101CE80000000000000000000000000000000000EC
:101CF80000000000434F4E46494720434E4600002F
:101D080000000000000000000000000000000000CB
:101D180000000000000000000000000000000000BB
:101D280000000000000000000000000000000000AB
:101D3800000000000000000000000000000000009B
:101D4800000000000000000000000000000000008B
:101D5800000000000000000052554E20454E44008F
:101D6800000000000000000000000000000000006B
:101D7800000000000000000000000000000000005B
:101D8800000000000000000000000000000000004B
:101D9800000000000000000000000000000000003B
:101DA800000000000000000000000000000000002B
:101DB8000000000000000000000000005258204110
:101DC800424F5254205245510000000000000000CC
:101DD80000000000000000000000000000000000FB
:101DE80000000000000000000000000000000000EB
:101DF80000000000000000000000000000000000DB
:101E080000000000000000000000000000000000CA
:101E180000000000000000000000000000000000BA
:101E280049444C450000000000000000000000008C
:101E3800000000000000000000000000000000009A
:101E4800000000000000000000000000000000008A
:101E5800000000000000000000000000000000007A
:101E6800000000000000000000000000000000006A
:101E7800000000000000000000000000000000005A
:101E880000000000434F4E4649475552494E47000F
:101E9800000000000000000000000000000000003A
:101EA800000000000000000000000000000000002A
:101EB800000000000000000000000000000000001A
:101EC800000000000000000000000000000000000A
:101ED80000000000000000000000000000000000FA
:101EE8000000000000000000524541445900000075
:101EF80000000000000000000000000000000000DA
:101F080000000000000000000000000000000000C9
:101F180000000000000000000000000000000000B9
:101F280000000000000000000000000000000000A9
:101F38000000000000000000000000000000000099
:101F480000000000000000000000000052554E0094
:101F58000000000000000000000000000000000079
:101F68000000000000000000000000000000000069
:101F78000000000000000000000000000000000059
:101F88000000000000000000000000000000000049
:101F98000000000000000000000000000000000039
:101FA8000000000000000000000000000000000029
:101FB800FFFFFFFFFFFFFFFFFFFFFFFF0000000025
:101FC8000000000000000000000000000000000009
:101FD80000000000000000000000000000000000F9
:101FE80000000000000000000000000000000000E9
:101FF80000000000000000000000000000000000D9
:1020080000000000000000000000000000000000C8
:1020180000000000000000000000000000000000B8
:1020280000000000000000000000000000000000A8
:102038000000000000000000000000000000000098
:102048000000000000000000000000000000000088
:102058000000000000000000000000000000000078
:102068000000000000000000000000000000000068
:102078000000000000000000000000000000000058
:102088000000000000000000000000000000000048
:102098000000000000000000000000000000000038
:1020A8000000000000000000000000000000000028
:1020B800F82300200024F40033740008993D000838
:1020C800F13C00087D3B0008653C0008000000006A
:1020D800030000006C200020430000000000000006
:1020E80000000000000000000000000000000000E8
:1020F8000000000000000000430000000000000095
:1021080000000000000000000000000000000000C7
:102118000000000000000000430000000000000074
:1021280000000000000000000000000000000000A7
:102138000000000000000000430000000000000054
:102148000000000000000000000000000000000087
:102158000000000000000000430000000000000034
:102168000000000000000000000000000000000067
:102178000000000000000000430000000000000014
:102188000000000000000000000000000000000047
:1021980000000000000000004300000000000000F4
:1021A8000000000000000000000000000000000027
:1021B8000000000000000000450B0108F1EC0008D9
:1021C8000000000008AF010888AB0108DCAC01087A
:1021D800DCAC0108DCAC0108DCAC0108DCAC0108B3
:1021E800DCAC0108DCAC0108DCAC0108DCAC0108A3
:1021F800FFFFFFFFFFFFFFFFFFFFFFFFFFFF0000E5
:10220800010041534349490000000000000000005C
:1022180000000000000000000000000000000000B6
:10222800000041534349490000000000000000003D
:102238000000000000000000000000000000000096
:1022480000000000F0070020000000006C200020C3
:10225800D42000203C2100200000000000000000E5
:102268000000000000000000000000000000000066
:102278000000000000000000000000000000000056
:102288000000000000000000000000000000000046
:102298000000000000000000000000000000000036
:1022A8000000000000000000000000000000000026
:1022B8000000000000000000000000000000000016
:1022C8000000000000000000000000000000000006
:1022D80000000000000000000000000000000000F6
:1022E80001000000000000000E33CDAB34126DE693
:1022F800ECDE05000B0000000000000000000000FC
:1023080000000000000000000000000000000000C5
:1023180000000000000000000000000000000000B5
:1023280000000000000000000000000000000000A5
:102338000000000000000000000000000000000095
:102348000000000000000000000000000000000085
:102358000000000000000000000000000000000075
:102368000000000000000000000000000000000065
:102378000000000000000000000000000000000055
:102388000000000000000000FFFFFFFF0000020047
:102398000000000000000000380900203809002073
:1023A8004009002040090020480900204809002071
:1023B8005009002050090020580900205809002021
:1023C80060090020600900206809002068090020D1
:1023D8007009002070090020780900207809002081
:1023E8008009002080090020880900208809002031
:1023F80090090020900900209809002098090020E1
:10240800A0090020A0090020A8090020A809002090
:10241800B0090020B0090020B8090020B809002040
:10242800C0090020C0090020C8090020C8090020F0
:10243800D0090020D0090020D8090020D8090020A0
:10244800E0090020E0090020E8090020E809002050
:10245800F0090020F0090020F8090020F809002000
:10246800000A0020000A0020080A0020080A0020AC
:10247800100A0020100A0020180A0020180A00205C
:10248800200A0020200A0020280A0020280A00200C
:10249800300A0020300A0020380A0020380A0020BC
:1024A800400A0020400A0020480A0020480A00206C
:1024B800500A0020500A0020580A0020580A00201C
:1024C800600A0020600A0020680A0020680A0020CC
:1024D800700A0020700A0020780A0020780A00207C
:1024E800800A0020800A0020880A0020880A00202C
:1024F800900A0020900A0020980A0020980A0020DC
:10250800A00A0020A00A0020A80A0020A80A00208B
:10251800B00A0020B00A0020B80A0020B80A00203B
:10252800C00A0020C00A0020C80A0020C80A0020EB
:10253800D00A0020D00A0020D80A0020D80A00209B
:10254800E00A0020E00A0020E80A0020E80A00204B
:10255800F00A0020F00A0020F80A0020F80A0020FB
:10256800000B0020000B0020080B0020080B0020A7
:10257800100B0020100B0020180B0020180B002057
:10258800200B0020200B0020280B0020280B002007
:10259800300B0020300B0020380B0020380B0020B7
:1025A800400B0020400B0020480B0020480B002067
:1025B800500B0020500B0020580B0020580B002017
:1025C800600B0020600B0020680B0020680B0020C7
:1025D800700B0020700B0020780B0020780B002077
:1025E800800B0020800B0020880B0020880B002027
:1025F800900B0020900B0020980B0020980B0020D7
:10260800A00B0020A00B0020A80B0020A80B002086
:10261800B00B0020B00B0020B80B0020B80B002036
:10262800C00B0020C00B0020C80B0020C80B0020E6
:10263800D00B0020D00B0020D80B0020D80B002096
:10264800E00B0020E00B0020E80B0020E80B002046
:10265800F00B0020F00B0020F80B0020F80B0020F6
:10266800000C0020000C0020080C0020080C0020A2
:10267800100C0020100C0020180C0020180C002052
:10268800200C0020200C0020280C0020280C002002
:10269800300C0020300C0020380C0020380C0020B2
:1026A800400C0020400C0020480C0020480C002062
:1026B800500C0020500C0020580C0020580C002012
:1026C800600C0020600C0020680C0020680C0020C2
:1026D800700C0020700C0020780C0020780C002072
:1026E800800C0020800C0020880C0020880C002022
:1026F800900C0020900C0020980C0020980C0020D2
:10270800A00C0020A00C0020A80C0020A80C002081
:10271800B00C0020B00C0020B80C0020B80C002031
:10272800C00C0020C00C0020C80C0020C80C0020E1
:10273800D00C0020D00C0020D80C0020D80C002091
:10274800E00C0020E00C0020E80C0020E80C002041
:10275800F00C0020F00C0020F80C0020F80C0020F1
:10276800000D0020000D0020080D0020080D00209D
:10277800100D0020100D0020180D0020180D00204D
:10278800200D0020200D0020280D0020280D0020FD
:10279800300D0020300D00202D02000889060008A9
:1027A800290C00081112000861230008912700086D
:0827B8009D6B000805020008FA
:04000005080043CDDF
:00000001FF
